Ax_Mean,Ax_Std,Ax_Variance,Ax_RMS,Ax_Maximum,Ax_Minimum,Ax_Peak_to_Peak,Ay_Mean,Ay_Std,Ay_Variance,Ay_RMS,Ay_Maximum,Ay_Minimum,Ay_Peak_to_Peak,Az_Mean,Az_Std,Az_Variance,Az_RMS,Az_Maximum,Az_Minimum,Az_Peak_to_Peak,Gx_Mean,Gx_Std,Gx_Variance,Gx_RMS,Gx_Maximum,Gx_Minimum,Gx_Peak_to_Peak,Gy_Mean,Gy_Std,Gy_Variance,Gy_RMS,Gy_Maximum,Gy_Minimum,Gy_Peak_to_Peak,Gz_Mean,Gz_Std,Gz_Variance,Gz_RMS,Gz_Maximum,Gz_Minimum,Gz_Peak_to_Peak,AccelMag_Mean,AccelMag_Std,AccelMag_Variance,AccelMag_RMS,AccelMag_Maximum,AccelMag_Minimum,AccelMag_Peak_to_Peak,GyroMag_Mean,GyroMag_Std,GyroMag_Variance,GyroMag_RMS,GyroMag_Maximum,GyroMag_Minimum,GyroMag_Peak_to_Peak,Label,File,Label_ID
0.2992999999999999,1.023082846107782,1.04669851,1.065963883065463,2.91,-2.63,5.54,-0.7071000000000001,1.2141015567076752,1.47404259,1.4050028469722045,2.9,-4.31,7.209999999999999,10.0276,1.1705803005347388,1.3702582399999996,10.095693141136966,13.58,5.65,7.93,-0.0498,0.1288097822372198,0.01659196,0.1381014120130565,0.46,-0.34,0.8,0.0303,0.0686943229095388,0.00471891,0.0750799573787838,0.17,-0.36,0.53,-0.0104,0.024694938752708,0.00060984,0.0267955220139485,0.09,-0.13,0.22,10.174902215193812,1.2266608786637048,1.504696911244012,10.248577071964672,13.98919940525547,5.67261844301201,8.31658096224346,0.1281051078591742,0.0949530480837205,0.0090160813403893,0.1594584585401476,0.4920365840057017,0.0244948974278317,0.46754168657787,Minor_Fault,Minor_fault_001_window_001.csv,1
0.2996999999999999,1.4220966598652849,2.02235891,1.453333753822569,2.91,-4.02,6.93,-0.8092000000000001,1.482801186943145,2.1986993599999995,1.6892317780577064,2.72,-4.79,7.51,10.0084,1.709224221686552,2.92144744,10.153300842583166,14.86,3.85,11.01,-0.0455999999999999,0.1604887535000505,0.0257566399999999,0.1668412419037931,0.46,-0.36,0.8200000000000001,0.0328,0.0845113010194494,0.00714216,0.090653185272223,0.23,-0.36,0.59,-0.0089,0.032799237796022,0.0010757899999999,0.0339852909359328,0.09,-0.13,0.22,10.255192285168366,1.6988914604009404,2.8862321942232403,10.394960365484806,15.11562436685961,4.294007452252499,10.82161691460711,0.1679893477209567,0.0948081170168857,0.0089885790522875,0.192896345221987,0.4920365840057017,0.01,0.4820365840057017,Minor_Fault,Minor_fault_001_window_002.csv,1
0.2190999999999999,1.303465454087679,1.6990221899999995,1.3217514895017142,2.63,-4.02,6.65,-0.4757999999999999,1.5093026071666342,2.27799436,1.5825233015662044,3.36,-4.79,8.15,9.8885,1.5844054878723437,2.51034075,10.014627951152256,14.86,3.85,11.01,-0.0441999999999999,0.1555003536973469,0.0241803599999999,0.1616601373251922,0.43,-0.36,0.79,0.0364,0.0754787387282008,0.00569704,0.0837973746605465,0.23,-0.15,0.38,-0.0039,0.029795805073869,0.00088779,0.0300499584026334,0.09,-0.12,0.21,10.106396257342718,1.5507851848560752,2.4049346895690915,10.22468483621867,15.11562436685961,4.294007452252499,10.82161691460711,0.1587034580809944,0.0941924221640681,0.008872212393134,0.18455080601287,0.4414748010928823,0.01,0.4314748010928823,Minor_Fault,Minor_fault_001_window_003.csv,1
0.2375999999999999,1.397492840768782,1.95298624,1.4175471773454316,6.34,-3.81,10.15,-0.7051000000000001,1.68362851900293,2.83460499,1.825313945599496,4.84,-5.81,10.65,10.172300000000002,3.0549339943769653,9.33262171,10.621125599483324,19.61,-0.88,20.49,-0.0825999999999999,0.168318864064608,0.0283312399999999,0.1874939999039969,0.43,-0.73,1.16,0.0427,0.0933151113164422,0.0087077099999999,0.1026206606877971,0.52,-0.25,0.77,-0.011,0.03609709129556,0.001303,0.0377359245282264,0.16,-0.12,0.28,10.47548474859882,2.9006446321246573,8.413739281873589,10.86966052827778,20.656904414747142,2.998699718211212,17.658204696535932,0.1666167835874818,0.1390965399532361,0.0193478474269622,0.217046078057172,0.8998333178983761,0.0141421356237309,0.8856911822746452,Minor_Fault,Minor_fault_002_window_001.csv,1
0.1932999999999999,1.6782896382925083,2.8166561099999994,1.689384799268657,6.34,-5.57,11.91,-0.8764,1.7933597073649223,3.21613904,1.9960500995716517,4.84,-6.0,10.84,9.655,3.1835597999723517,10.135052999999996,10.166320770072131,19.61,-3.57,23.18,-0.048,0.2026376075658218,0.041062,0.2082450479603296,0.74,-0.81,1.55,0.0243,0.1144225065273436,0.0130925099999999,0.1169743561640755,0.29,-0.6,0.8899999999999999,-0.0093,0.0582795847617328,0.00339651,0.059016946718718,0.18,-0.39,0.5700000000000001,10.111084901574038,2.821041848885183,7.958277113161533,10.49725273583522,20.656904414747142,2.7193565415369862,17.937547873210157,0.1865322953597538,0.1604297440870039,0.0257377027878215,0.2460325181759517,0.92097774131626,0.02,0.90097774131626,Minor_Fault,Minor_fault_002_window_002.csv,1
-0.1337999999999999,2.1633186450451536,4.67994756,2.167452421623137,6.28,-7.57,13.85,-0.8619,1.438491359028618,2.06925739,1.6769403686476154,3.25,-6.0,9.25,9.6964,3.4143223397916014,11.657597039999995,10.279969357930986,19.61,-3.57,23.18,-0.0011,0.1930279513438403,0.0372597899999999,0.1930310855794993,0.76,-0.81,1.57,0.0019999999999999,0.1351665639128257,0.0182699999999999,0.1351813596617521,0.29,-0.63,0.92,-0.0061999999999999,0.0711305841393138,0.0050595599999999,0.0714002801114953,0.28,-0.39,0.67,10.199147928644004,3.027396658787337,9.165130529636734,10.638973117740264,20.5943535950998,2.3135470602518557,18.28080653484794,0.1736677118381335,0.174563816024132,0.030472525864907,0.2462376900476448,1.0261091559868276,0.01,1.0161091559868276,Minor_Fault,Minor_fault_002_window_003.csv,1
0.1993999999999999,1.3321147247891223,1.77452964,1.3469558270411095,7.08,-2.38,9.46,-0.5903999999999998,1.945838595567474,3.78628784,2.033435516558123,5.29,-7.67,12.96,9.7485,2.938083856869984,8.63233675,10.181629977562531,19.61,-0.39,20.0,-0.0408,0.1542509643405836,0.02379336,0.1595556329309623,0.48,-0.48,0.96,0.0331,0.1084407211337143,0.0117593899999999,0.1133798923971971,0.46,-0.54,1.0,-0.0119,0.0295531724185407,0.00087339,0.0318590646441479,0.07,-0.1,0.17,10.106728608582664,2.732906114826622,7.46877583245674,10.469705774280383,20.959508582025485,2.6775735284021613,18.281935053623325,0.1522856657741208,0.1270317912954578,0.0161370759997327,0.1983128840998486,0.7258787777583803,0.0244948974278317,0.7013838803305485,Minor_Fault,Minor_fault_003_window_001.csv,1
0.2643,1.3657988541509325,1.86540651,1.3911365856737432,7.08,-2.54,9.62,-0.376,1.7402850341251574,3.0285920000000006,1.7804403949585057,5.29,-4.24,9.53,9.9636,2.601349080765594,6.767017040000001,10.297589135326772,19.61,2.63,16.98,-0.0266,0.1703538669945593,0.02902044,0.1724180964980184,0.6,-0.48,1.08,0.029,0.0932469838654312,0.008695,0.0976524449258696,0.46,-0.45,0.91,-0.0116,0.0299239034886827,0.00089544,0.0320936130717624,0.07,-0.11,0.18,10.224634939788244,2.5695157808547173,6.602411348061429,10.54255998322988,20.959508582025485,2.6775735284021613,18.281935053623325,0.146923288626121,0.1367755360409364,0.0187075472592855,0.2007336543781336,0.7580237463298891,0.01,0.7480237463298891,Minor_Fault,Minor_fault_003_window_002.csv,1
0.0550999999999999,1.1677212809570614,1.3635729900000002,1.1690205301875582,4.26,-4.05,8.309999999999999,-0.4492000000000001,1.7510714891174488,3.0662513599999994,1.8077698968618765,4.17,-8.29,12.46,9.8795,2.9973636332617373,8.984188750000001,10.324180790745578,19.61,-2.56,22.17,-0.0456999999999999,0.1672259250236039,0.0279645099999999,0.1733580110638098,0.6,-0.5,1.1,0.0298,0.0828007246345103,0.00685596,0.088,0.22,-0.45,0.67,-0.0056,0.0282602193905142,0.0007986399999999,0.0288097205817758,0.07,-0.11,0.18,10.249685002936175,2.483406398595539,6.167307340585263,10.54624814803824,20.24290739987712,4.191718024867607,16.051189375009514,0.1500110183354999,0.1269791100061199,0.0161236943779463,0.1965375282229834,0.7580237463298891,0.01,0.7480237463298891,Minor_Fault,Minor_fault_003_window_003.csv,1
0.0814999999999999,1.4386079208735087,2.0695927499999995,1.4409146400810842,3.05,-4.63,7.68,0.0071,1.9224600359955468,3.69585259,1.922473146756542,7.35,-9.58,16.93,9.3243,2.5715926018714548,6.613088509999999,9.67241743309293,19.18,-0.8,19.98,-0.0423,0.1624798756769588,0.02639971,0.1678958010195609,0.49,-0.61,1.1,0.0147,0.1256141313706383,0.0157789099999999,0.1264713406270369,0.35,-0.69,1.04,-0.0017,0.0401510896489746,0.00161211,0.0401870625948202,0.2,-0.11,0.31,9.72476616350284,2.1809906155667536,4.756720065190248,9.966333177252304,19.335131238240923,1.5314698821720265,17.803661356068897,0.1605513535728737,0.1415000454626007,0.020022262865918,0.2140070092310062,0.7387827826905551,0.0141421356237309,0.7246406470668242,Minor_Fault,Minor_fault_004_window_001.csv,1
-0.2793,1.9032026980855192,3.62218051,1.923587533750414,3.75,-5.29,9.04,-0.2426,2.00974755628661,4.03908524,2.0243369284780632,7.35,-9.58,16.93,9.0333,3.14452796298586,9.88805611,9.56496549915367,19.18,-2.65,21.83,-0.0802,0.1910025130724724,0.03648196,0.2071569453337251,0.47,-0.59,1.06,0.0209,0.1448730133599767,0.02098819,0.1463728116830445,0.35,-0.69,1.04,-0.0003,0.0576793723960308,0.0033269099999999,0.0576801525656789,0.2,-0.29,0.49,9.623393979589627,2.583985741755952,6.676982313598057,9.96427087146872,19.335131238240923,1.5314698821720265,17.803661356068897,0.213284503307679,0.1489151458005419,0.0221757206487966,0.2601268921122919,0.7387827826905551,0.0223606797749978,0.7164221029155572,Minor_Fault,Minor_fault_004_window_002.csv,1
-0.1441,1.7023590073777033,2.8980261899999995,1.708446955571053,3.75,-5.29,9.04,0.0216,1.3304350566637968,1.77005744,1.3306103862513623,4.24,-3.47,7.710000000000001,9.3822,2.651722677807768,7.03163316,9.749733842521035,17.69,-2.65,20.34,-0.0729,0.1646104188683085,0.0270965899999999,0.1800305529625458,0.31,-0.59,0.8999999999999999,0.0297,0.1028538283196109,0.01057891,0.1070560600806885,0.34,-0.33,0.67,-0.0049,0.0494670597468658,0.0024469899999999,0.0497091540865462,0.11,-0.29,0.3999999999999999,9.722633317540692,2.284081078387464,5.217026372647639,9.987323214956048,17.734319834715965,2.12266342127055,15.611656413445417,0.1717371674777285,0.1298050280487108,0.0168493453067266,0.2152742436985902,0.599749947894954,0.0223606797749978,0.5773892681199561,Minor_Fault,Minor_fault_004_window_003.csv,1
0.1108,1.5526021254655038,2.41057336,1.556550673765554,4.21,-3.43,7.640000000000001,0.162,1.5462832858179645,2.3909920000000007,1.5547462815520736,4.24,-9.17,13.41,9.2856,2.763057118483077,7.634484640000002,9.687974607728904,17.69,-9.0,26.69,-0.0171,0.1476299088938281,0.02179459,0.1486169573097229,0.79,-0.27,1.06,0.0167,0.0774603769678407,0.0060001099999999,0.0792401413426301,0.26,-0.33,0.5900000000000001,-0.0099,0.0286529230620542,0.00082099,0.0303150127824482,0.1,-0.08,0.18,9.730334939645624,2.004375204973256,4.017519962311581,9.934633259461568,17.734319834715965,2.4229527440707543,15.311367090645213,0.129607735729707,0.1117445069746983,0.0124868348390184,0.1711286066091815,0.8125269226308751,0.0244948974278317,0.7880320252030434,Minor_Fault,Minor_fault_004_window_004.csv,1
0.3419,1.959875860864662,3.84111339,1.9894745537452847,8.39,-4.02,12.41,0.4529000000000001,2.1173900420092657,4.48334059,2.165284969697984,4.94,-7.2,12.14,9.9695,2.1175336479026727,4.483948750000001,10.191902619236508,19.61,1.17,18.44,-0.0391999999999999,0.2099365618466683,0.04407336,0.2135649784023588,0.64,-0.39,1.03,0.0245,0.1008798790641622,0.0101767499999999,0.1038123306741544,0.27,-0.22,0.49,-0.0115,0.0434137075127199,0.00188475,0.0449110231457712,0.14,-0.11,0.25,10.397356960873424,2.1015030878342693,4.416315228176969,10.607607977296292,20.476862552647077,4.8396900727216,15.637172479925477,0.2034427460116368,0.1304417459835792,0.0170150490952446,0.2416691953890689,0.6688049042882386,0.0282842712474619,0.6405206330407767,Minor_Fault,Minor_fault_005_window_001.csv,1
0.1783999999999999,1.665418097655961,2.77361744,1.6749459692778152,4.02,-3.83,7.85,0.1133,2.2254698627480893,4.95271611,2.228352081696248,5.53,-4.21,9.74,9.9258,1.4406,2.0753283599999994,10.029797306027676,19.33,6.51,12.82,0.0121,0.2288374750778377,0.05236659,0.2291571513176056,0.54,-0.7,1.24,0.0046999999999999,0.1069247866493078,0.01143291,0.1070280337107993,0.44,-0.2,0.64,-0.0052,0.0381439379194125,0.00145496,0.0384967531098403,0.11,-0.1,0.21,10.29929192727512,1.514072916594695,2.2924167967655658,10.409987079723011,19.76187744117446,6.524860151758044,13.237017289416414,0.2148412736671324,0.1389000616597569,0.0192932271290842,0.2558319761093207,0.7286288492778747,0.0282842712474619,0.7003445780304128,Minor_Fault,Minor_fault_005_window_002.csv,1
-0.1206,2.221154123423226,4.93352564,2.22442576859737,4.02,-6.39,10.41,-0.4689000000000001,2.510769561309839,6.30396379,2.554179124493817,6.3,-8.03,14.329999999999998,9.7107,1.8578747293614817,3.4516985099999986,9.886829269285476,19.33,0.03,19.3,-0.0358,0.2729218935886237,0.07448636,0.2752598772069769,0.51,-0.7,1.21,0.0225,0.1414734957509709,0.02001475,0.1432515270424717,0.44,-0.45,0.89,-0.0088,0.0453933915895254,0.00206056,0.0462385120867875,0.16,-0.14,0.3,10.31705858261299,1.6672121049619415,2.779596202931629,10.450899195763013,19.76187744117446,7.342649385610074,12.419228055564384,0.2725685264372821,0.1553492787102941,0.0241333983958086,0.3137307763035051,0.7286288492778747,0.058309518948453,0.6703193303294217,Minor_Fault,Minor_fault_005_window_003.csv,1
0.2337,1.4070910809183603,1.97990531,1.426366362474943,5.78,-4.73,10.510000000000002,-0.1098999999999999,1.527242282678161,2.33246899,1.5311913662243528,3.94,-5.36,9.3,10.0358,2.249368435805926,5.059658359999999,10.284791684813063,19.61,4.69,14.919999999999998,-0.0475999999999999,0.1294767932874459,0.01676424,0.1379492660364672,0.37,-0.36,0.73,0.0395999999999999,0.0704119308072147,0.00495784,0.0807836617144828,0.27,-0.16,0.43,-0.01,0.0246576560118759,0.000608,0.0266082693913001,0.05,-0.11,0.16,10.253598621010036,2.2404739050524816,5.019723319221117,10.495523236123104,21.13504435765395,5.999441640686239,15.13560271696771,0.138566672189422,0.0840433064458392,0.0070632773583492,0.1620617166390631,0.3906404996924922,0.02,0.3706404996924922,Minor_Fault,Minor_fault_006_window_001.csv,1
0.1695,1.2454311502447657,1.5510987500000002,1.2569124870093382,3.88,-4.73,8.61,-0.0297,1.3655558977940083,1.86474291,1.3658788379647735,3.94,-3.62,7.56,9.8432,1.891684371135946,3.57846976,10.02332559582896,16.73,4.69,12.04,-0.0426,0.1039193918380972,0.01079924,0.1123120652467935,0.23,-0.3,0.53,0.0286,0.0610740534105932,0.00373004,0.0674388612003494,0.19,-0.21,0.4,-0.0092,0.0233529441398723,0.00054536,0.0250998007960222,0.05,-0.11,0.16,10.032392033614366,1.806549219886072,3.2636200838709755,10.193748574494077,17.539124835635327,5.999441640686239,11.539683194949088,0.1148135136941346,0.0678959282520444,0.0046098570732067,0.1333866560042645,0.3171750305430741,0.0141421356237309,0.3030328949193431,Minor_Fault,Minor_fault_006_window_002.csv,1
0.2718,1.251055058740422,1.5651387600000002,1.280239821283497,3.22,-2.97,6.19,-0.2994,1.3267055588939094,1.7601476400000002,1.3600691158908065,4.8,-4.27,9.07,10.0204,2.156963105850445,4.652489839999999,10.24992224360751,16.9,-0.26,17.16,-0.0672,0.1180091521874469,0.01392616,0.1358013254721764,0.22,-0.43,0.65,0.0418,0.072116294968613,0.00520076,0.0833546639366988,0.39,-0.21,0.6,-0.0048,0.0351135301557675,0.00123296,0.0354400902933387,0.2,-0.09,0.29,10.218147830932828,2.0344932797143334,4.1391629052027845,10.418719115131188,17.62540779670076,2.2252415599210797,15.40016623677968,0.1333594974567314,0.0941341831540915,0.008861244438088,0.1632360254355637,0.5860034129593444,0.0141421356237309,0.5718612773356135,Minor_Fault,Minor_fault_006_window_003.csv,1
0.0320999999999999,1.099428301436706,1.2087425900000002,1.0998968133420517,2.34,-2.99,5.33,0.0702,1.28710681763403,1.65664396,1.2890197826255425,3.23,-3.04,6.27,9.4364,2.1210683723067487,4.49893104,9.671844498336396,13.38,0.73,12.65,-0.0581,0.1540110061002135,0.02371939,0.1646055892125173,0.32,-0.5,0.8200000000000001,0.0336,0.0457278908326198,0.0020910399999999,0.0567450438364444,0.21,-0.08,0.29,-0.0076999999999999,0.0268274113548064,0.00071971,0.0279105714739057,0.07,-0.09,0.16,9.625677559626132,1.939652679762503,3.762252518109859,9.819160911198065,13.523864092780585,1.8810901094843917,11.642773983296191,0.1420334844093518,0.1045011450010879,0.0109204893065384,0.1763349086256037,0.503189825016365,0.0141421356237309,0.489047689392634,Minor_Fault,Minor_fault_007_window_001.csv,1
0.1681,1.345851919789098,1.81131739,1.356309330499499,5.79,-3.4,9.19,0.143,1.5089045695470604,2.276793,1.5156655303859092,4.62,-4.05,8.67,9.441,2.5720277992276834,6.615327000000001,9.785080888781655,19.61,-0.31,19.92,-0.0659,0.1567360520110162,0.0245661899999999,0.1700264685276972,0.34,-0.57,0.91,0.0377,0.0785092988123063,0.00616371,0.087091905479212,0.43,-0.32,0.75,-0.0105,0.0328443297998299,0.0010787499999999,0.0344818792991333,0.07,-0.24,0.31,9.72106191041479,2.3206853155658105,5.3855803338827855,9.994229585115605,20.571431646825168,1.8810901094843917,18.690341537340775,0.1599101952724559,0.1100533027579137,0.012111729447925,0.1941210962260413,0.7532595834106592,0.0173205080756887,0.7359390753349705,Minor_Fault,Minor_fault_007_window_002.csv,1
0.2058,1.3962715924919478,1.94957436,1.4113567940106428,5.79,-3.51,9.3,0.0197,1.4658475057112863,2.14870891,1.4659798770788088,4.62,-4.37,8.99,9.6232,2.1971594753226267,4.82750976,9.870840288445558,19.61,-0.31,19.92,-0.0566,0.1361559400099753,0.01853844,0.147451687002896,0.36,-0.57,0.93,0.0301,0.0915695910223475,0.00838499,0.0963898334888073,0.43,-0.32,0.75,-0.0111,0.0296275209897824,0.0008777899999999,0.0316385840391127,0.06,-0.24,0.3,9.880802962720004,1.9860125407216247,3.944245811903565,10.078418179456536,20.571431646825168,3.915354390090379,16.65607725673479,0.145487124111793,0.1042472863804124,0.0108674967176797,0.1789804458593172,0.7532595834106592,0.0141421356237309,0.7391174477869283,Minor_Fault,Minor_fault_007_window_003.csv,1
0.2805999999999999,1.5421003988067703,2.37807364,1.5674214493874965,5.85,-3.78,9.63,0.0891,1.5861866819514026,2.51598819,1.5886871938805325,6.85,-5.18,12.03,9.8508,3.0178070448588987,9.10715936,10.302689940010811,19.61,-1.88,21.49,-0.0482,0.165845590836778,0.02750476,0.1727078457974622,0.5,-0.64,1.14,0.0272999999999999,0.0937321182946379,0.00878571,0.0976268405716378,0.27,-0.35,0.62,-0.0061,0.0525337034673932,0.00275979,0.0528866712887094,0.22,-0.23,0.45,10.176938898924153,2.7488309601655163,7.556071647564474,10.541639198910197,20.48648823005056,4.00731830530094,16.47916992474962,0.1594915143787951,0.1292998717754916,0.0167184568411585,0.205319263587224,0.7121797525905942,0.02,0.6921797525905942,Minor_Fault,Minor_fault_008_window_001.csv,1
0.4131000000000001,1.6261240389342997,2.6442793899999995,1.677775610741794,5.85,-3.78,9.63,0.2136,1.5774108659445707,2.48822504,1.5918071491232848,6.85,-3.91,10.76,9.8422,2.9297585497784624,8.583485159999999,10.269001217255749,19.61,-1.88,21.49,-0.0595,0.1757348855520724,0.03088275,0.1855343633939546,0.5,-0.64,1.14,0.037,0.0961717214153932,0.009249,0.1030436800585072,0.25,-0.35,0.6,-0.0023,0.0563534382269617,0.0031757099999999,0.0564003546088143,0.22,-0.23,0.45,10.178654216051632,2.6825669330054644,7.196165350054344,10.52621332673816,20.48648823005056,4.00731830530094,16.47916992474962,0.174318753467714,0.1335476401493578,0.0178349721894623,0.2195950819121412,0.7121797525905942,0.0141421356237309,0.6980376169668633,Minor_Fault,Minor_fault_008_window_002.csv,1
0.2807,1.5055452533882865,2.26666651,1.5314891445909764,3.34,-3.82,7.16,0.0409999999999999,1.4506271057718452,2.104319,1.451206394693739,3.82,-4.81,8.629999999999999,9.949199999999998,2.4870965723107736,6.18564936,10.255351286035989,19.49,1.8,17.689999999999998,-0.0447999999999999,0.1678897257130405,0.0281869599999999,0.1737642080521763,0.85,-0.5,1.35,0.0249,0.0865273945060175,0.00748699,0.0900388804905969,0.25,-0.27,0.52,-0.0076,0.0538353044014798,0.00289824,0.0543691088762727,0.18,-0.29,0.47,10.184091848628764,2.4306300044830293,5.907962218693171,10.470133189219704,20.43498470760377,2.8955483073159045,17.539436400287865,0.1559978034174452,0.1300833783729962,0.0169216853289321,0.2031181921936093,0.8573214099741122,0.0141421356237309,0.8431792743503813,Minor_Fault,Minor_fault_008_window_003.csv,1
0.2102,1.4964250599345097,2.2392879600000004,1.5111161437824692,2.91,-4.55,7.46,-0.1836999999999999,1.5297435438660951,2.34011531,1.5407339160283324,3.53,-4.92,8.45,9.7997,2.993600325694798,8.96164291,10.246744019443446,19.49,-1.99,21.48,-0.0367999999999999,0.1663903843375571,0.0276857599999999,0.1704112672331263,0.85,-0.5,1.35,0.0282,0.0783119403411765,0.00613276,0.0832346081867392,0.25,-0.27,0.52,-0.0122,0.0484268520554454,0.00234516,0.049939963956735,0.18,-0.29,0.47,10.112875781328734,2.7171380957571327,7.3828394314146975,10.471537422938429,20.43498470760377,2.8128633098677227,17.62212139773605,0.144695053878633,0.1323833123284784,0.0175253413830594,0.1961173118314648,0.8573214099741122,0.0141421356237309,0.8431792743503813,Minor_Fault,Minor_fault_008_window_004.csv,1
0.1365,1.3240508864843528,1.7531107500000005,1.331068367890996,4.42,-2.85,7.27,0.2927999999999999,1.7599341351311986,3.0973681600000003,1.7841244351221694,4.81,-3.36,8.17,9.7906,2.306295653206674,5.31899964,10.058570872643887,19.61,3.76,15.85,-0.0486999999999999,0.2230858803241478,0.04976731,0.2283396592797668,0.99,-0.68,1.67,0.0252,0.0910217556411652,0.00828496,0.0944457516249407,0.26,-0.31,0.5700000000000001,-0.0068,0.0442239753979671,0.00195576,0.0447437146423941,0.1,-0.25,0.35,10.048958064514954,2.268949716855773,5.148132817619892,10.301926567395052,20.11003232220177,3.775195359183416,16.334836963018354,0.1890845129675706,0.165251465820478,0.0273080469558166,0.2511194934687468,1.0642368157510809,0.0141421356237309,1.05009468012735,Minor_Fault,Minor_fault_009_window_001.csv,1
-0.0093999999999999,1.7360477067177618,3.01386164,1.7360731551406463,4.42,-6.01,10.43,0.5603000000000001,2.4703438849682446,6.10259891,2.5330880363698376,7.63,-4.49,12.12,9.9095,2.758961534708304,7.61186875,10.28640165461178,19.61,1.48,18.13,-0.0565,0.2605662103957457,0.0678947499999999,0.2666214545005709,0.99,-0.68,1.67,0.0279,0.1252061899428299,0.01567659,0.128277043932264,0.32,-0.31,0.63,-0.0138,0.0466857579996298,0.00217956,0.0486826457785523,0.08,-0.25,0.33,10.430761782701513,2.5376667694032644,6.4397526325336,10.73501485793103,20.11003232220177,4.253904089186779,15.856128233014992,0.2455349447183199,0.172117956419926,0.0296245909221715,0.2998532974639432,1.0642368157510809,0.0141421356237309,1.05009468012735,Minor_Fault,Minor_fault_009_window_002.csv,1
-0.1796,1.7338165531566485,3.0061198400000007,1.7430938012625714,3.79,-6.01,9.8,0.4265,2.512016868972021,6.310228749999999,2.5479660515791807,7.63,-4.49,12.12,9.5878,2.068402078900521,4.27828716,9.808373769387051,19.61,1.48,18.13,-0.0768,0.2150668733208348,0.04625376,0.2283681238702109,0.5,-0.55,1.05,0.0385999999999999,0.1170898800067708,0.01371004,0.1232882800593795,0.32,-0.3,0.62,-0.0134,0.038294124875756,0.00146644,0.0405709255502015,0.08,-0.17,0.25,10.11408178183366,1.8547379088109588,3.440052710380449,10.282738108111088,19.66225317709036,4.253904089186779,15.40834908790358,0.2273703985199884,0.1315321324880792,0.0173007018768616,0.2626747037687489,0.562316636780382,0.03,0.532316636780382,Minor_Fault,Minor_fault_009_window_003.csv,1
0.1066999999999999,2.044373769641941,4.1794641100000005,2.047156320362468,4.2,-5.03,9.23,-0.2215,1.4376086915430082,2.06671875,1.4545724457722962,2.97,-3.34,6.3100000000000005,9.9091,2.9331416927929,8.603320189999998,10.334098073852406,19.61,-2.05,21.66,-0.0418999999999999,0.1582257564368077,0.0250353899999999,0.1636795650043095,0.56,-0.42,0.98,0.0226999999999999,0.0946346131180341,0.0089557099999999,0.0973190628808148,0.22,-0.21,0.43,-0.011,0.0363730669589464,0.001323,0.038,0.14,-0.14,0.28,10.291632911532025,2.6800195921430925,7.182505014270829,10.634858391158764,20.007343651769467,2.550098037331114,17.457245614438353,0.1642132356711657,0.1036340350966136,0.0107400132304061,0.1941803285608508,0.5688585061331157,0.01,0.5588585061331157,Minor_Fault,Minor_fault_010_window_001.csv,1
-0.0784,2.435617260572769,5.932231439999999,2.4368787413410624,4.96,-7.92,12.88,-0.0552999999999999,1.604318830532136,2.57383891,1.6052716281053496,3.53,-4.56,8.09,9.8712,2.498988307295574,6.244942559999998,10.182609292317958,19.61,-1.86,21.47,-0.0351999999999999,0.1730865679363941,0.02995896,0.176629555850656,0.56,-0.39,0.95,-0.0014999999999999,0.1428241926285599,0.02039875,0.1428320692281673,0.31,-0.73,1.04,-0.0111,0.0523811989171687,0.0027437899999999,0.0535443741209102,0.14,-0.35,0.49,10.370340473509048,2.1579725353905976,4.656845463500125,10.592488234593418,19.91173021110923,2.550098037331114,17.361632173778116,0.1933432448343803,0.1307072671159214,0.0170843896769128,0.2333795192385141,0.8339064695755753,0.0244948974278317,0.8094115721477436,Minor_Fault,Minor_fault_010_window_002.csv,1
-0.1698999999999999,2.7245107799382997,7.42295899,2.729803106452918,5.02,-7.92,12.94,-0.0617,1.765851100744341,3.1182301100000003,1.7669286912606292,3.53,-4.56,8.09,9.664,1.9907365471101397,3.963032,9.86691076274636,19.61,-1.86,21.47,-0.0390999999999999,0.1481829612337397,0.02195819,0.1532546899771749,0.36,-0.37,0.73,-0.0006999999999999,0.1567115503082015,0.02455851,0.1567131136822952,0.36,-0.73,1.09,-0.0142,0.0612075158783625,0.00374636,0.06283311228962,0.13,-0.35,0.48,10.26425713744729,1.604623138422964,2.5748154163623638,10.38892631603478,20.318154443748085,6.5186578373158985,13.799496606432186,0.1930971230474528,0.121274486479213,0.0147075010707968,0.2280219287700198,0.8339064695755753,0.02,0.8139064695755753,Minor_Fault,Minor_fault_010_window_003.csv,1
-0.2073,2.642457891812091,6.98258371,2.650576729694879,5.98,-11.43,17.41,-0.3202,1.8192382911537452,3.3096279600000003,1.8472022087470557,4.72,-6.93,11.65,9.535199999999998,1.7338226437556987,3.00614096,9.691551991296338,15.42,3.35,12.07,-0.0481,0.1963705425974069,0.03856139,0.2021756661915573,0.78,-0.59,1.37,0.0143999999999999,0.1347985163123096,0.01817064,0.13556548233234,0.41,-0.65,1.06,-0.0364,0.1400751227020701,0.01962104,0.1447273298309618,0.7,-0.6,1.2999999999999998,10.08229041967705,1.6466064779686658,2.711312893288374,10.215864770052509,15.782677212691134,3.7051990499836847,12.077478162707449,0.2222354999996258,0.1755288652612906,0.0308103825399163,0.2831942796032434,1.0601886624558856,0.0360555127546398,1.0241331497012458,Minor_Fault,Minor_fault_011_window_001.csv,1
0.0477,1.6910297779755386,2.859581709999999,1.6917023969954053,4.5,-4.38,8.879999999999999,-0.3887,1.779137237539589,3.16532931,1.8211032370516504,4.5,-4.32,8.82,9.8739,2.1163694833369715,4.47901979,10.09816423910802,19.61,0.61,19.0,-0.0369,0.171590763154664,0.02944339,0.1755135322418189,0.41,-0.59,1.0,0.0200999999999999,0.0949578327469619,0.0090169899999999,0.0970618359603814,0.41,-0.37,0.78,-0.0366999999999999,0.1930702203862625,0.03727611,0.1965273517859537,0.72,-0.6,1.3199999999999998,10.203200077288674,2.011443059799699,4.045903182816375,10.399576674076693,19.690050787136126,3.7051990499836847,15.98485173715244,0.2301473334866397,0.1608763652280515,0.0258812048889894,0.2808006410249093,0.7483314773547882,0.0360555127546398,0.7122759646001483,Minor_Fault,Minor_fault_011_window_002.csv,1
-0.0273999999999999,1.83148334417761,3.3543312400000014,1.8316882922593567,4.86,-4.28,9.14,-0.4361,1.9166814524067373,3.67366779,1.9656680798140869,6.1,-4.6,10.7,9.7113,2.784694832472672,7.75452531,10.10266662817298,19.61,-4.41,24.02,-0.0555,0.1652293860062428,0.02730075,0.1743014629886967,0.41,-0.43,0.84,0.0269,0.1139183479515042,0.0129773899999999,0.1170512708175353,0.21,-0.44,0.65,0.0034,0.1594755153620768,0.0254324399999999,0.1595117550527233,0.72,-0.54,1.26,10.19634258583858,2.305949668187635,5.317403872214665,10.453841686193645,21.10406832816839,3.752239331385992,17.351828996782395,0.226208376532281,0.1354834690529799,0.0183557703866297,0.2636778337289655,0.7483314773547882,0.0360555127546398,0.7122759646001483,Minor_Fault,Minor_fault_011_window_003.csv,1
0.0669,1.1356986352021383,1.28981139,1.137667350326975,2.59,-3.47,6.0600000000000005,-0.0347,1.3513448523600482,1.8261329100000003,1.3517902943874098,3.13,-3.63,6.76,9.5604,2.04823481075779,4.19526584,9.77734698167146,16.51,0.74,15.77,-0.0674,0.121339358824744,0.01472324,0.138802017276407,0.25,-0.43,0.6799999999999999,0.0343,0.0615021137848123,0.00378251,0.070420167565833,0.26,-0.14,0.4,-0.0018,0.0325693107080883,0.00106076,0.0326190128606001,0.18,-0.09,0.27,9.7327478178158,1.99793841616848,3.9917579148018127,9.935700176635766,16.67903474425304,1.1861703081766968,15.492864436076344,0.125461079234689,0.0977165165019049,0.009548517597267,0.1590251552428105,0.4892851929090027,0.01,0.4792851929090027,Minor_Fault,Minor_fault_012_window_001.csv,1
0.1422,1.0535156192482389,1.10989516,1.0630691416836442,2.01,-3.59,5.6,0.0894,0.912725391341777,0.83306764,0.9170932340825552,3.12,-2.91,6.03,9.619599999999998,1.390248841035302,1.93279184,9.71954196451664,13.37,3.23,10.14,-0.0653,0.0876978334966149,0.00769091,0.1093389226213611,0.12,-0.39,0.51,0.0397,0.0381170565495291,0.00145291,0.055036351623268,0.17,-0.1,0.27,-0.0019,0.0226581111304539,0.00051339,0.0227376340018041,0.09,-0.06,0.15,9.731673939907504,1.317267750810423,1.7351943273251502,9.820421172230851,13.510373792016264,3.339371198294673,10.171002593721592,0.0983803687838399,0.0763040171809823,0.0058223030379556,0.1245030120117581,0.4205948168962618,0.01,0.4105948168962618,Minor_Fault,Minor_fault_012_window_002.csv,1
0.2345,0.942854575212954,0.8889747500000001,0.971578612362376,2.5,-3.59,6.09,0.0648,0.7357791516481015,0.54137096,0.7386271048370754,3.38,-2.77,6.15,9.9132,0.82858660380192,0.68655576,9.947768091386129,13.37,7.1,6.27,-0.0535999999999999,0.0606386015669886,0.00367704,0.0809320702811932,0.09,-0.39,0.48,0.0361,0.0350398344744948,0.0012277899999999,0.050309044912421,0.13,-0.09,0.22,-0.0062,0.0179320941331457,0.0003215599999999,0.0189736659610102,0.07,-0.06,0.13,9.989390817668244,0.8122167764121646,0.6596960918853683,10.022356259882203,13.510373792016264,7.105920067098982,6.404453724917284,0.0824317120996678,0.0514394094087157,0.0026460128403174,0.0971648084442098,0.3973663297261106,0.0173205080756887,0.3800458216504218,Minor_Fault,Minor_fault_012_window_003.csv,1
0.3062,0.9264186742504708,0.85825156,0.9757099978989658,2.73,-2.43,5.16,-0.0679999999999999,1.0426418368740054,1.087102,1.0448569280049782,3.31,-3.96,7.27,9.6207,1.440656277534652,2.0754905100000003,9.727967876180513,12.9,3.87,9.03,-0.0322999999999999,0.0919984238995429,0.00846371,0.0975038460779881,0.51,-0.23,0.74,0.0312999999999999,0.0487576660639124,0.00237731,0.0579396237474839,0.12,-0.21,0.3299999999999999,-0.0079,0.0195599079752436,0.00038259,0.0210950231097289,0.03,-0.13,0.16,9.734277636204228,1.385977597688449,1.920933901294244,9.83245111861737,13.254636924487972,4.136109282888933,9.11852764159904,0.0946704787728366,0.0659279944251445,0.0043465004489218,0.1153646392964499,0.5666568626602876,0.02,0.5466568626602876,Minor_Fault,Minor_fault_013_window_001.csv,1
0.1239,0.9042531669836718,0.8176737900000001,0.9127020324289852,1.57,-2.68,4.25,-0.2297999999999999,0.9475093456003482,0.89777396,0.9749779484685794,2.51,-3.96,6.47,9.7155,1.1759067777676937,1.38275675,9.786403680617308,12.86,5.87,6.989999999999999,-0.039,0.0646761161480805,0.004183,0.0755248303539968,0.17,-0.29,0.4599999999999999,0.0335,0.0370776212829248,0.00137475,0.0499699909945959,0.09,-0.11,0.2,-0.0071,0.0162662226715362,0.00026459,0.0177482393492988,0.04,-0.07,0.11,9.815523980425844,1.101268809004053,1.2127929896852054,9.877110103668986,12.963232621533871,6.663797716017497,6.299434905516376,0.0824800127836516,0.0413889778951917,0.0017130474912086,0.0922821759604746,0.2988310559496787,0.0223606797749978,0.2764703761746808,Minor_Fault,Minor_fault_013_window_002.csv,1
0.1274,0.9935256614703016,0.9870932400000002,1.0016606211686672,3.34,-2.68,6.02,-0.1689,1.2931163095406384,1.67214979,1.304100072847172,4.18,-3.57,7.75,9.6772,1.3639758648891116,1.86043016,9.772851682083385,14.07,5.17,8.9,-0.0496,0.1254266319407485,0.01573184,0.1348777224006989,0.42,-0.35,0.77,0.0362,0.05597821004641,0.0031335599999999,0.0666633332499958,0.2,-0.14,0.34,-0.0063,0.018256779562672,0.00033331,0.0193132079158279,0.05,-0.07,0.12,9.823654279833557,1.3070759696007894,1.7084475903078435,9.910228604830468,14.14626805910308,5.295790781365896,8.850477277737184,0.1150408116963047,0.0988666356474991,0.0097746116442553,0.151687178100194,0.4346262762420146,0.0141421356237309,0.4204841406182836,Minor_Fault,Minor_fault_013_window_003.csv,1
0.2434,0.9898880946854548,0.97987844,1.0193733369085147,3.34,-2.18,5.52,-0.1452,1.4235557453082055,2.0265109600000004,1.430941648006654,4.18,-3.39,7.57,9.8475,1.3710115790904174,1.87967275,9.942481028395276,14.27,5.17,9.1,-0.0559,0.1448523040893723,0.02098219,0.1552642908076419,0.42,-0.35,0.77,0.0417,0.0655141969347102,0.00429211,0.0776595132614157,0.2,-0.14,0.34,-0.0058,0.0171569228010153,0.00029436,0.0181107702762748,0.05,-0.06,0.11,10.00435178899931,1.361098924379231,1.8525902819463,10.096516478469196,14.410669658277508,5.295790781365896,9.114878876911613,0.1360516562845814,0.1093432522939669,0.0119559468222221,0.1745451231057459,0.4346262762420146,0.01,0.4246262762420146,Minor_Fault,Minor_fault_013_window_004.csv,1
0.2207,0.9362865533585324,0.8766325099999999,0.9619464642068184,4.56,-2.34,6.9,0.0102,0.8765488919621084,0.7683379599999999,0.8766082363290912,2.18,-3.78,5.96,9.7748,1.626216762919384,2.6445809600000003,9.909152133255398,16.54,3.5,13.04,-0.0376,0.0845354363565954,0.00714624,0.092520268049763,0.17,-0.32,0.49,0.0308,0.0467478341744299,0.00218536,0.0559821400091136,0.17,-0.12,0.29,-0.0086,0.023410254163507,0.00054804,0.0249399278266798,0.08,-0.08,0.16,9.859703270035462,1.634420517141166,2.671330426851996,9.9942522981962,17.56854006455858,3.6029016084261865,13.965638456132393,0.0935398510918319,0.059718475011657,0.0035662962577179,0.1109774751920406,0.3710795063055894,0.01,0.3610795063055894,Minor_Fault,Minor_fault_014_window_001.csv,1
0.2193,0.9211180760358576,0.84845851,0.9468637705604752,2.75,-3.12,5.87,-0.0123999999999999,0.8779363530461647,0.77077224,0.8780239176696726,2.89,-1.99,4.88,9.8997,1.2795393350733693,1.63722091,9.982047936170211,13.78,4.74,9.04,-0.0441,0.081278471934455,0.00660619,0.0924716172671377,0.17,-0.33,0.5,0.0358999999999999,0.0394232165100718,0.0015541899999999,0.0533197899470731,0.15,-0.06,0.21,-0.0076,0.0191895805060975,0.0003682399999999,0.0206397674405502,0.06,-0.08,0.14,9.988202093539654,1.2428100975652308,1.5445769386100985,10.065225183770105,14.191934329047609,5.355753915183184,8.836180413864426,0.0901983285348643,0.0606981180063819,0.0036842615295166,0.108719823399415,0.3374907406137241,0.01,0.3274907406137241,Minor_Fault,Minor_fault_014_window_002.csv,1
0.1968,1.178001595924216,1.38768776,1.1943274257924414,5.06,-3.73,8.79,-0.0981999999999999,0.9481543967097344,0.8989967600000003,0.9532261011953042,2.91,-2.91,5.82,10.0468,1.758934836769117,3.0938517600000006,10.199609894500869,19.61,5.85,13.76,-0.0489,0.0859289823051571,0.00738379,0.0988685996664259,0.3,-0.37,0.6699999999999999,0.0341999999999999,0.0476063021038181,0.00226636,0.0586174035590113,0.26,-0.08,0.34,-0.0081,0.0190627909813857,0.00036339,0.0207123151772079,0.06,-0.08,0.14,10.159636962106251,1.774507480458856,3.148876798204437,10.313442684186498,20.460298140545262,6.960962577115323,13.499335563429945,0.0929923006249425,0.0706571441857107,0.0049924320244803,0.1167904105652514,0.3806573262134856,0.01,0.3706573262134855,Minor_Fault,Minor_fault_014_window_003.csv,1
0.2541,1.1785449461093964,1.38896819,1.2056263932081115,5.06,-3.73,8.79,-0.1117,0.8717167601922082,0.75989011,0.8788441272489679,2.91,-2.92,5.83,10.017499999999998,1.917970998216605,3.678612750000001,10.19945679926142,19.61,1.51,18.1,-0.0418999999999999,0.0794442571870365,0.00631139,0.0898164795569276,0.3,-0.37,0.6699999999999999,0.0354,0.0486501798557826,0.00236684,0.0601664358259653,0.26,-0.08,0.34,-0.0070999999999999,0.0208468222998134,0.00043459,0.0220227155455452,0.06,-0.08,0.14,10.119335371563237,1.9631282784956168,3.853872637829164,10.307997914241156,20.460298140545262,1.6300613485387598,18.830236792006502,0.0924479858362439,0.0602110447909819,0.0036253699148216,0.1103267873184024,0.3806573262134856,0.01,0.3706573262134855,Minor_Fault,Minor_fault_014_window_004.csv,1
0.2176999999999999,1.0506701242540402,1.10390771,1.072986952390382,3.67,-3.03,6.699999999999999,0.0087999999999999,0.8907157571301856,0.7933745599999998,0.8907592267274025,4.01,-1.57,5.58,9.9181,1.9695464934852387,3.879113389999999,10.111766462888667,19.61,5.15,14.46,-0.0373,0.0837598352433909,0.00701571,0.0916896940773607,0.35,-0.42,0.77,0.0302999999999999,0.043896583010526,0.00192691,0.0533385414123783,0.13,-0.1,0.23,-0.0077,0.0156112139182063,0.00024371,0.0174068951855292,0.03,-0.07,0.1,10.025686539817134,1.917859068161574,3.678183405329581,10.207476377636148,19.951275648439125,5.387262755797233,14.564012892641893,0.0878176815851717,0.0619923769588277,0.0038430548010053,0.1074941858892842,0.4401136216933077,0.01,0.4301136216933077,Minor_Fault,Minor_fault_015_window_001.csv,1
0.249,1.0522865579299203,1.107307,1.081345458213979,3.67,-3.03,6.699999999999999,-0.109,0.82877198311719,0.6868629999999999,0.8359090859656928,2.23,-1.97,4.2,10.029000000000002,1.768284196615465,3.1268290000000003,10.18369628376652,19.61,6.26,13.35,-0.0464,0.0866316339451126,0.00750504,0.0982751240141674,0.35,-0.42,0.77,0.0337,0.0453355269077133,0.00205531,0.0564889369699944,0.18,-0.09,0.27,-0.0072,0.0165577776286553,0.00027416,0.0180554700852677,0.04,-0.05,0.09,10.12283520240334,1.7617972258417625,3.10392946498373,10.275004720193564,19.951275648439125,6.575112166343628,13.376163482095498,0.0916034466216619,0.0691650819925222,0.0047838085670323,0.1147824028324899,0.4401136216933077,0.0223606797749978,0.4177529419183098,Minor_Fault,Minor_fault_015_window_002.csv,1
0.2043,0.8744063757773042,0.76458651,0.8979560122856797,2.13,-2.78,4.91,-0.2978,0.7259842698020392,0.52705316,0.7846897476072948,1.62,-1.97,3.59,10.032100000000002,0.9017963129221588,0.8132365900000003,10.07255017361542,13.21,7.15,6.0600000000000005,-0.0507,0.0788575297609556,0.00621851,0.093749666666074,0.16,-0.29,0.4499999999999999,0.0362999999999999,0.0418964198947833,0.00175531,0.0554346462061407,0.18,-0.1,0.28,-0.0068,0.0177696370249929,0.00031576,0.0190262975904404,0.05,-0.07,0.12,10.10134146218914,0.9171862756597414,0.8412306642585873,10.142895543186867,13.360426639894404,7.209174710048301,6.151251929846102,0.0917539489818778,0.0616864073052642,0.0038052128462309,0.110562199688682,0.3026549190084311,0.01,0.2926549190084311,Minor_Fault,Minor_fault_015_window_003.csv,1
0.2468999999999999,1.0472322521771376,1.09669539,1.075943771765049,2.33,-2.77,5.1,-0.0933,1.363346658044094,1.85871411,1.366535400200083,3.25,-4.45,7.7,9.8756,1.4850140201358368,2.20526664,9.986628159694344,14.67,4.84,9.83,-0.0413,0.1160142663640985,0.01345931,0.1231462545106427,0.33,-0.36,0.69,0.0287,0.0552205577661073,0.00304931,0.0622334315300064,0.19,-0.15,0.3399999999999999,-0.0082,0.0189936831604615,0.00036076,0.0206881608655772,0.04,-0.08,0.12,10.034784698206922,1.4355877056565474,2.060912060632229,10.136952993873455,15.143361581894556,5.588568689745165,9.55479289214939,0.1125761922473995,0.0824172369051313,0.0067926009390765,0.1395206077968412,0.3899999999999999,0.0141421356237309,0.375857864376269,Minor_Fault,Minor_fault_016_window_001.csv,1
0.3044,0.9972776143080724,0.99456264,1.0426993814134542,3.1,-3.04,6.140000000000001,0.0283,0.8514458937595506,0.7249601099999999,0.8519160756788194,3.25,-3.3,6.55,9.919199999999998,1.4499321915179344,2.10230336,10.024611314160763,17.25,4.84,12.41,-0.0421,0.0639420831690679,0.00408859,0.0765571681816928,0.12,-0.22,0.3399999999999999,0.0298,0.0421895721713316,0.00177996,0.0516526862805798,0.16,-0.15,0.31,-0.0092,0.0170692706346814,0.00029136,0.0193907194296653,0.04,-0.08,0.12,10.012895691685234,1.4309908690943134,2.0477348674312985,10.114633705676148,17.553714706579914,5.588568689745165,11.965146016834748,0.0820012131245627,0.0466990475930724,0.0021808010461,0.0943663075467086,0.2315167380558045,0.0141421356237309,0.2173746024320735,Minor_Fault,Minor_fault_016_window_002.csv,1
0.3156,0.9156520299764536,0.8384186400000001,0.968515358680491,3.1,-3.04,6.140000000000001,0.0421999999999999,0.6303278194717412,0.3973131599999999,0.6317388701037796,2.03,-1.13,3.16,9.9142,1.2363536549062328,1.52857036,9.990992543286175,17.25,6.58,10.67,-0.0494,0.0586654924124906,0.00344164,0.076694197955256,0.1,-0.22,0.32,0.0395,0.0358991643356777,0.00128875,0.05337602458033,0.16,-0.07,0.23,-0.0079,0.0163275840221387,0.0002665899999999,0.018138357147217,0.04,-0.08,0.12,9.981472005912408,1.2358254711677386,1.5272645951869628,10.057686016176882,17.553714706579914,6.820425206686164,10.73328949989375,0.0837273481344231,0.0452739569109782,0.0020497311743771,0.0951840322743263,0.2315167380558045,0.0141421356237309,0.2173746024320735,Minor_Fault,Minor_fault_016_window_003.csv,1
0.1100999999999999,1.834665906916025,3.36599899,1.8379665394125104,4.19,-5.58,9.77,-0.3203999999999999,1.7413643616429044,3.03234984,1.7705948153092508,8.14,-5.86,14.0,9.7415,2.584299663351756,6.67860475,10.078463523771864,19.61,-2.47,22.08,-0.0603999999999999,0.1285528685016402,0.01652584,0.1420352069030773,0.4,-0.35,0.75,0.0288999999999999,0.0838319151636177,0.0070277899999999,0.0886735586293907,0.22,-0.24,0.4599999999999999,-0.0127,0.0519587336258304,0.00269971,0.0534883164812653,0.16,-0.2,0.36,10.13881579656974,2.300645179776294,5.292968243227896,10.396564528727748,20.024752183235627,3.976744900040736,16.04800728319489,0.1478799107231266,0.0950238496616513,0.0090295320045201,0.1757782694191748,0.4420407221060069,0.0223606797749978,0.419680042331009,Minor_Fault,Minor_fault_017_window_001.csv,1
0.221,1.7903164524742547,3.205233,1.8039052081525797,4.19,-5.58,9.77,-0.6539999999999999,1.717591336727104,2.95012,1.8378890064419016,8.14,-5.86,14.0,9.6224,2.6521459688335405,7.033878239999999,9.98120533803408,19.61,-2.47,22.08,-0.0538999999999999,0.1542912505620458,0.02380579,0.1634350023709731,0.4,-0.62,1.02,0.0289,0.1002885337414003,0.01005779,0.104369535785113,0.43,-0.27,0.7,-0.0088,0.0475243095688932,0.00225856,0.0483321838943782,0.17,-0.19,0.36,10.041915266610602,2.3272962377430395,5.416307778212906,10.308073049799368,19.9351598940164,2.0616013193631786,17.873558574653224,0.1610068835170547,0.1183924974824231,0.0140167834601255,0.1998499437077729,0.6732755750805163,0.0223606797749978,0.6509148953055184,Minor_Fault,Minor_fault_017_window_002.csv,1
0.1933,1.5249642979427418,2.32551611,1.5371665492066888,3.66,-3.91,7.57,-0.5279,1.5168937306218917,2.3009665900000003,1.6061273299461658,2.07,-6.5,8.57,9.6584,2.5146752156093632,6.323591439999999,9.980394881967346,19.61,-1.11,20.72,-0.0502,0.1404633760095492,0.01972996,0.1491643389017629,0.28,-0.62,0.9,0.0309,0.083151608523227,0.00691419,0.0887073841345803,0.43,-0.27,0.7,-0.0124,0.032499846153482,0.00105624,0.0347850542618521,0.17,-0.1,0.27,9.979242643403618,2.2283456338895813,4.96552426407476,10.22500894865134,19.9351598940164,2.0616013193631786,17.873558574653224,0.1364308516908184,0.1127635699457847,0.0127156227069179,0.177,0.6732755750805163,0.01,0.6632755750805163,Minor_Fault,Minor_fault_017_window_003.csv,1
-0.0682,1.7793090681497692,3.16594076,1.7806156238784383,5.26,-4.41,9.67,-0.6377000000000002,1.9053040990875971,3.6301837100000007,2.009190135353048,4.63,-6.85,11.48,9.4904,2.971015624327816,8.826933839999999,9.944577718535868,18.49,-1.31,19.8,-0.0629,0.2069555266234753,0.04283059,0.2163030281803747,0.51,-0.71,1.22,0.0361,0.1082117830922307,0.01170979,0.1140745370360975,0.45,-0.18,0.63,-0.006,0.0528393792544916,0.002792,0.0531789432012333,0.24,-0.18,0.42,9.954244350440712,2.6486000852750835,7.01508241171918,10.300585565879253,19.66961616300633,2.322003445303215,17.34761271770312,0.201016566873879,0.1490648846718747,0.0222203398422393,0.2502558690620461,0.8448668534153769,0.0223606797749978,0.822506173640379,Minor_Fault,Minor_fault_018_window_001.csv,1
0.0612999999999999,1.767524062071009,3.12414131,1.7685867239126274,5.26,-3.99,9.25,-0.1824,1.9863197728462556,3.94546624,1.9946769161947004,4.63,-6.85,11.48,9.6123,2.6081264750774644,6.80232371,9.959851153506262,17.72,-1.12,18.84,-0.0754,0.1990196975176075,0.03960884,0.2128238708415951,0.51,-0.71,1.22,0.0365,0.0997634702684304,0.00995275,0.1062308806327049,0.39,-0.23,0.62,-0.0081999999999999,0.0488953985565104,0.00239076,0.0495782210249621,0.24,-0.18,0.42,10.050088357336806,2.302388761639352,5.300994009723191,10.31044470427925,18.29668002671523,3.3807395640599114,14.915940462655318,0.1968948037548007,0.1423707703651228,0.0202694362543585,0.2429753073873968,0.8448668534153769,0.0141421356237309,0.830724717791646,Minor_Fault,Minor_fault_018_window_002.csv,1
0.2041,1.381476814861545,1.90847819,1.3964723412943056,2.78,-4.02,6.799999999999999,0.0621,1.2854137816283129,1.65228859,1.286912972970589,3.53,-3.13,6.66,9.8179,2.2698944006274826,5.152420589999999,10.076883496399072,17.95,-1.67,19.62,-0.0289999999999999,0.1229105365703038,0.015107,0.1262853910790951,0.25,-0.4,0.65,0.028,0.0656048778674269,0.004304,0.071330218000508,0.23,-0.23,0.46,-0.0064999999999999,0.0405555175037873,0.00164475,0.0410731055558257,0.26,-0.11,0.37,10.0768312610355,1.8992979588831584,3.6073327366177312,10.254260626685866,17.95362358968239,3.3807395640599114,14.57288402562248,0.1285218846175928,0.0787726169067789,0.0062051251743421,0.1507415005895854,0.4159326868617085,0.01,0.4059326868617084,Minor_Fault,Minor_fault_018_window_003.csv,1
0.1754,1.341180390551547,1.7987648399999998,1.3526011976928012,2.83,-4.39,7.22,0.0142,1.07840083456941,1.16294836,1.0784943208009952,4.39,-3.13,7.52,9.8875,1.8036260005888136,3.2530667499999995,10.050657839166549,17.95,-1.67,19.62,-0.0366999999999999,0.1080653043302983,0.01167811,0.1141271221051332,0.24,-0.4,0.64,0.0316,0.0585614207477926,0.0034294399999999,0.0665432190384565,0.25,-0.12,0.37,-0.0035,0.0479244196626312,0.0022967499999999,0.0480520551069358,0.3,-0.11,0.41,10.0920883658978,1.469066171045483,2.158155414910237,10.19845100983478,17.95362358968239,4.114778244328605,13.838845345353786,0.1129482017178501,0.0836941080883465,0.0070047037287038,0.1405773808263619,0.4159326868617085,0.01,0.4059326868617084,Minor_Fault,Minor_fault_018_window_004.csv,1
-0.0054,1.3158422549834763,1.7314408400000003,1.3158533352923494,3.6,-3.33,6.93,-0.2456,1.279947905189895,1.6382666400000003,1.3032981239915908,4.17,-3.71,7.88,9.6489,0.997855595765239,0.99571579,9.70036014795327,13.25,5.38,7.87,-0.0625,0.1359365660887459,0.01847875,0.1496161755960899,0.26,-0.57,0.83,0.0280999999999999,0.0590202507619206,0.0034833899999999,0.0653681879816168,0.16,-0.15,0.31,-0.009,0.0281957443597433,0.0007949999999999,0.0295972971738974,0.08,-0.11,0.19,9.823878550764372,1.0091844330109718,1.0184532198316765,9.875578109660214,13.291384427515442,5.529095766940558,7.762288660574884,0.1414670631038967,0.0867241030899605,0.0075210700567581,0.1659337217083977,0.5721887800367986,0.01,0.5621887800367986,Minor_Fault,Minor_fault_019_window_001.csv,1
0.0653999999999999,1.1311626054639536,1.27952884,1.1330516316567398,3.6,-4.12,7.720000000000001,-0.0287,1.3375332930435786,1.7889953099999998,1.3378411714400182,4.17,-2.85,7.02,9.8509,0.8634107886747768,0.74547819,9.888665683498456,13.25,7.53,5.72,-0.0699,0.1305564628810079,0.01704499,0.1480911881240744,0.26,-0.57,0.83,0.0385999999999999,0.0586518541906391,0.00344004,0.0702139587261678,0.16,-0.14,0.3,-0.0071,0.0251115511269216,0.00063059,0.0260959767013997,0.08,-0.07,0.15,10.006875545399216,0.8495739043138888,0.7217758188911447,10.042874787629287,13.291384427515442,7.850999936313846,5.440384491201597,0.1419995886676894,0.0858959650868829,0.007378116818207,0.1659578259679247,0.5721887800367986,0.0282842712474619,0.5439045087893367,Minor_Fault,Minor_fault_019_window_002.csv,1
0.2928,0.861212029641946,0.74168616,0.9096251975401736,1.82,-4.12,5.94,-0.0678,1.0188430497382803,1.03804116,1.0210964694875797,3.39,-2.77,6.16,9.9232,0.9794323662203532,0.9592877600000002,9.971418454763594,14.0,5.93,8.07,-0.0532,0.0851337770805454,0.00724776,0.1003892424515694,0.13,-0.29,0.42,0.0295999999999999,0.047956647088803,0.0022998399999999,0.0563560112144214,0.12,-0.14,0.26,-0.0104,0.0199459269025031,0.00039784,0.0224944437584039,0.04,-0.08,0.12,10.01887563582707,0.959881760338575,0.9213729938306814,10.064752455972275,14.142407857221484,6.598264923447679,7.544142933773807,0.103066984732096,0.0560106834294483,0.0031371966582338,0.1173030263889214,0.298998327754521,0.01,0.288998327754521,Minor_Fault,Minor_fault_019_window_003.csv,1
0.1397999999999999,1.2558622376678106,1.57718996,1.263619404725964,3.23,-2.34,5.57,-0.4329,2.053895954034673,4.21848859,2.099021438670887,5.57,-4.01,9.58,9.7038,1.089637352516882,1.18730956,9.764785916752093,12.75,5.17,7.58,-0.0754999999999999,0.2334239704914643,0.05448675,0.2453303894750913,0.46,-0.54,1.0,0.0416,0.0955585684279541,0.00913144,0.1042209192053111,0.28,-0.19,0.47,-0.0063,0.0303201253295562,0.00091931,0.030967725134404,0.09,-0.1,0.19,9.998114998550657,1.1795615608167471,1.391365475756441,10.067455934842725,13.861579996522762,5.209712084175093,8.651867912347669,0.2216128653660972,0.1513133764880953,0.022895737904228,0.2683430640057611,0.6086049621881177,0.0141421356237309,0.5944628265643868,Minor_Fault,Minor_fault_020_window_001.csv,1
0.05,0.9484692931244532,0.899594,0.949786291751992,2.89,-1.77,4.66,-0.2922,1.466783951371162,2.15145516,1.4956055629744094,2.89,-3.56,6.45,9.5755,0.9759481287445556,0.95247475,9.625106492917364,11.57,5.17,6.4,-0.0908,0.1664913210951249,0.02771936,0.1896417675513493,0.34,-0.44,0.78,0.0432,0.0643254226569868,0.0041377599999999,0.077485482511242,0.23,-0.13,0.36,-0.0072,0.0235406032208182,0.00055416,0.0246170672501823,0.09,-0.09,0.18,9.737395686029943,0.9822068283642972,0.9647302536854518,9.78680770220811,11.956128135813868,5.209712084175093,6.746416051638775,0.1660987599638965,0.1224140593986487,0.0149852019384558,0.2063346795863458,0.4837354648979129,0.0141421356237309,0.469593329274182,Minor_Fault,Minor_fault_020_window_002.csv,1
0.0853,1.2578350090532542,1.58214891,1.2607239983438088,2.98,-4.77,7.75,-0.1464,1.464005136603011,2.14331104,1.471306902043214,3.63,-3.67,7.3,9.8076,1.1621653238674778,1.3506282399999998,9.876216178273944,15.68,5.79,9.89,-0.1022,0.1577122696558514,0.02487316,0.1879308383421943,0.27,-0.44,0.71,0.044,0.0650845603810919,0.004236,0.0785620773656094,0.22,-0.17,0.39,-0.0091,0.0244579230516411,0.00059819,0.0260959767013997,0.06,-0.09,0.15,9.998210620440526,1.153082559624545,1.3295993893102926,10.064482848114949,15.749419036904186,6.078272780979807,9.67114625592438,0.1680764145503373,0.1179886387407836,0.0139213188719031,0.2053557888154117,0.4837354648979129,0.0141421356237309,0.469593329274182,Minor_Fault,Minor_fault_020_window_003.csv,1
0.3132,0.9776818296357972,0.95586176,1.0266235921699831,2.96,-2.26,5.22,-0.2321,1.351062023002645,1.8253685900000003,1.37085338384526,3.41,-3.57,6.98,9.890899999999998,1.1618537730712932,1.34990419,9.958905913803989,15.21,4.64,10.57,-0.0531,0.139331941779335,0.0194133899999999,0.1491073438835257,0.36,-0.45,0.81,0.0325,0.0575391171291322,0.00331075,0.0660832807902271,0.25,-0.11,0.36,-0.0064,0.0260583959598437,0.00067904,0.0268328157299974,0.08,-0.07,0.15,10.040038996782984,1.1448226688343237,1.310618943076943,10.10509782238648,15.440858136774652,5.345474721668787,10.095383415105864,0.1343165239506666,0.0963279367255938,0.00927907139381,0.165287628091155,0.4819751030914356,0.02,0.4619751030914356,Minor_Fault,Minor_fault_021_window_001.csv,1
0.2423999999999999,1.2516382224908285,1.5665982400000005,1.2748945054395675,3.33,-3.23,6.5600000000000005,-0.2105999999999999,1.550168906925952,2.40302364,1.5644091536423586,6.44,-5.14,11.58,10.0451,1.3409545070583118,1.7981589899999997,10.134209046590662,19.61,7.04,12.57,-0.0616,0.1641750285518476,0.02695344,0.1753510764152875,0.37,-0.6,0.97,0.0272,0.087052627760453,0.00757816,0.0912030701237628,0.24,-0.58,0.82,-0.0088,0.0334747666160647,0.00112056,0.0346121365997535,0.14,-0.14,0.28,10.24722076808234,1.3301847729477163,1.7693915301819685,10.333195294776925,19.74399655591542,7.19967360371288,12.54432295220254,0.1517736439826456,0.1312583749412933,0.0172287609922291,0.2006589145789441,0.7001428425685718,0.0,0.7001428425685718,Minor_Fault,Minor_fault_021_window_002.csv,1
0.1542,1.6909779300747836,2.85940636,1.6979941107082792,3.61,-4.01,7.619999999999999,-0.1717,1.5460369044754398,2.39023011,1.5555420277189558,6.44,-5.14,11.58,9.9625,1.3368331047666346,1.7871227499999998,10.051792327739369,19.61,7.04,12.57,-0.0628,0.1517305506481802,0.0230221599999999,0.1642132759553867,0.37,-0.6,0.97,0.0282,0.0941847121352504,0.00887076,0.0983158176490436,0.24,-0.58,0.82,-0.0077,0.0350672211616489,0.00122971,0.0359026461420324,0.14,-0.14,0.28,10.224745543917065,1.3401502013386837,1.7960025621481146,10.312197825875918,19.74399655591542,7.19967360371288,12.54432295220254,0.1488305588879282,0.1255805109923786,0.0157704647411069,0.1947331507473753,0.7001428425685718,0.0,0.7001428425685718,Minor_Fault,Minor_fault_021_window_003.csv,1
0.0026999999999999,1.6539811697839852,2.73565371,1.6539833735560945,3.77,-4.12,7.890000000000001,0.8011,1.4088249678366722,1.9847877900000004,1.6206631358798778,4.0,-3.53,7.529999999999999,9.5699,2.232228704680593,4.982844989999999,9.82679149061381,14.95,2.88,12.07,-0.0533,0.1406915420343383,0.0197941099999999,0.150449327017438,0.42,-0.44,0.86,0.0238999999999999,0.0928320526542422,0.00861779,0.0958592718520227,0.28,-0.53,0.81,-0.0027,0.0341717719762964,0.0011677099999999,0.0342782730020052,0.12,-0.09,0.21,9.873140905845707,2.1092960089366835,4.449129653316221,10.095941808469384,15.529098492829515,3.2280644355402823,12.301034057289234,0.1439889294001537,0.1107528248407125,0.0122661882101975,0.1816562688155847,0.5504543577809154,0.0141421356237309,0.5363122221571845,Minor_Fault,Minor_fault_022_window_001.csv,1
0.1729999999999999,2.080898603968968,4.330139,2.0880775847654705,5.79,-4.87,10.66,0.6992999999999999,1.5944260754265154,2.54219451,1.7410384832047796,4.04,-2.98,7.02,10.088299999999998,2.908507539959283,8.45941611,10.49920058861626,19.61,2.88,16.73,-0.0668,0.2135831454024404,0.04561776,0.2237856116911898,0.49,-0.79,1.28,0.0290999999999999,0.0870068388116704,0.0075701899999999,0.0917442096265481,0.25,-0.17,0.42,-0.0070999999999999,0.0448172957684865,0.0020085899999999,0.0453762052181537,0.13,-0.16,0.29,10.465463945192058,2.8457969730613475,8.098560411885128,10.845482746286589,19.754812071999066,4.409138237796588,15.345673834202476,0.1989551515872779,0.1448200526753227,0.0209728476568832,0.2460812873828483,0.7986238163240564,0.0141421356237309,0.7844816807003255,Minor_Fault,Minor_fault_022_window_002.csv,1
0.1767,2.107970614121553,4.44354011,2.1153635621329965,5.79,-4.87,10.66,0.5827999999999999,1.5557995243603848,2.42051216,1.6613753338725117,6.39,-2.85,9.24,10.2379,2.873158643374918,8.255040589999998,10.633420757216372,19.61,0.48,19.13,-0.0742,0.2212111208777714,0.0489343599999999,0.2333238093294381,0.49,-0.79,1.28,0.0213999999999999,0.089777725522537,0.00806004,0.092293011653104,0.25,-0.31,0.56,-0.0093999999999999,0.0428910247021448,0.00183964,0.0439089968002003,0.13,-0.16,0.29,10.601682388971458,2.812276395266373,7.908898523372426,10.968343904163474,19.754812071999066,3.375040740494846,16.37977133150422,0.2008804640772862,0.1566302625679154,0.0245330391520941,0.2547273051716286,0.7986238163240564,0.0141421356237309,0.7844816807003255,Minor_Fault,Minor_fault_022_window_003.csv,1
0.0560999999999999,2.0119263878184013,4.0478477900000005,2.0127083743056278,4.56,-5.19,9.75,0.4646999999999999,2.21015178438043,4.884770909999999,2.2584766990163967,7.58,-4.77,12.35,9.7175,1.4424433264430183,2.08064275,9.82397317789498,12.99,2.17,10.82,-0.0692999999999999,0.2523816752460447,0.06369651,0.2617231361572759,0.55,-0.72,1.27,0.0372,0.1193489002881886,0.0142441599999999,0.1250119994240553,0.32,-0.32,0.64,-0.0128,0.0366627876736071,0.00134416,0.0388329756778951,0.08,-0.14,0.22,10.160057644387818,1.560573504426073,2.4353896627166742,10.279210135024968,13.921688116029609,3.0759226258148957,10.845765490214712,0.2333136722210186,0.1766344540420783,0.031199730354743,0.2926345844222791,0.8002499609497022,0.0141421356237309,0.7861078253259713,Minor_Fault,Minor_fault_023_window_001.csv,1
0.107,2.0880184386159044,4.359821,2.090758235664755,5.83,-5.69,11.52,0.6949,1.6502566436769768,2.72334699,1.7905957109297452,5.36,-4.98,10.34,9.7717,1.794752381249291,3.22113611,9.935152590675193,14.9,2.49,12.41,-0.0883999999999999,0.185465468484028,0.0343974399999999,0.2054555913086816,0.44,-0.72,1.16,0.0381,0.1145224432152929,0.01311539,0.1206938275140862,0.32,-0.43,0.75,-0.0128,0.0377380444644393,0.0014241599999999,0.0398497176903425,0.08,-0.16,0.24,10.167455816236012,1.7051692657588202,2.9076022248884743,10.309450033828185,15.16956162847167,4.323829321330804,10.845732307140866,0.191460060239184,0.1473432907641471,0.021710045333208,0.2415926323379916,0.8002499609497022,0.0141421356237309,0.7861078253259713,Minor_Fault,Minor_fault_023_window_002.csv,1
0.0845,2.087697954685974,4.358482749999999,2.089407332235627,5.83,-5.69,11.52,0.7755000000000001,1.6909875073459295,2.85943875,1.860333034701045,5.36,-4.98,10.34,9.6161,2.4583412680097934,6.043441789999999,9.925362512271278,19.61,0.67,18.94,-0.079,0.1771073121020134,0.031367,0.1939278216244384,0.44,-0.57,1.01,0.0326,0.107866769674446,0.01163524,0.1126854027813718,0.3,-0.43,0.73,-0.009,0.0368103246386119,0.001355,0.0378945906429928,0.11,-0.16,0.27,10.07414768145087,2.202460327070175,4.85083149231806,10.312094016251017,20.034038534454307,2.963207721372229,17.07083081308208,0.1898614526900113,0.1252782055364722,0.0156946287824385,0.2274686791626486,0.6350590523722971,0.0141421356237309,0.6209169167485662,Minor_Fault,Minor_fault_023_window_003.csv,1
0.1892999999999999,2.0799919495036514,4.326366510000001,2.088588279197219,4.11,-4.75,8.86,0.6624000000000002,1.2032482038216388,1.4478062399999998,1.3735283033123122,3.35,-2.35,5.7,9.8085,2.6365778482722635,6.95154275,10.156683267681434,19.61,0.67,18.94,-0.0414,0.1664212726787053,0.02769604,0.1714934401077779,0.61,-0.42,1.03,0.0215,0.0882085596753512,0.0077807499999999,0.0907909687138539,0.35,-0.19,0.54,-0.0082,0.0357317785731413,0.0012767599999999,0.0366606055596467,0.11,-0.1,0.21,10.175445948412944,2.422250142104771,5.867295750926584,10.45977992120293,20.076917094016203,2.963207721372229,17.113709372643974,0.1621930193586379,0.1126517841462286,0.0126904244713285,0.197476580889988,0.6104096984812741,0.0141421356237309,0.5962675628575432,Minor_Fault,Minor_fault_023_window_004.csv,1
0.059,2.4985533814589598,6.242768999999999,2.499249887466237,6.35,-6.37,12.72,0.7717,1.8116975768598909,3.2822481100000003,1.9692051696052395,5.62,-4.03,9.65,9.6798,2.629361131529863,6.91353996,10.030556714360374,16.31,1.11,15.2,-0.0517999999999999,0.2035945971778229,0.0414507599999999,0.2100809367838976,0.53,-0.54,1.07,0.003,0.1443502684445027,0.020837,0.1443814392503413,0.39,-0.43,0.8200000000000001,-0.0118,0.0565575812778446,0.00319876,0.0577754273026171,0.16,-0.16,0.32,10.212125415341502,2.5394057378324075,6.448581501336155,10.523121542584216,16.50399951526902,1.5806960492137634,14.923303466055255,0.2243706379195125,0.1340739230409515,0.017975816839591,0.2613771221817242,0.6682813778641449,0.0,0.6682813778641449,Minor_Fault,Minor_fault_024_window_001.csv,1
-0.2156,2.233168296389683,4.98704064,2.243551648614313,5.36,-6.23,11.59,0.7204999999999999,1.572816184428428,2.4737507499999998,1.7299916184768065,4.66,-3.31,7.970000000000001,9.4745,2.0068459706713915,4.02743075,9.684708617196492,15.92,1.67,14.25,-0.0684,0.2051522361564699,0.04208744,0.2162544797223863,0.53,-0.81,1.34,-0.0038999999999999,0.1404556513636956,0.01972779,0.1405097861360553,0.35,-0.41,0.76,-0.0108,0.0461666546329707,0.00213136,0.0474130783645187,0.16,-0.18,0.3399999999999999,9.905072502064328,1.9260100541921292,3.709514728849169,10.090588486307425,16.061145662747723,2.5871026264916512,13.474043036256072,0.2137918853496762,0.1518223625116897,0.0230500297586309,0.2622155601790252,0.8229823813423955,0.0316227766016837,0.7913596047407118,Minor_Fault,Minor_fault_024_window_002.csv,1
0.1292,2.12049743220783,4.496509359999999,2.1244298058537967,5.0,-6.23,11.23,0.7088000000000001,1.742384733633763,3.03590456,1.8810374796903968,4.8,-3.03,7.83,9.7705,2.6123416219935707,6.824328749999999,10.113703525415405,19.61,1.67,17.939999999999998,-0.0784,0.1821742023448984,0.03318744,0.1983280111330721,0.36,-0.81,1.17,0.0211,0.1206225103370013,0.01454979,0.1224540730233176,0.35,-0.33,0.6799999999999999,-0.0085999999999999,0.0432670775532621,0.00187204,0.0441134900002255,0.13,-0.18,0.31,10.201221520813457,2.5047120559641907,6.273582483292362,10.504213583129392,20.0945415473954,2.5871026264916512,17.507438920903752,0.1917033229091405,0.1397312992339003,0.0195248359855938,0.2372235232855291,0.8229823813423955,0.0223606797749978,0.8006217015673976,Minor_Fault,Minor_fault_024_window_003.csv,1
0.3754,2.878645313337508,8.28659884,2.9030198070285365,6.91,-6.29,13.2,0.8736,1.7542613944335663,3.0774330400000003,1.959747432706572,5.18,-3.05,8.23,9.8824,2.699311438126397,7.286282239999999,10.24441857793794,19.61,1.94,17.669999999999998,-0.0494,0.2004885034110435,0.04019564,0.2064848662735359,0.53,-0.52,1.05,0.0279,0.1227623313561615,0.01507059,0.1258928115501437,0.35,-0.25,0.6,-0.0105,0.0475683718451662,0.00226275,0.0487134478352744,0.11,-0.13,0.24,10.474478376291527,2.738895533714496,7.501548744601211,10.8266451867603,20.83229464077349,2.940697196244455,17.89159744452904,0.2166478821316146,0.1179902333580454,0.013921695167886,0.2466941426138853,0.5863446085707619,0.0374165738677394,0.5489280347030224,Minor_Fault,Minor_fault_025_window_001.csv,1
0.3742000000000001,2.499011076406025,6.245056359999999,2.526871979345214,5.56,-5.24,10.8,0.7022999999999999,1.4967136366052125,2.24015171,1.653292775040162,5.18,-3.05,8.23,9.873399999999998,2.574392052504824,6.62749444,10.203505378055134,19.61,1.94,17.669999999999998,-0.0419,0.1853790441231155,0.03436539,0.1900552551233456,0.53,-0.52,1.05,0.0203999999999999,0.111255741424881,0.01237784,0.1131105653774217,0.35,-0.23,0.58,-0.0114,0.0407926463961337,0.00166404,0.0423556371690947,0.11,-0.14,0.25,10.329453590947482,2.555850056725188,6.532369512462148,10.64095771065744,20.45585735186868,2.940697196244455,17.515160155624226,0.1897911607108077,0.1211953601258906,0.0146883153160443,0.2251865892987413,0.5863446085707619,0.0141421356237309,0.572202472947031,Minor_Fault,Minor_fault_025_window_002.csv,1
0.2315,2.380950387975356,5.668924749999999,2.392178296030628,5.56,-5.24,10.8,0.8146000000000001,1.695240643684548,2.87384084,1.880801424925024,5.31,-4.11,9.42,9.8567,2.523584377428264,6.36847811,10.174625939070191,19.61,2.39,17.22,-0.0725,0.200456354351764,0.04018275,0.2131642559154794,0.53,-0.91,1.44,0.023,0.1169658069693874,0.0136809999999999,0.1192057045614848,0.27,-0.45,0.72,-0.006,0.03989987468652,0.001592,0.040348482003664,0.12,-0.14,0.26,10.334461221838838,2.445783157663271,5.98185525430932,10.619931449872922,20.45585735186868,3.7049291491201286,16.75092820274855,0.1945485768354755,0.1530615929986719,0.023427851251291,0.2475419156425836,0.9236341266973628,0.0141421356237309,0.909491991073632,Minor_Fault,Minor_fault_025_window_003.csv,1
-0.124,2.0526767889758,4.213482,2.056418731678935,7.13,-7.64,14.77,0.8588,1.7620960700256951,3.1049825600000003,1.960234679827903,4.52,-8.05,12.57,9.2255,4.66280910503529,21.74178875,10.336906645607284,19.61,-7.33,26.94,-0.0584,0.2461370350028617,0.06058344,0.2529703539942971,0.73,-0.95,1.68,0.0334,0.1425147009960726,0.0203104399999999,0.1463762275781146,0.82,-0.43,1.25,-0.0085,0.0492620543623588,0.00242675,0.0499899989997999,0.11,-0.12,0.2299999999999999,10.134492190995136,3.4950085880665016,12.2150850306586,10.720215342986352,21.05433684541026,2.047119928094101,19.00721691731616,0.2328555863639051,0.1835681777953954,0.0336972758991219,0.2965113825808378,0.9596874491208062,0.0141421356237309,0.9455453134970752,Minor_Fault,Minor_fault_026_window_001.csv,1
-0.013,2.2852507521057728,5.222371000000001,2.285287728055266,6.29,-12.45,18.74,0.8725,1.7556943783016452,3.082462750000001,1.9605404867025829,4.47,-5.66,10.13,9.453,4.370687703325416,19.102911,10.414514871082572,19.61,-4.01,23.62,-0.0766,0.2296136755509131,0.05272244,0.2420537130473317,0.44,-0.95,1.39,0.0291,0.1422539630379414,0.02023619,0.1451998622588878,0.65,-0.84,1.49,-0.0034,0.0620196742977581,0.00384644,0.0621128006130781,0.29,-0.18,0.47,10.213015858598045,3.636301152548407,13.222686072024873,10.841050640966492,20.341794414456164,1.548709139896837,18.793085274559328,0.2151879812157344,0.1929381578130586,0.0372251327402967,0.2890173005202283,0.9596874491208062,0.02,0.9396874491208062,Minor_Fault,Minor_fault_026_window_002.csv,1
0.0719999999999999,2.718038998984378,7.3877359999999985,2.7189924604529523,6.29,-12.45,18.74,0.7763,1.855763268846541,3.44385731,2.0115911612452466,5.09,-5.66,10.75,9.4832,4.096532650913453,16.78157976,10.33018208939223,19.61,-3.99,23.6,-0.0604,0.2213952122336885,0.04901584,0.229486383038297,0.44,-0.86,1.3,0.0276999999999999,0.150418449666256,0.02262571,0.1529477034806342,0.37,-0.84,1.21,-0.0082,0.0653969418245226,0.00427676,0.0659090282131363,0.29,-0.22,0.51,10.238666471650816,3.6499027223055496,13.32178988229346,10.86977833260642,21.18142110435464,1.548709139896837,19.6327119644578,0.2210638103077176,0.1775719340780897,0.0315317917722334,0.2835507009337131,0.9246080250571048,0.0173205080756887,0.9072875169814162,Minor_Fault,Minor_fault_026_window_003.csv,1
0.1257,2.2117885319351847,4.89200851,2.215357533221218,8.24,-7.13,15.37,0.3758999999999999,2.1794261148293144,4.74989819,2.2116055254045643,7.27,-6.24,13.51,9.7502,4.179592798347705,17.46899596,10.60827017001358,19.61,-6.71,26.32,-0.0893,0.3033883814518941,0.09204451,0.3162578062277673,0.63,-1.05,1.6800000000000002,0.0174,0.1244397042748013,0.01548524,0.1256503083959605,0.43,-0.5,0.93,-0.0112,0.0487499743589676,0.00237656,0.0500199960015992,0.12,-0.16,0.28,10.431274687730424,3.677351273554724,13.522912389114548,11.060488415978744,20.941074471000764,0.4535416188179426,20.48753285218282,0.265362487426823,0.2188418384739289,0.0478917502666491,0.3439607535751717,1.1367937367878131,0.0141421356237309,1.122651601164082,Minor_Fault,Minor_fault_027_window_001.csv,1
0.0825,2.2231551340381084,4.94241875,2.2246853710131687,8.24,-7.13,15.37,0.289,2.1452857618508543,4.602251,2.164664408170468,4.68,-6.24,10.92,9.2433,3.905429567922074,15.252380109999995,10.034489274497234,19.61,-6.71,26.32,-0.0512,0.3001075807106511,0.0900645599999999,0.304443755068157,0.6,-1.05,1.65,0.0246,0.1193182299567002,0.0142368399999999,0.1218277472499594,0.43,-0.5,0.93,-0.0087,0.051897109746112,0.00269331,0.0526212884676914,0.22,-0.19,0.41,10.012860581454335,3.1731049425378157,10.068594976357913,10.503617091269083,20.91356258507861,0.7179136438319027,20.19564894124671,0.26862170167611,0.1952930653879724,0.0381393813886309,0.3321099215621237,1.1367937367878131,0.0360555127546398,1.1007382240331731,Minor_Fault,Minor_fault_027_window_002.csv,1
0.3809,1.9974163787252772,3.9896721900000007,2.0334101898043104,5.3,-5.42,10.72,0.3751,1.873825229310354,3.5112209900000004,1.911,4.62,-4.36,8.98,9.4378,3.2936902040113,10.848395159999995,9.996022408938469,18.33,-0.85,19.18,-0.0261999999999999,0.2455352520515129,0.06028756,0.2469291396332154,0.75,-0.72,1.47,0.022,0.1070046727951634,0.01145,0.1092428487361987,0.35,-0.32,0.6699999999999999,-0.0063999999999999,0.0512351441883401,0.00262504,0.0516333225737023,0.22,-0.19,0.41,9.917596826290964,3.057517815343585,9.348415191143408,10.378205143472544,19.2465399487804,0.7179136438319027,18.5286263049485,0.2284532726528663,0.1529153432922776,0.0233831022141951,0.2749072570886406,0.7619711280619496,0.0141421356237309,0.7478289924382187,Minor_Fault,Minor_fault_027_window_003.csv,1
0.3024,1.7075128813569755,2.9156002400000007,1.7340836196677485,5.38,-4.26,9.64,0.4080999999999999,2.317111432365737,5.369005389999999,2.3527751698791795,6.06,-4.23,10.29,9.884,2.704812008254917,7.316007999999999,10.247412551468786,19.61,0.82,18.79,-0.0574,0.2517285045440822,0.06336724,0.2581898526278676,0.8,-0.64,1.44,0.0471,0.1088879699507709,0.01185659,0.1186381051770467,0.4,-0.23,0.63,-0.0084999999999999,0.0422699656966977,0.00178675,0.0431161222746202,0.1,-0.12,0.22,10.32218424289908,2.6466154718141364,7.004573455645964,10.656080940007916,19.64547021580293,1.2762836675285003,18.36918654827443,0.2430299291855557,0.1534029123584808,0.0235324535200637,0.2873951982897417,0.8128960573160631,0.0223606797749978,0.7905353775410652,Minor_Fault,Minor_fault_028_window_001.csv,1
0.1605999999999999,1.7794700447043217,3.16651364,1.7867025493909163,5.38,-5.04,10.42,0.5451,2.2936100344217194,5.260646990000001,2.357494644744713,6.06,-4.23,10.29,9.6104,2.458271311308009,6.043097839999999,9.91982288148332,18.82,-0.53,19.35,-0.0579999999999999,0.2340939982143925,0.0548,0.2411721376942203,0.59,-0.68,1.27,0.0279,0.1012649495136397,0.01025459,0.1050380883299006,0.26,-0.2,0.46,-0.0013,0.0358512203418516,0.00128531,0.0358747822293041,0.1,-0.1,0.2,10.102244274568568,2.2577939713239217,5.097633616946645,10.351472020925334,18.92325024936256,3.763482429877945,15.159767819484612,0.2237515814422789,0.1428958704864462,0.0204192298020792,0.2654882294942658,0.6854195795277518,0.0223606797749978,0.6630588997527539,Minor_Fault,Minor_fault_028_window_002.csv,1
0.1391999999999999,1.9514587774277992,3.80819136,1.9564171334355047,5.16,-5.04,10.2,0.5238,1.931477041023268,3.73060356,2.001242114288024,5.27,-4.0,9.27,10.0292,2.5386944203665003,6.44496936,10.345521833141138,19.61,-0.53,20.14,-0.0566,0.2006251230529217,0.0402504399999999,0.2084562304178026,0.59,-0.68,1.27,0.0265,0.0963574076031521,0.00928475,0.0999349788612575,0.3,-0.2,0.5,-0.0077,0.0313322517543824,0.00098171,0.0322645316098033,0.1,-0.09,0.19,10.442524914529816,2.4116453738939483,5.816033409424082,10.717385875296271,20.296083366009317,3.763482429877945,16.532600936131367,0.1918942221407295,0.1328856933947531,0.0176586075090043,0.233413795650557,0.6854195795277518,0.01,0.6754195795277518,Minor_Fault,Minor_fault_028_window_003.csv,1
-0.0412999999999999,1.6392935399128492,2.68728331,1.639813708931597,5.19,-5.08,10.27,0.6479,1.889124821180432,3.56879259,1.997139704677667,5.15,-5.08,10.23,9.2568,2.713974900399781,7.36565976,9.64645043526374,14.69,-2.64,17.33,-0.045,0.1893224762145266,0.035843,0.1945970195044107,0.4,-0.61,1.01,0.0246,0.1002837972954754,0.01005684,0.1032569610244268,0.25,-0.33,0.5800000000000001,-0.0043,0.031376902332767,0.00098451,0.0316701752442262,0.09,-0.09,0.18,9.743496219027293,2.189941421545531,4.795843429800861,9.986569080520097,14.992254666993889,1.7513994404475524,13.240855226546334,0.1854581292782119,0.1230377270784291,0.015138282284626,0.2225601042415284,0.6599242380758567,0.02,0.6399242380758566,Minor_Fault,Minor_fault_029_window_001.csv,1
0.2350999999999999,1.559730422220455,2.43275899,1.57734935889295,5.19,-4.34,9.53,0.7447,1.712553914479775,2.9328409100000004,1.867463252650504,5.15,-3.38,8.530000000000001,9.6805,2.4353900611606343,5.931124749999999,9.982144308714435,19.61,2.09,17.52,-0.0691,0.1796668862088949,0.03228019,0.1924967532193725,0.35,-0.46,0.81,0.0389,0.0744297655511556,0.00553979,0.0839821409586586,0.23,-0.15,0.38,-0.0035,0.0289956893347959,0.00084075,0.0292061637330204,0.07,-0.09,0.16,9.998205981438876,2.377926019185593,5.654532152719841,10.277093703961253,20.227177262287487,2.204948979001555,18.022228283285934,0.1798109039605553,0.112378996333336,0.0126290388168879,0.2120400905489337,0.4656178690729126,0.02,0.4456178690729126,Minor_Fault,Minor_fault_029_window_002.csv,1
0.3242000000000001,1.33970308650835,1.79480436,1.3783722283911557,4.71,-3.65,8.36,0.6248,1.3199223310483084,1.74219496,1.46033215399785,3.4,-2.81,6.21,10.014699999999998,2.539880885002287,6.45099491,10.331757401333038,19.61,1.28,18.33,-0.0646,0.1542427956178181,0.02379084,0.1672244001334733,0.28,-0.5,0.78,0.0359,0.0638607077943863,0.00407819,0.0732598116295694,0.19,-0.1,0.29,-0.0028,0.0271322686113785,0.0007361599999999,0.0272763633939717,0.08,-0.08,0.16,10.22366859584536,2.500858141183808,6.254291442325328,10.525098146810793,20.227177262287487,1.9878128684561835,18.239364393831305,0.1514677693123984,0.1055107333854052,0.011132514859526,0.1845941494197473,0.5017967716117752,0.02,0.4817967716117751,Minor_Fault,Minor_fault_029_window_003.csv,1
0.0261,1.76022776651205,3.0984017900000005,1.7604212564042732,5.13,-4.69,9.82,0.7349,1.7792315728988175,3.16566499,1.9250306491066576,6.22,-2.54,8.76,9.6585,1.9090910795454477,3.6446287500000016,9.845366981479156,17.92,3.69,14.230000000000002,-0.0276,0.1740121834815022,0.03028024,0.17618740023055,0.47,-0.48,0.95,0.0161,0.082303037611014,0.0067737899999999,0.08386298349093,0.26,-0.29,0.55,-0.0118999999999999,0.0313271447789293,0.00098139,0.033511192160232,0.13,-0.1,0.23,10.021131846021778,1.820163048918468,3.312993524648174,10.185090917610896,18.098557953605034,4.835679890149884,13.262878063455153,0.1615807520736209,0.1144100544503105,0.013089660559323,0.1979848479050859,0.4892851929090027,0.01,0.4792851929090027,Minor_Fault,Minor_fault_030_window_001.csv,1
0.1523,1.794189987152977,3.2191177099999995,1.800642385372509,5.5,-4.68,10.18,0.7223,1.5146629030909813,2.29420371,1.6780706182994805,4.75,-2.54,7.29,9.7992,2.020218146636645,4.08128136,10.005278706762748,19.61,2.63,16.98,-0.0382999999999999,0.1600065936141382,0.0256021099999999,0.1645265935950781,0.35,-0.43,0.78,0.0334999999999999,0.0845857553019419,0.00715475,0.0909780193233508,0.28,-0.19,0.47,-0.0096,0.0342321486325354,0.0011718399999999,0.0355527776692623,0.13,-0.19,0.32,10.11718602449985,1.9509953730506224,3.806382945664938,10.303583648420584,20.366987995282955,4.5602960430217685,15.806691952261186,0.1607036207002058,0.103847707215154,0.0107843462938443,0.191337398330802,0.4456455991031438,0.01,0.4356455991031438,Minor_Fault,Minor_fault_030_window_002.csv,1
0.1629,1.929522891805122,3.72305859,1.9363870997298036,5.5,-5.13,10.63,0.6138999999999999,1.776378278971008,3.15551979,1.8794661476068144,6.75,-3.65,10.4,9.6318,2.130974134052312,4.54105076,9.864716012131316,19.61,2.63,16.98,-0.0674,0.2053661121022648,0.04217524,0.2161434708706233,0.35,-0.55,0.9,0.0447,0.0974828702901181,0.00950291,0.1072427153703224,0.35,-0.22,0.57,-0.0104,0.0320599438552222,0.00102784,0.0337045990927054,0.08,-0.19,0.27,10.03679688276826,1.9640056858505504,3.857318334053292,10.227150629574204,20.366987995282955,3.699743234333972,16.667244760948982,0.2048076449243802,0.1319425199870343,0.0174088285805289,0.2436288160296314,0.5537147279962852,0.02,0.5337147279962852,Minor_Fault,Minor_fault_030_window_003.csv,1
-0.4906999999999998,3.61578518582064,13.07390251,3.6489298431183914,12.65,-8.21,20.86,-0.0011999999999999,2.3953840109677613,5.73786456,2.395384311545853,13.14,-7.24,20.380000000000003,9.3166,2.087852111620936,4.359126440000001,9.54767835654302,18.57,4.6,13.97,-0.0729,0.3075363230579438,0.0945785899999999,0.3160585388816445,1.06,-1.1,2.16,0.0339999999999999,0.4848566798549856,0.235086,0.4860473227989225,1.06,-1.35,2.41,-0.0093999999999999,0.1231326114398618,0.01516164,0.1234908903522847,0.3,-0.76,1.06,10.249296405407906,2.2721444043221606,5.162640194092506,10.498129214293373,23.339942159311363,6.618224837522521,16.72171732178884,0.513405106538871,0.296310979512759,0.0878001965798106,0.5927773612411324,1.4803715749770394,0.0728010988928051,1.4075704760842342,Moderate_Fault,Moderate_Fault_001_window_001.csv,2
-0.4651,2.3714904574971416,5.623966990000001,2.416668160919078,5.56,-6.74,12.3,0.0178,3.344160755705383,11.18341116,3.3442081274944595,12.64,-19.61,32.25,9.6772,1.5484147248072784,2.39758816,9.800295301673312,17.29,5.3,11.989999999999998,-0.0561,0.5437497494252296,0.29566379,0.5466360763798891,1.49,-1.72,3.21,0.0605,0.3720547674738223,0.13842475,0.3769416400452463,0.74,-1.35,2.09,0.0132,0.1590904145446859,0.02530976,0.159637088422459,0.62,-0.36,0.98,10.446610454962537,1.98447247455524,3.9381310022673977,10.63342846874892,21.98412381697301,7.312079047712763,14.672044769260246,0.5946186826128513,0.3358699484737465,0.1128086222877571,0.6829202003162594,1.7785387260332566,0.0734846922834953,1.7050540337497613,Moderate_Fault,Moderate_Fault_001_window_002.csv,2
-0.3528999999999999,2.021335348228987,4.08579659,2.0519100857493733,7.92,-5.21,13.13,0.1829,3.443288630074453,11.856236590000002,3.4481428334684745,12.64,-19.61,32.25,9.378399999999996,3.412400246161051,11.64447544,9.97992294559432,17.29,-19.61,36.9,-0.056,0.5849273459157129,0.3421400000000001,0.5876019060554518,1.49,-1.72,3.21,0.0906999999999999,0.3215128457775831,0.1033705099999999,0.3340613716070746,0.9,-0.83,1.73,0.0113,0.1731511189683739,0.0299813099999999,0.1735194513592064,0.62,-0.6,1.22,10.473774080233245,2.449273875301474,5.9989425162343,10.756341664339228,21.98412381697301,6.595316520076955,15.388807296896054,0.5982414025825017,0.3592898888587337,0.1290892242361212,0.6978409560924324,1.7785387260332566,0.0640312423743284,1.714507483658928,Moderate_Fault,Moderate_Fault_001_window_003.csv,2
-0.4359,3.7047801810633785,13.72539619,3.730335775771398,13.26,-7.96,21.22,0.7799999999999998,2.742960444483296,7.523832,2.8517068573049364,13.95,-5.25,19.2,9.5886,3.0782514582145493,9.47563204,10.070594917878486,19.61,1.86,17.75,-0.073,0.2470850056154764,0.061051,0.2576431640855235,1.12,-0.63,1.75,-0.0044,0.6172103693231343,0.3809486399999999,0.6172260525933752,1.38,-2.34,3.72,-0.0103,0.1158831739296089,0.0134289099999999,0.1163400189100895,0.63,-0.45,1.08,10.655468335519648,3.1504783050734027,9.92551355073818,11.111458905112327,24.64880321638355,6.162637422402846,18.486165793980703,0.5610055765837673,0.3823032082548024,0.1461557430419148,0.6788836424601788,2.373309924978193,0.0244948974278317,2.3488150275503616,Moderate_Fault,Moderate_Fault_002_window_001.csv,2
0.4726999999999999,4.271940274629317,18.249473710000004,4.298013378294675,17.66,-6.2,23.86,0.4263999999999999,4.152109709533215,17.24001504,4.173946813269188,15.61,-19.61,35.22,8.9477,4.886691079861709,23.879749709999995,10.195150072460924,19.61,-19.61,39.22,-0.0735999999999999,0.2849193570117692,0.08117904,0.2942719830361022,1.12,-0.96,2.08,0.0625,0.5324384941004924,0.28349075,0.5360942081388308,1.09,-1.81,2.9000000000000004,-0.0040999999999999,0.1709274407460662,0.02921619,0.1709766065869831,0.67,-0.9,1.57,11.097174955476849,4.085161442040867,16.688544007537416,11.825220336213617,30.456728320684743,6.162637422402846,24.294090898281897,0.546930615368326,0.3226343161736278,0.1040929019728244,0.6350007874010867,2.21977476334875,0.0244948974278317,2.1952798659209183,Moderate_Fault,Moderate_Fault_002_window_002.csv,2
0.6548,4.56229360738653,20.81452296,4.609043935568417,18.73,-6.2,24.93,0.0051,4.219342009128911,17.80284699,4.219345091361928,15.61,-19.61,35.22,8.4717,5.4190196631863214,29.36577411,10.056613495605763,19.61,-19.61,39.22,-0.0778,0.2808863827244033,0.07889716,0.2914618328357934,0.73,-0.96,1.69,0.132,0.5291559316496415,0.280006,0.5453714330619087,1.3,-1.46,2.76,-0.0094,0.16847444910134,0.0283836399999999,0.1687364809399556,0.67,-0.9,1.57,11.087260042880438,4.153829406890331,17.254298741546883,11.839832515707306,30.456728320684743,6.311473678943769,24.145254641740973,0.566663480191094,0.2995738643769139,0.0897445002177176,0.6409773786960036,1.5225307878660448,0.094339811320566,1.4281909765454788,Moderate_Fault,Moderate_Fault_002_window_003.csv,2
-0.6623,3.406185800862895,11.60210171,3.46997737744787,8.68,-8.77,17.45,0.2221,2.1466659241717143,4.60817459,2.158124880538659,7.18,-11.01,18.19,9.3643,2.460853207731009,6.05579851,9.682247311445828,19.61,0.32,19.29,-0.0646,0.2858615748924643,0.0817168399999999,0.2930699575186785,0.38,-1.23,1.61,0.0733999999999999,0.5323818554383686,0.2834304399999999,0.5374179007067033,1.13,-1.7,2.83,-0.0032999999999999,0.0838696011675267,0.0070341099999999,0.0839344982709731,0.31,-0.31,0.62,10.23722422082474,2.3755839813736936,5.64339925255929,10.509241599658845,20.582142745593814,5.378893938348292,15.203248807245522,0.518801592145509,0.3355561174934601,0.1125979079872847,0.6178616349960564,1.7370664926824189,0.0728010988928051,1.6642653937896137,Moderate_Fault,Moderate_Fault_003_window_001.csv,2
-0.4478999999999999,2.697130065458468,7.274510590000001,2.7340674827077693,8.28,-5.02,13.3,0.2865,2.0042840991236743,4.01715475,2.0246572549446484,3.55,-8.94,12.489999999999998,9.4343,2.5303949316262866,6.40289851,9.76774871707908,19.61,0.32,19.29,-0.0649,0.2520733821727315,0.0635409899999999,0.2602940644732415,0.38,-0.71,1.09,0.0554,0.4142111055971338,0.1715708399999999,0.4178995094517341,0.76,-1.54,2.3,-0.0014999999999999,0.0761495239643689,0.00579875,0.0761642960973184,0.21,-0.31,0.52,10.05211319690676,2.436862178411608,5.938297276572968,10.343272064487138,21.82926017985951,4.162331077653482,17.666929102206026,0.4210460135898038,0.266297304605463,0.0709142544401347,0.498190726529509,1.5818027689949212,0.0435889894354067,1.5382137795595143,Moderate_Fault,Moderate_Fault_003_window_002.csv,2
-0.3673999999999999,2.379203488565028,5.660609239999999,2.407403580623739,4.68,-6.0,10.68,0.3558999999999999,1.9126150135351336,3.65809619,1.945446221307595,3.91,-8.94,12.85,9.5511,1.9718883817295545,3.88834379,9.7525306972088,19.61,3.76,15.85,-0.0677,0.2469730957007261,0.06099571,0.256083970603394,0.4,-0.71,1.11,0.083,0.3428337789658423,0.117535,0.3527378630087788,0.72,-0.92,1.64,0.0011999999999999,0.0831057158082402,0.00690656,0.0831143790207206,0.38,-0.18,0.56,10.031722278078552,2.0141390556519423,4.056756135502497,10.231921031751565,21.82926017985951,4.162331077653482,17.666929102206026,0.3924976696314863,0.2070183067601815,0.0428565793338526,0.4437465492823577,0.9464142856064676,0.0435889894354067,0.9028252961710608,Moderate_Fault,Moderate_Fault_003_window_003.csv,2
-0.1010999999999999,2.760495931893398,7.62033779,2.762346647327232,9.34,-6.67,16.009999999999998,0.3963,2.1751035170768307,4.73107531,2.2109113505520748,9.22,-7.88,17.1,9.4157,2.2704185759458544,5.154800510000001,9.685566942621376,18.44,-1.71,20.15,-0.0542,0.2524289206885772,0.0637203599999999,0.2581821062738469,0.46,-1.27,1.73,0.0905,0.3206442732998673,0.1028127499999999,0.3331711272004223,0.92,-0.56,1.48,-0.0113999999999999,0.1048143119998409,0.0109860399999999,0.1054324428247776,0.48,-0.59,1.0699999999999998,10.085596181055324,2.1470083075484987,4.609644672682268,10.311590323514604,20.423626024778265,1.9794443664826755,18.44418165829559,0.3738730225720807,0.2213503173542256,0.0489959629928163,0.4344847523216436,1.3030349189488362,0.05,1.253034918948836,Moderate_Fault,Moderate_Fault_004_window_001.csv,2
0.1777,3.033688795839151,9.20326771,3.038888777168391,8.86,-6.67,15.53,0.1399999999999999,3.3635841003310745,11.313698000000002,3.366496398334624,6.57,-19.16,25.73,9.7346,2.9768074912563627,8.86138284,10.179578576738823,19.61,-1.71,21.32,-0.0437,0.2332408840662373,0.0544013099999999,0.2372993889583367,0.63,-0.94,1.5699999999999998,0.0504,0.4246290616526382,0.18030984,0.427609635064506,0.92,-1.41,2.33,0.0032,0.1086082869766391,0.0117957599999999,0.1086554186407654,0.4,-0.52,0.92,10.611595981277636,3.4038204609133427,11.58599373013232,11.144144785491616,27.416383787801045,1.9794443664826755,25.43693942131837,0.4325232445166974,0.2527659845642788,0.0638906429527492,0.500966066715102,1.5953056133543817,0.0458257569495584,1.549479856404823,Moderate_Fault,Moderate_Fault_004_window_002.csv,2
0.5244,3.219614362000517,10.36591664,3.262041078833926,8.86,-7.3,16.16,0.0449999999999999,3.713357645043095,13.789025000000002,3.71363029931629,6.57,-19.16,25.73,10.171499999999998,3.013281724299937,9.07986675,10.608453186021045,19.61,2.13,17.48,-0.0517,0.2135418226015691,0.04560011,0.2197111740444714,0.63,-0.89,1.52,0.0341999999999999,0.4500715054299705,0.20256436,0.4513690286229218,1.03,-1.41,2.44,0.0187,0.1196466046321415,0.01431531,0.1210991329448729,0.4,-0.52,0.92,11.097676427575106,3.716560090842584,13.81281890884384,11.703471322646116,27.416383787801045,6.893032714270258,20.523351073530787,0.4306551591843874,0.2849704087582954,0.0812081338678699,0.5164029434462976,1.5953056133543817,0.0458257569495584,1.549479856404823,Moderate_Fault,Moderate_Fault_004_window_003.csv,2
-0.1688999999999998,5.986845061466013,35.84231379,5.98922707868052,19.61,-19.61,39.22,0.5975,5.163394498776943,26.66064275,5.197850421087548,19.61,-19.61,39.22,9.339,4.319012734410492,18.653871,10.289353332450004,19.61,-19.61,39.22,-0.0574,0.8695316210466414,0.7560852399999999,0.8714241217684993,1.74,-4.37,6.11,0.0043999999999999,0.9170695938695164,0.84101664,0.9170801491690898,2.45,-4.37,6.82,-0.0112999999999999,0.296852337029709,0.0881213099999999,0.2970673324349211,0.86,-1.88,2.74,11.806909619371126,5.418133187731876,29.356167240001582,12.990738316200508,33.96551633642569,2.3720244518132607,31.593491884612423,0.7755831938372293,1.0426580021451155,1.0871357094372436,1.29948643702041,5.470594117643897,0.0223606797749978,5.448233437868899,Moderate_Fault,Moderate_Fault_005_window_001.csv,2
0.7467999999999999,5.602085126093676,31.38335776,5.651642946966837,19.61,-19.61,39.22,0.6637000000000001,4.734121387332606,22.41190531,4.780418705511056,19.61,-19.61,39.22,10.0351,2.663503893370535,7.0942529899999975,10.38255676603793,19.61,-1.13,20.74,-0.0958999999999999,0.6738309802910519,0.4540481899999999,0.6806210399333833,1.74,-3.99,5.73,0.103,0.7036511919978534,0.495125,0.7111497732545515,2.45,-4.37,6.82,-0.0056,0.1875650287233737,0.03518064,0.1876486077752776,0.73,-0.83,1.56,11.740241627818396,4.97570924798064,24.757682520440067,12.751115872738351,33.96551633642569,2.3720244518132607,31.593491884612423,0.5960239128166177,0.8055721540313873,0.6489464953507691,1.0020933090286552,5.20255706359863,0.0223606797749978,5.180196383823632,Moderate_Fault,Moderate_Fault_005_window_002.csv,2
0.1343,2.610500049798889,6.814710510000001,2.613952371410007,16.9,-4.58,21.48,0.3412,3.8831251022855287,15.078660559999996,3.898086453633373,14.43,-12.61,27.04,9.8899,1.3793661551596803,1.90265099,9.985628322744644,19.61,6.37,13.239999999999998,-0.0503999999999999,0.9597634291845047,0.92114584,0.9610858442407731,2.08,-2.53,4.609999999999999,0.0451,0.2175154937010235,0.0473129899999999,0.2221418465755608,0.89,-0.4,1.29,-0.0142999999999999,0.6516613460993371,0.42466251,0.651818226195003,1.49,-1.71,3.2,10.783654323537178,2.3352510422774406,5.453397430457873,11.033612191843616,29.63759436931412,8.583507441599851,21.054086927714263,0.9146014192475692,0.7492691398358349,0.561404243910332,1.1823282116231515,2.6927495241852704,0.0244948974278317,2.6682546267574385,Moderate_Fault,Moderate_Fault_005_window_003.csv,2
-0.3385,2.8513408687843684,8.130144749999998,2.8713632650711403,8.92,-7.04,15.96,0.5684999999999999,1.9170964373239023,3.67525875,1.9996127125020984,5.6,-7.89,13.489999999999998,9.641799999999998,2.419324856235723,5.853132760000001,9.94069615268468,19.61,-3.25,22.86,-0.0491,0.2713635753007392,0.0736381899999999,0.2757698315624825,0.64,-1.25,1.89,0.0403,0.4148360037412375,0.17208891,0.41678891539963,0.81,-1.21,2.02,-0.0019999999999999,0.1023327904437282,0.0104719999999999,0.1023523326553918,0.32,-0.42,0.74,10.28422076433693,2.301178235248447,5.295421270381158,10.538530163167918,21.38765531796321,4.900469365275127,16.48718595268808,0.4343359487779612,0.2675636066417633,0.0715902835991482,0.5101352761768195,1.3885604055999867,0.0640312423743284,1.3245291632256582,Moderate_Fault,Moderate_Fault_006_window_001.csv,2
-0.8146999999999999,3.096161318471633,9.58621491,3.201554466192946,10.25,-6.42,16.67,0.3695,2.288519335727798,5.237320750000001,2.318156810916811,11.59,-9.75,21.34,9.5879,2.235696891351777,4.998340590000001,9.84510878558485,19.61,4.49,15.12,-0.0379,0.1810706768088085,0.03278659,0.1849945945156236,0.36,-0.69,1.0499999999999998,-0.0078,0.4917368808621131,0.24180516,0.491798739323313,0.73,-1.31,2.04,-0.0148999999999999,0.1075127434307208,0.01155899,0.1085403150907532,0.31,-0.5,0.81,10.276283990757763,2.635897634828733,6.947956341295712,10.608957017539472,24.978845049361272,4.572942160141543,20.40590288921973,0.4697811114934073,0.2591827681077945,0.0671757072840187,0.5365351805799877,1.3188631468048533,0.0640312423743284,1.2548319044305247,Moderate_Fault,Moderate_Fault_006_window_002.csv,2
-0.4463,3.2869318992032674,10.80392131,3.317092853689809,10.25,-6.42,16.67,0.516,2.1536424958660154,4.6381760000000005,2.214595222608412,11.59,-9.75,21.34,9.6905,2.025906895688941,4.104298750000001,9.900004494948474,19.61,4.49,15.12,-0.0504999999999999,0.1659359816314713,0.02753475,0.1734502810605967,0.54,-0.61,1.15,-0.0096,0.4877087655558386,0.23785984,0.4878032390216367,0.69,-1.31,2.0,-0.0096999999999999,0.1090271067212186,0.01188691,0.1094577544078079,0.31,-0.5,0.81,10.38529278255814,2.4623809251506588,6.063319820545815,10.673220038957316,24.978845049361272,4.572942160141543,20.40590288921973,0.4538359935686465,0.272122933509029,0.0740508909415594,0.529167270340863,1.3188631468048533,0.0714142842854285,1.2474488625194249,Moderate_Fault,Moderate_Fault_006_window_003.csv,2
-0.2936,2.7236330589857367,7.418177040000001,2.7394119806995074,12.9,-6.98,19.880000000000003,0.0710999999999999,2.177860369720704,4.743075790000001,2.179020651577217,13.15,-6.94,20.09,9.8191,1.94132588454386,3.76874619,10.009169346154554,19.61,5.96,13.65,-0.0571,0.3749141101639148,0.14056059,0.3792373926711341,1.11,-1.6,2.71,0.0044999999999999,0.3870720217220563,0.14982475,0.3870981787608926,0.76,-1.03,1.79,-0.001,0.1082820391385386,0.011725,0.1082866566110525,0.29,-0.33,0.62,10.380973445047523,2.16133531253671,4.671370333218158,10.603583356582812,20.79041606125284,7.788106316685719,13.002309744567118,0.459919139845697,0.3063762144873427,0.0938663848035942,0.5526228370235888,1.636154026979123,0.0781024967590665,1.5580515302200566,Moderate_Fault,Moderate_Fault_007_window_001.csv,2
-0.2667,2.42607009585461,5.88581611,2.440685354567442,12.9,-5.43,18.33,0.0510999999999999,3.28284111555829,10.77704579,3.283238797285388,15.54,-13.96,29.5,10.1142,1.885223159204236,3.5540663600000006,10.288396765288557,19.61,6.2,13.41,-0.055,0.4384005018245303,0.192195,0.4418370740442681,1.15,-1.9,3.05,0.0189,0.3920915581850749,0.15373579,0.3925468124950195,1.35,-1.1,2.45,-0.0236,0.2243903741250948,0.05035104,0.2256280124452635,0.4,-1.59,1.99,10.788282973123437,2.490112546013734,6.200660491815001,11.071933435493548,20.79041606125284,7.72462944095055,13.065786620302289,0.5023887065554732,0.3844822330427228,0.1478265875255186,0.6326302237484391,1.9016834647227705,0.0591607978309961,1.842522666891774,Moderate_Fault,Moderate_Fault_007_window_002.csv,2
-0.3072999999999999,2.33732404899278,5.463083710000001,2.3574386524361564,7.69,-6.78,14.47,0.3142999999999999,2.959248639435355,8.757152510000001,2.975892639192483,15.54,-13.96,29.5,10.0318,2.0426097914188115,4.17225476,10.237639669376922,19.61,6.2,13.41,-0.0581,0.3553975098393346,0.12630739,0.3601152593267883,1.15,-1.9,3.05,0.045,0.3857706572563548,0.148819,0.3883864055293387,1.35,-1.1,2.45,-0.0245,0.2157515932733753,0.0465487499999999,0.21713820483738,0.4,-1.59,1.99,10.626713391144628,2.5091198661019547,6.29568250246749,10.918915697082747,21.823551498324004,6.871135277375929,14.952416220948075,0.4550905862268235,0.3472298350195819,0.120568558327726,0.5724299083730688,1.9016834647227705,0.0591607978309961,1.842522666891774,Moderate_Fault,Moderate_Fault_007_window_003.csv,2
-0.2057999999999999,1.898771803034793,3.605334360000001,1.909892143551567,4.42,-6.26,10.68,0.0926,2.961045295161828,8.767789239999999,2.9624928691897305,7.39,-15.07,22.46,9.7366,1.8605919595655571,3.461802440000001,9.912778722437016,19.61,5.68,13.93,-0.0655999999999999,0.6663742492023532,0.4440546399999999,0.6695954002231497,1.75,-1.92,3.67,0.0289,0.3075382740408094,0.09457979,0.3088931854217571,1.07,-1.02,2.09,-0.0023999999999999,0.162265954531442,0.02633024,0.1622837022008063,0.4,-0.62,1.02,10.253629010746284,2.3559130098503616,5.55032610998219,10.520800064633868,25.51165615948913,5.720297195076494,19.79135896441264,0.6067659251530888,0.4493819222811664,0.2019441120731163,0.7550556270898191,2.283790708449441,0.058309518948453,2.225481189500988,Moderate_Fault,Moderate_Fault_008_window_001.csv,2
-0.2020999999999999,2.4023793601344483,5.771426590000001,2.410865197392836,6.38,-6.97,13.35,0.5137,2.394959145789339,5.735829310000001,2.44943197496889,7.39,-4.45,11.84,9.6633,1.31673008243907,1.7337781100000005,9.752596833664356,14.46,5.69,8.77,-0.0650999999999999,0.7132369802527068,0.50870699,0.7162017872080465,2.04,-1.92,3.96,0.0315999999999999,0.3789161384792154,0.14357744,0.3802315084261166,1.07,-1.4,2.47,-0.0041999999999999,0.199294656225399,0.0397183599999999,0.1993389073914071,0.46,-0.62,1.08,10.265478812331418,1.2430115661468173,1.5450777535747635,10.340460966514016,15.481744087795793,7.574985148500293,7.9067589392955,0.692531108779859,0.4665379549105722,0.2176576633721391,0.8350191614567896,2.3587284710199263,0.0714142842854285,2.287314186734498,Moderate_Fault,Moderate_Fault_008_window_002.csv,2
-0.3558999999999999,2.079637033234406,4.3248901900000005,2.1098708491279745,6.38,-6.97,13.35,0.2827,2.035744510001193,4.14425571,2.0552797863064773,5.22,-4.95,10.17,9.646999999999998,1.5605040852237455,2.435173,9.772398988989346,14.3,5.69,8.61,-0.0695,0.5591714853244932,0.31267275,0.5634740455424722,2.04,-1.54,3.58,0.0195999999999999,0.3948972524594214,0.15594384,0.3953833582739668,0.77,-1.4,2.17,-0.0475,0.2367461720915462,0.05604875,0.2414642830730872,0.58,-0.71,1.29,10.09223452975128,1.5239141040412911,2.322314196495971,10.206640583463296,15.481744087795793,7.522406529828071,7.9593375579677215,0.6277717177379317,0.3715355573943988,0.1380386704083666,0.7294765246394157,2.3587284710199263,0.0714142842854285,2.287314186734498,Moderate_Fault,Moderate_Fault_008_window_003.csv,2
-0.3016000000000001,1.8315303546488115,3.3545034400000007,1.856196649064964,4.5,-6.91,11.41,0.1533,2.3364387665847355,5.458946109999999,2.34146257710859,6.51,-11.16,17.67,10.0063,3.0343851617749515,9.207493309999998,10.456267641945669,19.61,-5.01,24.62,-0.0473,0.1981305377774966,0.03925571,0.2036983063258013,0.39,-0.65,1.04,0.0176,0.3047068099009275,0.09284624,0.3052146785461014,0.58,-1.5,2.08,0.0071,0.0571190861271431,0.00326259,0.0575586657246326,0.17,-0.15,0.32,10.440075443626254,3.0440549816637845,9.266270731392105,10.874807860371602,23.51298790030735,2.590308861892728,20.92267903841462,0.2879044428666336,0.2346764406105846,0.0550730317776532,0.3714323626180142,1.5105297084135751,0.0412310562561766,1.4692986521573983,Moderate_Fault,Moderate_Fault_009_window_001.csv,2
-0.1574,1.9127031238537775,3.65843324,1.91916856998024,7.99,-6.59,14.58,0.2114999999999999,1.933894710163922,3.73994875,1.9454256603633049,6.51,-11.16,17.67,9.5554,2.8170784227635552,7.935930840000001,9.962007829749984,19.61,-5.01,24.62,-0.058,0.1787288449019911,0.031944,0.1879042309262886,0.29,-0.65,0.94,0.0143,0.3449847967664662,0.11901451,0.3452810449474456,0.64,-1.5,2.14,-0.0075,0.0644728625081902,0.00415675,0.064907626670523,0.22,-0.21,0.43,10.016931775018364,2.523998180393053,6.370566814627443,10.330028509157174,23.505867352641975,2.590308861892728,20.915558490749248,0.2980989939900941,0.2643425614275798,0.0698769897820938,0.3984218869489978,1.5105297084135751,0.033166247903554,1.4773634605100212,Moderate_Fault,Moderate_Fault_009_window_002.csv,2
-0.0362,1.8822565074930675,3.5428895600000003,1.882604578768468,7.99,-6.03,14.02,0.2976,1.6059869987020443,2.57919424,1.6333278911473958,7.02,-4.68,11.7,9.4421,2.1293836173879046,4.534274589999999,9.679231736041864,19.61,-2.34,21.95,-0.0603999999999999,0.2926223504792482,0.0856278399999999,0.2987908967823485,0.68,-1.16,1.84,0.0416,0.2979151557071241,0.08875344,0.3008055850545332,0.64,-1.47,2.11,-0.0172,0.0628980126872065,0.00395616,0.0652073615476044,0.22,-0.21,0.43,9.836940818584877,1.7703339604884536,3.1340823316587336,9.994973086507038,21.381332979961748,4.118361324604726,17.26297165535702,0.3468916031207296,0.2523454292915373,0.0636782156843302,0.4289661991346172,1.4810131667206743,0.033166247903554,1.4478469188171204,Moderate_Fault,Moderate_Fault_009_window_003.csv,2
0.1466999999999999,1.375795082852094,1.89281211,1.3835942324250994,6.75,-3.38,10.13,0.2558999999999999,2.10952036965752,4.45007619,2.1249849411231128,5.25,-10.91,16.16,9.3166,3.206508450012256,10.281696439999996,9.852955495687576,19.61,-17.63,37.24,-0.0340999999999999,0.5290956340776212,0.27994219,0.5301933609542843,1.58,-1.59,3.17,0.0328,0.2277150851393029,0.0518541599999999,0.2300652081476032,1.15,-1.27,2.42,0.0077,0.1158175720691812,0.0134137099999999,0.1160732527329186,0.56,-0.34,0.9000000000000001,9.961307296662708,2.069536890575834,4.28298294145429,10.174017200693145,21.80384140466996,4.854276465138755,16.9495649395312,0.4510988574221322,0.3794967995022446,0.1440178208324468,0.5894980915999644,2.103069185737835,0.0141421356237309,2.088927050114104,Moderate_Fault,Moderate_Fault_010_window_001.csv,2
0.0017999999999999,1.371384249581422,1.88069476,1.37138543086909,6.75,-4.3,11.05,0.4517,2.383269625955066,5.67997411,2.425697219357766,6.0,-10.91,16.91,9.3041,2.980908282721896,8.885814190000001,9.769958597660484,14.99,-17.63,32.62,-0.0269,0.6906195696619087,0.47695539,0.6911432557726365,1.44,-1.64,3.08,0.0457,0.1814180531259224,0.03291251,0.1870855419320263,1.15,-0.54,1.69,-0.0057,0.1163551030251789,0.01353851,0.1164946350696031,0.27,-0.34,0.6100000000000001,10.024494706694686,1.6511516815393623,2.726301875450264,10.159566723044836,21.80384140466996,5.407087940842095,16.396753463827864,0.6029930163236904,0.4032994201147053,0.1626504222648576,0.7254315956725347,1.687986966774329,0.0141421356237309,1.673844831150598,Moderate_Fault,Moderate_Fault_010_window_002.csv,2
0.074,1.3354212818432991,1.78335,1.337469999663544,5.55,-4.3,9.85,0.4722,2.158383459906974,4.65861916,2.2094325063237394,6.0,-7.14,13.14,9.5711,2.119911269369546,4.49402379,9.803059675427871,19.61,-4.8,24.41,-0.0532,0.6852311726709461,0.46954176,0.687293241637076,1.44,-1.67,3.11,0.0462,0.1942924599669271,0.0377495599999999,0.1997097894445838,0.54,-0.76,1.3,-0.0128,0.1020105876857887,0.0104061599999999,0.102810505299799,0.25,-0.34,0.5900000000000001,10.010125995185945,1.6024277083546026,2.5677745605025835,10.13757352624384,20.903868063112142,4.91184283136177,15.992025231750375,0.5875218800495133,0.4214783985723175,0.1776440404630853,0.7230670784927219,1.687986966774329,0.03,1.657986966774329,Moderate_Fault,Moderate_Fault_010_window_003.csv,2
-0.2575999999999999,1.8344814635204143,3.365322240000001,1.8524794195887848,5.41,-5.51,10.92,0.4175,2.700090878100217,7.290490750000001,2.732178068867401,19.61,-4.46,24.07,9.9906,2.2750665133134023,5.17592764,10.246365989949805,19.61,3.35,16.259999999999998,-0.0485,0.5028048826334127,0.25281275,0.5051385948430391,1.42,-1.47,2.89,0.008,0.3407462398912128,0.1161079999999999,0.3408401384813707,0.7,-1.72,2.42,0.0081,0.115669313130147,0.01337939,0.1159525765129865,0.38,-0.34,0.72,10.415157904476176,2.721943942263964,7.408978824827488,10.764966000875248,28.06718012198589,4.604671540946216,23.462508581039675,0.5050855195555629,0.3600980671085128,0.1296706179352869,0.6203079880188551,1.728380745090618,0.0435889894354067,1.6847917556552112,Moderate_Fault,Moderate_Fault_011_window_001.csv,2
-0.1671999999999999,1.5984380375854423,2.55500416,1.6071589840460712,5.28,-4.72,10.0,0.2070999999999999,2.593592217369569,6.726720589999998,2.6018476127552126,19.61,-4.46,24.07,9.7466,2.452761390759403,6.01603844,10.050485062921092,19.61,-5.31,24.92,-0.0432,0.4898527942147518,0.23995576,0.4917540035424216,1.42,-1.36,2.78,0.0372,0.2517462214214942,0.06337616,0.2544798616786797,0.72,-0.82,1.54,0.0019,0.1151754748199459,0.01326539,0.1151911454930456,0.38,-0.34,0.72,10.215901247022469,2.4495270382432506,6.000182711084751,10.505466243818024,28.06718012198589,4.604671540946216,23.462508581039675,0.47570024747043,0.3058762405885287,0.0935602745565715,0.5655537109771273,1.4543039572248986,0.0435889894354067,1.410714967789492,Moderate_Fault,Moderate_Fault_011_window_002.csv,2
-0.1975999999999999,1.833505996717764,3.36174424,1.844123097843525,5.78,-6.39,12.17,0.0165,1.9549590149156584,3.821864750000001,1.9550286442914333,5.69,-10.28,15.97,9.6647,2.536174463636128,6.43218091,9.991927091407344,19.61,-5.31,24.92,-0.0453,0.3910919457109799,0.15295291,0.3937067436557316,1.25,-1.32,2.5700000000000003,0.0407999999999999,0.3302746735673203,0.1090813599999999,0.3327852160177793,0.72,-0.99,1.71,-0.0084999999999999,0.0849749963224476,0.0072207499999999,0.0853990632267122,0.22,-0.25,0.47,10.095746450401068,2.2665916282414544,5.137437609214247,10.347054363440831,22.206316668912024,6.239655439204957,15.966661229707068,0.4340338866514648,0.2909614841146907,0.0846585852382234,0.5225361231532227,1.4851599240485855,0.0223606797749978,1.4627992442735875,Moderate_Fault,Moderate_Fault_011_window_003.csv,2
-0.0805999999999999,1.245017124380223,1.5500676399999995,1.2476233405960309,6.34,-4.47,10.81,0.1172999999999999,1.986458585020085,3.94601771,1.9899188425661989,4.66,-5.02,9.68,9.9553,1.7236603232655787,2.971004909999999,10.103415412621615,19.61,7.24,12.37,-0.0377,0.789530056425973,0.6233577100000001,0.7904296300114262,1.84,-2.27,4.11,0.0109,0.253499881656777,0.0642621899999999,0.2537341128031468,0.68,-1.18,1.86,0.0122,0.2905497547753224,0.08441916,0.2908057771090526,0.72,-1.04,1.76,10.205560594505348,1.8552296224132665,3.441876951879672,10.372817553586874,20.75689283105735,7.360251354403598,13.396641476653752,0.7045002265173821,0.526694817552781,0.2774074308369572,0.8796180989497657,2.310454500742224,0.05,2.2604545007422243,Moderate_Fault,Moderate_Fault_012_window_001.csv,2
0.0889,1.2439774073511145,1.54747979,1.2471499508880235,6.34,-2.93,9.27,0.2232,2.046725619129247,4.189085759999999,2.058859878670717,4.66,-5.71,10.37,9.9867,1.661501763465811,2.760588109999999,10.123969824135196,19.61,7.77,11.84,-0.0428,1.020883029538644,1.0422021599999998,1.021779819726344,1.8,-3.81,5.61,0.0139999999999999,0.2785964823898536,0.0776159999999999,0.2789480238323978,0.68,-1.18,1.86,-0.0015,0.3140139328119056,0.0986047499999999,0.3140175154350471,0.72,-1.04,1.76,10.252022765058738,1.78467958600903,3.1850812247173623,10.4062025734655,20.75689283105735,7.855157541386423,12.901735289670928,0.8287767014956855,0.7304670964923274,0.5335821790579313,1.1047411461514411,3.8513633949550905,0.05,3.8013633949550902,Moderate_Fault,Moderate_Fault_012_window_002.csv,2
0.0094,0.926263267111462,0.8579636399999999,0.926310962906086,3.43,-3.41,6.84,0.2398,2.309893928300605,5.33560996,2.3223079037888152,5.41,-6.95,12.36,9.9129,0.8914990689843708,0.7947705899999999,9.952906962289962,13.28,8.01,5.27,-0.0409,1.182243710069967,1.39770019,1.1829509710888275,1.9,-4.03,5.93,0.0430999999999999,0.2123661696221881,0.0450993899999999,0.2166956390885612,0.91,-0.65,1.56,-0.0045,0.2835008818328437,0.08037275,0.2835365937581955,0.62,-0.79,1.41,10.219588946927754,0.933554902419824,0.8715247558320872,10.262140273841515,13.480014836787086,8.110080147569443,5.369934689217644,0.8972215345413163,0.8495390031983969,0.7217165179553259,1.2356063288928234,4.07917883893315,0.053851648071345,4.025327190861805,Moderate_Fault,Moderate_Fault_012_window_003.csv,2
-0.0416,0.9302652524952224,0.86539344,0.9311949312576824,6.04,-3.41,9.45,0.1792,2.034358218210353,4.138613360000001,2.0422355397945653,5.41,-6.95,12.36,9.9617,1.3630268192519177,1.85784211,10.054516845676872,19.61,6.97,12.64,-0.0423,0.9183744933304716,0.8434117100000001,0.9193481386286698,1.9,-4.03,5.93,0.0232,0.1950634768479225,0.03804976,0.1964382854740898,0.96,-0.46,1.42,-0.0072999999999999,0.201458953635722,0.04058571,0.2015911704415647,0.56,-0.79,1.35,10.197610609184265,1.4628386320618458,2.1398968634525724,10.301997815957836,20.83424584668233,7.0930599884676,13.741185858214733,0.6732512249434993,0.6864115297050871,0.4711607881120777,0.9614717884576748,4.07917883893315,0.053851648071345,4.025327190861805,Moderate_Fault,Moderate_Fault_012_window_004.csv,2
0.1508,1.6678049526248566,2.78157336,1.6746086109894456,8.19,-6.09,14.28,0.2234,1.4890669696155374,2.21732044,1.505731715811286,4.85,-3.34,8.19,10.1163,1.9611703929031763,3.8461893099999993,10.304645311702874,17.41,6.07,11.34,-0.0798,0.6531201727094333,0.42656596,0.6579772032525139,1.86,-2.43,4.29,0.0076999999999999,0.2125175522162816,0.04516371,0.2126570008252725,0.88,-0.43,1.31,-0.0102,0.2266273593368638,0.05135996,0.2268567830151878,0.79,-0.68,1.4700000000000002,10.326112147630468,2.151433223355649,4.628664914558478,10.54785556404713,19.241210980600982,6.140863131514982,13.100347849086004,0.5706872828241316,0.4515938719943059,0.2039370252228096,0.7277506441082688,2.5236679654819887,0.0787400787401181,2.4449278867418704,Moderate_Fault,Moderate_Fault_013_window_001.csv,2
0.085,1.4318075988064876,2.050073,1.4343284142761723,8.19,-5.58,13.77,0.3871,1.6756063350321877,2.80765659,1.7197392244174696,4.85,-3.11,7.959999999999999,9.8603,1.541915338142792,2.3775029100000005,9.9801312115623,17.41,6.65,10.76,-0.053,0.7632293233360469,0.582519,0.7650673172995955,1.86,-2.43,4.29,0.0175,0.2002117628911948,0.04008475,0.2009751228386239,0.88,-0.44,1.32,0.0021,0.2762835319015594,0.07633259,0.2762915127179986,0.79,-0.79,1.58,10.09407161406986,1.6515260367396931,2.7275382500291183,10.228285291289051,19.241210980600982,6.713292783723945,12.52791819687704,0.6702170314785877,0.5028569684473206,0.2528651307160297,0.8378878206538154,2.5236679654819887,0.0787400787401181,2.4449278867418704,Moderate_Fault,Moderate_Fault_013_window_002.csv,2
-0.2535,1.0769980269248407,1.1599247499999998,1.1064298441383438,2.51,-5.58,8.09,0.4051999999999999,1.686734999933303,2.84507496,1.7347224561871564,6.47,-3.5,9.97,9.5484,0.9996146457510514,0.99922944,9.600581857366771,12.28,6.68,5.6,-0.0354,0.7146347598598881,0.51070284,0.7155110062046565,1.56,-2.1,3.66,0.0360999999999999,0.2409559918325336,0.05805979,0.2436452338955145,1.01,-0.58,1.59,-0.0021999999999999,0.3446522305165019,0.11878516,0.3446592520156684,0.94,-1.03,1.97,9.77334132890372,0.941498947818028,0.8864202687424538,9.818585488755495,12.572927264563331,7.797871504455559,4.775055760107772,0.6651888730447584,0.4976271326781171,0.2476327631774444,0.8307279939908129,2.349042358068496,0.0948683298050513,2.254174028263445,Moderate_Fault,Moderate_Fault_013_window_003.csv,2
-0.3102,2.1978716887025045,4.830639959999999,2.219654027095214,9.01,-14.09,23.1,0.3992999999999999,1.9388513377770868,3.759144509999999,1.979541613606544,5.48,-5.18,10.66,9.775399999999998,2.1241315495985646,4.51193484,10.00351838104974,19.61,6.32,13.29,-0.0635,0.9849866750367744,0.97019875,0.9870314078082824,2.31,-2.9,5.21,0.0331999999999999,0.3063229668177036,0.0938337599999999,0.3081168609472711,1.48,-1.52,3.0,-0.0033,0.3390488312913053,0.11495411,0.3390648905445682,0.77,-1.09,1.86,10.126756923990722,2.522820485568867,6.364623202405935,10.436274670590077,23.61393868036419,6.4625227272327646,17.151415953131426,0.8216000423226724,0.7135162019571687,0.5091053704553831,1.0881782942146934,3.0940103425812917,0.0458257569495584,3.048184585631733,Moderate_Fault,Moderate_Fault_014_window_001.csv,2
0.0862,1.1110209538978102,1.23436756,1.1143599059549836,5.2,-3.88,9.08,0.5333,2.6753044892123965,7.157254110000001,2.727941165054701,8.05,-6.01,14.06,9.5919,1.731931115835731,2.99958539,9.747006258333888,17.64,-0.2,17.84,-0.0468999999999999,1.421963216823839,2.0219793900000003,1.4227364478356488,3.05,-4.37,7.42,0.0553,0.2804476956582101,0.07865091,0.2858478616327223,1.48,-0.54,2.02,0.0001999999999999,0.4944127425542347,0.24444396,0.4944127830062649,1.26,-1.92,3.18,10.03549653877405,1.725224976707122,2.9764012202540893,10.182710444670418,18.530507278539357,1.596308240910884,16.93419903762847,1.278854758697593,0.8454954205414256,0.7148625061565221,1.5330792543114005,4.778723678975381,0.1157583690279022,4.662965309947479,Moderate_Fault,Moderate_Fault_014_window_002.csv,2
-0.1449,1.17917555520796,1.3904549900000005,1.1880450328165173,3.48,-3.88,7.359999999999999,0.5293,2.314906155765283,5.35879051,2.3746471316808315,8.05,-6.01,14.06,9.505400000000002,1.715375422465881,2.94251284,9.65894103926512,13.59,-0.2,13.79,-0.0095,1.124356149091559,1.26417675,1.1243962824556115,3.05,-4.37,7.42,0.0477999999999999,0.4504166515571999,0.20287516,0.4529459128858544,1.23,-1.2,2.43,-0.0298,0.4770890482918257,0.2276139599999999,0.4780188280810705,1.26,-1.92,3.18,9.884581608199047,1.6249887479158494,2.64058843085312,10.017262200821142,14.862927033394197,1.596308240910884,13.266618792483312,1.0541673881689717,0.7659374110989808,0.5866601177210091,1.3030460467688776,4.778723678975381,0.1449137674618943,4.633809911513486,Moderate_Fault,Moderate_Fault_014_window_003.csv,2
-0.0031999999999999,1.9217928504394013,3.69328776,1.921795514616475,9.96,-9.56,19.520000000000003,0.7543,3.204479132402019,10.268686509999998,3.2920593858556075,8.7,-7.86,16.56,9.3951,2.0712901752289565,4.290242990000001,9.620714474507595,19.61,0.11,19.5,-0.0502,1.575547511184604,2.48234996,1.5763470430079791,3.63,-4.05,7.68,0.0515,0.4248632132816397,0.18050875,0.427973129997667,1.06,-1.59,2.6500000000000004,-0.0025999999999999,0.3955113651970067,0.15642924,0.3955199110032262,0.89,-0.91,1.8,10.103978413143109,2.2357817931851254,4.998720226738096,10.34838634763894,22.037027930281344,2.156710458081937,19.88031747219941,1.380217565445654,0.958888143651422,0.9194664720352704,1.6806150659803096,4.193351881252037,0.0509901951359278,4.14236168611611,Moderate_Fault,Moderate_Fault_015_window_001.csv,2
0.2250999999999999,0.9551183120430682,0.91225099,0.9812853815277184,2.89,-2.64,5.53,0.7309000000000002,2.632995288639917,6.93266419,2.7325590570013305,8.06,-6.63,14.69,9.4339,1.3664266500621245,1.86712179,9.532344465030624,12.99,2.29,10.7,-0.0331,1.4797923469189858,2.18978539,1.480162491079949,3.63,-4.05,7.68,0.0621,0.3681393621986109,0.13552659,0.3733403273154402,1.06,-1.01,2.0700000000000003,0.0052,0.3798591317844024,0.14429296,0.3798947222586805,0.89,-1.22,2.11,9.869042408489683,1.3774588703232384,1.897392939432172,9.964707271164569,13.195052102966477,3.039769728120865,10.155282374845612,1.2704256480789309,0.927686731986196,0.860602672703228,1.5730810532200814,4.193351881252037,0.0787400787401181,4.114611802511919,Moderate_Fault,Moderate_Fault_015_window_002.csv,2
-0.4864,2.9344241411220704,8.610845040000001,2.974462976740507,4.18,-19.61,23.79,0.3871,1.8843833447576424,3.5509005899999995,1.9237325697715888,4.84,-6.63,11.47,9.402200000000002,1.8697462822532904,3.49595116,9.586308778669713,14.43,2.45,11.98,-0.0325,0.8850495748826729,0.78331275,0.8856460918448181,2.54,-3.41,5.95,0.0517,0.5350963558089328,0.28632811,0.5375881323094847,1.39,-1.56,2.95,-0.0256,0.3763331502804396,0.1416266399999999,0.3772028631916783,0.69,-1.22,1.91,9.979431980412768,2.203731006342406,4.856430348314913,10.219857777875385,20.563980645779647,6.073862033335957,14.490118612443691,0.9401149123728056,0.576052038911653,0.3318359515342726,1.102566097791874,3.63993131803335,0.0787400787401181,3.561191239293232,Moderate_Fault,Moderate_Fault_015_window_003.csv,2
0.0819999999999999,1.294031684310705,1.6745179999999995,1.296627163065775,5.72,-3.44,9.16,0.4145,3.1997963607079747,10.23869675,3.226531729272161,7.46,-8.35,15.81,9.7364,1.9585670884603368,3.83598504,9.93143846580142,19.61,6.25,13.36,-0.0659999999999999,1.559956409647398,2.4334640000000003,1.5613519782547434,3.66,-4.37,8.030000000000001,0.0427999999999999,0.292510102389644,0.08556216,0.2956247621563525,1.13,-0.64,1.77,-0.0272999999999999,0.3868716970779848,0.14966971,0.3878337272595049,1.41,-0.94,2.35,10.324855673841286,2.030412350816301,4.122574314347377,10.522605143214298,20.53420804413942,7.166686821677085,13.367521222462331,1.3124296870961576,0.9762977601268384,0.9531573164286818,1.6357350029879532,4.460695013111746,0.1649242250247064,4.295770788087039,Moderate_Fault,Moderate_Fault_016_window_001.csv,2
0.028,1.7852624456925097,3.1871620000000003,1.7854820077502882,5.72,-8.45,14.169999999999998,0.3055999999999999,2.629361260838837,6.913540640000001,2.6470610117638014,7.46,-8.46,15.920000000000002,9.7425,1.8874328464875247,3.56240275,9.923643937586636,19.61,6.12,13.489999999999998,-0.0349999999999999,1.2474778555148784,1.5562010000000002,1.2479687496087393,3.66,-4.37,8.030000000000001,0.0063999999999999,0.4768595600383827,0.2273950399999999,0.4769025057598251,1.16,-1.72,2.88,-0.0142999999999999,0.4723584549894285,0.22312251,0.472574861794404,1.41,-1.96,3.37,10.238726846193954,1.960117233490692,3.842059569027202,10.424662440578112,20.45733609246326,7.118974645270202,13.338361447193058,1.1218799582344712,0.8657796251424613,0.7495743593118209,1.4171058534915448,4.460695013111746,0.1445683229480096,4.3161266901637365,Moderate_Fault,Moderate_Fault_016_window_002.csv,2
-0.102,1.963407242525096,3.854968000000001,1.966054933108432,4.14,-8.45,12.59,0.2628999999999999,2.147794820274972,4.613022590000001,2.163825085352326,6.97,-8.46,15.43,9.726300000000002,1.9168117565374017,3.67416731,9.913378788284044,16.36,1.63,14.73,-0.0362,0.7238850461226563,0.5240095600000001,0.7247896246498015,1.83,-2.21,4.04,0.0028999999999999,0.5536068912143345,0.3064805899999999,0.5536144868046716,1.16,-1.72,2.88,-0.0177999999999999,0.4925374706557868,0.24259316,0.4928590062076577,1.35,-1.96,3.31,10.185824997315729,1.7525864098691657,3.07155912405809,10.335501439214257,16.508933944988694,7.118974645270202,9.389959299718493,0.8752102614655526,0.5556311710347064,0.3087259982253991,1.0366865485767625,3.4182012813759224,0.0591607978309961,3.359040483544926,Moderate_Fault,Moderate_Fault_016_window_003.csv,2
-0.2706999999999999,2.07282138883214,4.296588509999999,2.090422684530571,8.1,-13.67,21.77,0.4418999999999999,2.642066499920091,6.980515390000001,2.6787666938350565,5.82,-6.94,12.760000000000002,9.6564,2.3264662129504483,5.41244504,9.932698827609746,19.61,5.2,14.41,-0.0875,1.3145389876302642,1.7280127499999998,1.3174479116837978,3.06,-4.08,7.140000000000001,0.0087999999999999,0.4964378712386878,0.24645056,0.4965158607738528,1.41,-1.1,2.51,-0.0041999999999999,0.4978316582942471,0.24783636,0.4978493748112977,1.44,-1.61,3.05,10.168626111897028,2.608295803095563,6.803206996445928,10.497817106427412,24.556168267871108,5.904938611027213,18.651229656843896,1.1224637294617985,0.9849498342772136,0.9701261760427102,1.4933355282721965,4.133049721452671,0.0979795897113271,4.035070131741343,Moderate_Fault,Moderate_Fault_017_window_001.csv,2
-0.1241999999999999,1.9842410035073863,3.93721236,1.9881242415905505,8.1,-4.49,12.59,0.0213,2.259995865040465,5.10758131,2.2600962368890403,5.82,-5.26,11.08,9.536700000000002,2.664090109211773,7.097376109999999,9.90181917629281,19.32,-4.37,23.69,-0.0183,1.2648992489522632,1.5999701099999997,1.2650316201581682,3.67,-4.08,7.75,0.0644999999999999,0.6513545501491488,0.42426275,0.6545402966968497,2.16,-1.52,3.68,0.0011999999999999,0.4561475199976428,0.20807056,0.4561490984316422,1.44,-1.61,3.05,10.053222959697656,2.457519912962629,6.03940412260785,10.34923649357768,21.47662217388945,5.26677320567347,16.20984896821598,1.205754761740296,0.8848477013252634,0.7829554545406026,1.4955935276671934,4.133049721452671,0.0979795897113271,4.035070131741343,Moderate_Fault,Moderate_Fault_017_window_002.csv,2
-0.1735,1.9131807938613643,3.66026075,1.921031754032192,8.15,-4.49,12.64,-0.1350999999999999,2.765511704911046,7.64805499,2.7688096720432047,10.44,-5.1,15.54,9.4556,2.486188375807433,6.18113264,9.776988493396113,18.05,-4.37,22.42,-0.0811999999999999,1.4171685009200563,2.00836656,1.4194928671888425,3.67,-4.37,8.04,0.1177,0.6136609079939833,0.37657971,0.624846381120992,2.16,-1.52,3.68,0.0061999999999999,0.3755017443368273,0.14100156,0.3755529256975639,1.01,-1.15,2.16,10.08351539021814,2.29540658168305,5.268891375233864,10.34147832758934,20.09102784827098,5.26677320567347,14.82425464259751,1.3057108956554635,0.9173614647272944,0.8415520569666073,1.595754680394201,4.381985851186651,0.1902629759044045,4.191722875282247,Moderate_Fault,Moderate_Fault_017_window_003.csv,2
1.2619,4.195776136783277,17.604537389999997,4.381430017699701,19.61,-8.53,28.14,-0.0229,2.2817165884482677,5.2062305900000005,2.281831501228783,5.71,-6.97,12.68,9.087,3.8959084948186335,15.178102999999998,9.886944522955512,19.61,2.08,17.53,-0.0199999999999999,0.7224209299293591,0.521892,0.7226977238098927,1.57,-2.62,4.19,-0.0289,0.8240265711735271,0.6790197899999998,0.8245332012720896,1.97,-2.32,4.29,-0.0003,0.333905540535044,0.1114929099999999,0.3339056753036701,0.83,-0.96,1.79,10.062350541361884,4.572139278582202,20.904457582754176,11.052391415435848,28.380717045205184,3.722284244922733,24.65843280028245,0.9767594335857366,0.599650739098411,0.3595810089012706,1.1461413525390314,3.1968109108922915,0.1688194301613413,3.0279914807309503,Moderate_Fault,Moderate_Fault_018_window_001.csv,2
0.4533,4.361593528746116,19.023498109999995,4.38508597407166,19.61,-18.38,37.99,0.6707,3.2408499672153908,10.50310851,3.30952368174032,11.45,-9.55,21.0,8.8182,3.5695241643670097,12.741502759999998,9.513262006273138,19.61,-3.76,23.37,-0.1423,1.021360714928864,1.04317771,1.0312259694169847,3.48,-4.32,7.800000000000001,-0.0365,0.781579650451571,0.6108667499999999,0.7824314666473992,1.97,-3.08,5.05,-0.0083,0.3386268004750953,0.11466811,0.3387285048530755,0.98,-0.96,1.94,10.14256469111188,4.220481191358468,17.812461486610598,10.985630614580122,28.380717045205184,3.722284244922733,24.65843280028245,1.0570579282841492,0.8203606135423755,0.6729915362516228,1.3380444686182893,4.3783101763123184,0.1363818169698585,4.24192835934246,Moderate_Fault,Moderate_Fault_018_window_002.csv,2
0.0577999999999999,3.6871982805376766,13.59543116,3.687651285032249,18.11,-18.38,36.49,0.2588,4.0418419761292,16.33648656,4.050119010597096,11.45,-10.57,22.02,8.9834,3.729580732468464,13.90977244,9.726831344276512,19.61,-4.67,24.28,-0.0766,1.041797696292327,1.0853424399999998,1.0446099750624631,3.48,-4.32,7.800000000000001,0.1151,0.6481427234799447,0.42008899,0.6582833736317514,2.89,-3.08,5.970000000000001,-0.0001,0.287456066208386,0.08263099,0.2874560836023478,0.98,-0.81,1.79,10.421977515739467,3.999483549337463,15.995868661420989,11.163040983531324,28.3500740739773,3.928269339034685,24.42180473494261,0.939307194495646,0.8513988456468089,0.7248799943687187,1.2677452425467823,4.3783101763123184,0.0883176086632784,4.28999256764904,Moderate_Fault,Moderate_Fault_018_window_003.csv,2
-0.0473999999999999,2.577005479233601,6.640957239999999,2.577441366937374,11.25,-7.97,19.22,-0.3769,3.997390572611088,15.97913139,4.015119549901348,8.74,-19.06,27.8,9.1587,3.494807192106597,12.213677309999998,9.8028293364722,19.61,-5.33,24.94,-0.0185,1.2744083921569256,1.62411675,1.2745426630756618,3.66,-4.37,8.030000000000001,0.112,0.5622668405659363,0.316144,0.5733131779402948,2.89,-1.19,4.08,0.0082999999999999,0.3006760881746335,0.09040611,0.3007906248539007,1.2,-1.22,2.42,10.345464897816534,3.439652314994335,11.83120804804589,10.902286549160229,24.956752593236164,5.156064390598705,19.80068820263746,1.0474143310347248,0.9729055550993017,0.9465452191430804,1.4295530770139318,4.392652956927055,0.0883176086632784,4.304335348263776,Moderate_Fault,Moderate_Fault_018_window_004.csv,2
-0.2448999999999998,4.805998230336753,23.09761899,4.812233888746473,19.61,-19.61,39.22,-0.3208999999999999,4.608656006907003,21.23971019,4.61981460666984,13.0,-19.61,32.61,9.6829,3.864574826549487,14.934938589999996,10.425617056078742,19.61,-19.61,39.22,-0.0315,0.7638434067267976,0.58345675,0.7644926422144297,1.89,-4.37,6.26,-0.0072999999999999,0.5511784738176918,0.30379771,0.5512268135713283,1.38,-2.9,4.279999999999999,-0.0263999999999999,0.2043747538224817,0.0417690399999999,0.2060728026693478,0.57,-0.92,1.49,11.542528044487767,4.468089003389848,19.96381934221328,12.377147207656538,30.624243664129896,7.059362577456977,23.56488108667292,0.611244935224319,0.7464218841664666,0.557145629162618,0.9647621468527876,4.5896731909799415,0.0374165738677394,4.552256617112202,Moderate_Fault,Moderate_Fault_019_window_001.csv,2
0.3758000000000002,5.670260872305612,32.15185836,5.682700414415668,19.61,-19.61,39.22,-0.3948999999999998,4.868813920247928,23.70534899,4.884802452505117,13.0,-19.61,32.61,9.100499999999998,4.683346319673571,21.93373274999999,10.234883145400342,19.24,-19.61,38.85,0.0651,0.8478555242492675,0.7188589900000001,0.8503511039564775,1.89,-4.37,6.26,0.1167999999999999,0.6137114631486037,0.37664176,0.6247271404381276,2.96,-1.62,4.58,-0.0193,0.245704110669724,0.06037051,0.2464609502537876,0.61,-0.92,1.53,11.762064251894104,4.749848053813386,22.56105653431481,12.684920654067962,33.96551633642569,7.801704941870079,26.16381139455561,0.7142705939945535,0.8148260664428133,0.663941518554668,1.0835700254252143,4.5896731909799415,0.0360555127546398,4.553617678225302,Moderate_Fault,Moderate_Fault_019_window_002.csv,2
0.897,5.2586984131056616,27.653909,5.334652566006525,19.61,-19.61,39.22,0.4122,4.5527865269524765,20.72786516,4.571408316919416,19.61,-19.61,39.22,9.7577,3.630626352297906,13.181447709999995,10.411251461760012,19.61,-19.61,39.22,0.0633,0.7632261198360548,0.5825141099999999,0.7658465903821732,2.03,-3.09,5.119999999999999,0.0937,0.6444449627392551,0.4153093099999999,0.6512211605898567,2.96,-1.81,4.77,-0.0008,0.2206838462597568,0.0487013599999999,0.2206852962931604,0.61,-0.9,1.51,11.73307669386588,4.481669364852938,20.08536029586134,12.559874561475525,33.96551633642569,8.467638395680344,25.49787794074534,0.6832315704828531,0.7697445167687355,0.592506621095534,1.0292288375283702,4.052579425501738,0.0316227766016837,4.020956648900055,Moderate_Fault,Moderate_Fault_019_window_003.csv,2
1.4484,5.868766432564854,34.44241944,6.04485582954631,19.61,-19.61,39.22,-0.5865999999999998,6.087335578066975,37.05565444,6.115533827884529,19.36,-19.61,38.97,8.714300000000001,5.6177066949067385,31.558628509999995,10.368107493655726,19.61,-19.61,39.22,-0.1325,0.7034790330919608,0.49488275,0.7158484476479642,1.59,-2.64,4.23,0.005,0.6095104593032017,0.3715029999999999,0.609530967219878,2.28,-3.78,6.06,-0.014,0.2423509851434484,0.0587339999999999,0.242755020545405,0.89,-1.02,1.91,12.443229159267505,5.157881065898563,26.60373708995489,13.4698808086783,32.9644748175972,6.426857708087211,26.537617109509988,0.6360989751499796,0.7336723340927785,0.5382750938131456,0.9710288358231182,4.55421782526923,0.0424264068711928,4.511791418398038,Moderate_Fault,Moderate_Fault_020_window_001.csv,2
0.8265,6.082353389108529,36.99502275,6.1382509723861896,19.55,-19.61,39.16,0.203,5.64991867198104,31.921581,5.6535643624177485,19.61,-19.61,39.22,9.2149,4.371916397874049,19.11365299,10.199413463528185,19.61,-15.45,35.06,-0.0607999999999999,0.7539226485522239,0.5683993600000001,0.7563702796911048,2.27,-2.64,4.91,-0.0540999999999999,0.7307353761793662,0.5339741899999999,0.7327352864438835,1.72,-4.22,5.94,-0.0254,0.2318767776212184,0.05376684,0.2332637991630934,0.64,-1.02,1.66,12.100767718242782,5.219230846507303,27.24037062913334,13.178351566110234,32.9644748175972,6.426857708087211,26.537617109509988,0.6598063042756216,0.8532670395826536,0.7280646408381457,1.0786143889268305,4.55421782526923,0.0424264068711928,4.511791418398038,Moderate_Fault,Moderate_Fault_020_window_002.csv,2
0.7378,5.684156855682292,32.30963916,5.731839844238498,19.61,-19.61,39.22,0.7822,5.055271620793486,25.55577116,5.115428427805436,19.61,-15.45,35.06,9.8626,3.366236064211778,11.33154524,10.42124867758178,19.61,-6.95,26.56,0.0597,0.6457947893874648,0.41705091,0.6485483790743756,2.27,-2.18,4.45,-0.1041,0.7303657919152566,0.5334341899999999,0.7377472466908974,1.72,-4.22,5.94,-0.023,0.2000674886132177,0.040027,0.2013852030314044,0.48,-0.72,1.2,11.961369488558253,4.954761342202843,24.54965995818772,12.946969529584903,31.745971397958517,6.434500757634581,25.31147064032393,0.6336910234937411,0.7770956741247856,0.603877686743455,1.0027173081182952,4.232800491400463,0.0374165738677394,4.195383917532723,Moderate_Fault,Moderate_Fault_020_window_003.csv,2
-0.3201,4.457159296009063,19.86626899,4.468638830785052,13.53,-19.61,33.14,-0.7031000000000001,3.512685210775369,12.33895739,3.582360534619596,11.99,-14.73,26.72,9.4253,3.263088553809105,10.64774691,9.974167985350958,19.61,-15.69,35.3,0.0161,0.3786393930905763,0.14336779,0.3789815298929488,1.66,-0.92,2.58,0.0111999999999999,0.5742843894796374,0.3298025599999999,0.5743935932790336,2.59,-3.54,6.13,-0.0274,0.2031827748604689,0.04128324,0.2050219500443793,1.04,-0.94,1.98,11.096401640197332,3.0258779948018306,9.155937639425948,11.501568023534878,26.35349312709797,8.626204263753554,17.727288863344416,0.408834048740287,0.5902912167656101,0.3484437205906245,0.7180452631972444,3.5679826232760723,0.0141421356237309,3.5538404876523413,Moderate_Fault,Moderate_Fault_021_window_001.csv,2
0.0298,5.098117884082321,25.990805960000003,5.098204978225179,18.37,-19.61,37.98,-0.8391000000000001,3.619730126680717,13.10244619,3.715714601526872,7.42,-14.73,22.15,8.9347,4.315853671059759,18.62659291,9.922472322964676,19.61,-18.23,37.84,-0.0181999999999999,0.5176028979826137,0.2679127599999999,0.5179227741661878,1.66,-3.3,4.96,0.0661999999999999,0.6440897142479455,0.4148515600000001,0.6474828183048568,2.99,-3.54,6.53,-0.0455,0.1947479139811258,0.03792675,0.1999924998593697,0.32,-1.0,1.32,11.262245439342358,3.3786851975305874,11.415513664012304,11.758132759924086,26.35349312709797,8.225472630797576,18.128020496300397,0.4941597245145087,0.6951842681388475,0.483281166667745,0.8529214500761486,3.5679826232760723,0.0141421356237309,3.5538404876523413,Moderate_Fault,Moderate_Fault_021_window_002.csv,2
0.0225,5.30724794502763,28.16688075,5.307295639023701,18.37,-19.61,37.98,-0.6716,3.38111216022184,11.43191944,3.4471678230106524,7.42,-14.69,22.11,8.957699999999999,4.029557756131559,16.23733571,9.822307519111789,19.61,-18.23,37.84,-0.0105999999999999,0.4795994578812615,0.23001564,0.4797165829945844,0.89,-3.3,4.19,0.0509,0.6638419917420108,0.4406861899999999,0.6657905075922906,2.99,-3.86,6.85,-0.0458999999999999,0.2102621934633043,0.04421019,0.215213847138143,0.83,-1.0,1.83,11.176138384642009,3.409106746250627,11.622008807331536,11.684523011231567,29.11668078610609,5.5692548873255925,23.547425898780503,0.4904650820814142,0.6922181760535269,0.4791660032588715,0.848364308537317,3.9549209853042577,0.0282842712474619,3.926636714056796,Moderate_Fault,Moderate_Fault_021_window_003.csv,2
0.5870000000000001,5.00050947404362,25.005095,5.034844982717939,18.0,-19.61,37.61,-0.2387,4.984414640657416,24.84438931,4.990126952292898,18.25,-19.39,37.64,8.7239,5.998756687014402,35.98508179,10.58732794429265,19.61,-19.61,39.22,-0.1490999999999999,0.8514024841401392,0.72488619,0.864359300291262,1.16,-4.37,5.53,0.1462,0.6944491054065806,0.48225956,0.7096717551093604,4.32,-1.09,5.41,-0.0670999999999999,0.3398361222707203,0.11548859,0.3463971708891399,0.47,-2.58,3.05,11.75700443274395,4.910742384654191,24.11539076843913,12.741371354763976,33.83897604833811,6.684796182382826,27.154179865955285,0.584579247508145,1.0144008593168732,1.0290091033828106,1.170786914856841,6.664510484649266,0.0244948974278317,6.640015587221435,Moderate_Fault,Moderate_Fault_022_window_001.csv,2
0.2249999999999999,5.635182250823837,31.755279,5.639672330907177,18.58,-19.61,38.19,-0.3486000000000001,4.914381959107371,24.15115004,4.926730355925724,18.25,-19.61,37.86,9.1317,4.71251971985264,22.20784211,10.27598107238428,19.61,-19.61,39.22,-0.1420999999999999,0.8476158268932926,0.7184525900000003,0.8594445880916349,4.37,-4.37,8.74,0.0225999999999999,0.690212460044007,0.47639324,0.6905823629372532,3.62,-3.34,6.96,-0.0066999999999999,0.230438950700614,0.05310211,0.2305363311931548,1.15,-1.1,2.25,11.75227547600971,4.853697985658021,23.558384135980734,12.71512339696316,33.96551633642569,7.701454408097213,26.264061928328477,0.5645000120021316,0.9746977667203272,0.9500357364495932,1.1263640619266937,5.780250859608085,0.0244948974278317,5.755755962180253,Moderate_Fault,Moderate_Fault_022_window_002.csv,2
-0.3324999999999998,5.540511957391663,30.697272750000003,5.550480069327337,18.58,-19.61,38.19,-0.4569,4.226804157989816,17.86587339,4.251426936923648,17.06,-19.61,36.67,9.334499999999998,4.240067540735643,17.97817275,10.252368653145478,19.61,-19.61,39.22,-0.0866,0.7500869549592234,0.5626304400000001,0.7550695332219411,4.37,-3.52,7.890000000000001,0.0161,0.651688414811864,0.4246977900000001,0.6518872601915151,2.64,-3.34,5.98,0.0295,0.2664596592356899,0.07100075,0.2680876722268295,1.81,-0.63,2.44,11.575764469991206,4.471599259245976,19.995199935289165,12.409412677479946,33.96551633642569,6.765190315135266,27.200326021290422,0.566659528768103,0.8636289587874596,0.7458549784563115,1.0329365905030183,5.61916363883452,0.0244948974278317,5.5946687414066885,Moderate_Fault,Moderate_Fault_022_window_003.csv,2
-0.0296999999999999,4.514997553709193,20.38520291,4.515095237090797,15.84,-19.61,35.45,-0.4202000000000001,3.683284669965112,13.566585960000005,3.70717601416496,8.74,-15.76,24.5,8.796500000000002,4.951542663655438,24.517774749999997,10.094364120636822,17.09,-19.61,36.7,-0.1085,0.81626757255204,0.6662927499999999,0.8234470231897131,1.75,-4.37,6.12,0.104,0.6234965918110539,0.388748,0.6321107497899399,3.42,-1.43,4.85,-0.0066999999999999,0.3093252495351778,0.09568211,0.3093978021899962,0.94,-1.37,2.31,11.026006766180451,3.8016576374185567,14.45260079214284,11.662993869500232,27.74637093387169,6.3881296167188095,21.358241317152885,0.6235119676004706,0.8857701881746696,0.7845888262589896,1.083215583344331,5.715785160413222,0.0282842712474619,5.68750088916576,Moderate_Fault,Moderate_Fault_023_window_001.csv,2
-0.591,4.863770450997866,23.65626299999999,4.899545285023907,19.61,-19.61,39.22,-0.1161,2.557372047630145,6.540151790000001,2.56000605468034,6.36,-13.73,20.09,8.8896,5.369512998401252,28.831669840000004,10.38540601035896,19.61,-19.61,39.22,-0.0935,0.755281901014449,0.57045075,0.7610473047058244,1.75,-4.37,6.12,0.0566,0.7948134623922773,0.6317284400000001,0.7968262043883847,3.42,-3.76,7.18,-0.0229999999999999,0.2671797147988596,0.0713849999999999,0.2681678578800971,1.01,-1.37,2.38,11.11874222450261,3.845699461094535,14.789404345062795,11.76502583932564,27.875734967889187,6.3881296167188095,21.487605351170377,0.5481050125983485,0.9927839116165028,0.9856198951645642,1.1340365955294387,5.715785160413222,0.033166247903554,5.682618912509668,Moderate_Fault,Moderate_Fault_023_window_002.csv,2
-0.2613,5.261344629464982,27.68174731000001,5.267829249320824,19.61,-19.61,39.22,-0.5255000000000001,3.4165852469973585,11.67305475,3.4567622134014364,6.36,-19.54,25.9,9.0444,5.3187551776708055,28.28915664,10.492393816474866,19.61,-19.61,39.22,-0.0581,0.5137055479552465,0.26389339,0.5169806572783938,1.18,-2.66,3.84,0.0262,0.7824867794410331,0.61228556,0.7829252837914994,3.39,-3.76,7.15,-0.0212,0.2793574054862337,0.07804056,0.2801606681888091,1.01,-1.19,2.2,11.506121663381728,4.17117756364528,17.39872226745777,12.2388544398567,28.002831999638893,6.486886772558929,21.515945227079964,0.516748322391209,0.8316863419017239,0.6917021713058712,0.9791480991147355,4.343109485150012,0.0458257569495584,4.297283728200453,Moderate_Fault,Moderate_Fault_023_window_003.csv,2
0.2017,3.3010280383541124,10.89678611,3.307184452067952,19.61,-8.03,27.64,0.4255,3.4308393652282825,11.770658750000004,3.457124383067523,19.61,-6.66,26.27,9.3062,3.609494086433721,13.02844756,9.981673506982684,19.61,-9.32,28.93,-0.1172999999999999,1.177268750116132,1.3859617099999997,1.183098051726906,3.53,-4.37,7.9,0.0169,0.7534038691166909,0.5676173899999999,0.7535933916907711,2.47,-2.75,5.220000000000001,-0.0164999999999999,0.4110629513833616,0.1689727499999999,0.4113939717594315,1.29,-2.88,4.17,10.278253672556088,4.108586793848629,16.88048544258736,11.069010073172755,33.96551633642569,2.1848112046581964,31.78070513176749,1.0824690181458323,0.9824102120572638,0.965129824754398,1.4618033383461675,4.811122530137848,0.1513274595042155,4.659795070633632,Moderate_Fault,Moderate_Fault_024_window_001.csv,2
-0.3071,3.223267377987746,10.389452589999998,3.237863956376178,19.61,-19.61,39.22,0.4784,2.443510474706421,5.970743439999999,2.4899016044815907,12.35,-4.18,16.53,9.3595,3.225388775016122,10.40313275,9.899665297372431,19.61,-9.32,28.93,0.0090999999999999,0.9232736268300964,0.85243419,0.9233184716012128,2.62,-3.21,5.83,0.0002,0.6607283556803053,0.4365619600000001,0.6607283859499302,2.47,-1.85,4.32,-0.0007999999999999,0.2687775288226305,0.07224136,0.268778719395714,1.29,-0.61,1.9,10.125643597843268,3.486844953458013,12.158087729455618,10.709189791949717,30.358305288668536,4.89204456234814,25.4662607263204,0.9477924581351034,0.6804487168789564,0.4630104563022181,1.1667566155801303,3.222436966024316,0.09,3.1324369660243163,Moderate_Fault,Moderate_Fault_024_window_002.csv,2
-0.5535000000000001,2.8079538368712544,7.884604749999999,2.861986547837009,11.58,-19.61,31.19,0.3945999999999999,2.492312749235136,6.21162284,2.523357287424831,5.78,-6.16,11.94,9.3509,2.7421408041893107,7.519336189999999,9.744673775966026,19.61,-1.13,20.74,-0.0004999999999999,1.1091802152941603,1.23028075,1.109180327989998,3.22,-4.1,7.32,-0.0538999999999999,0.4555258390036728,0.20750379,0.458703608008483,0.95,-2.85,3.8,-0.0151,0.2074439442355452,0.04303299,0.207992788336519,0.54,-0.77,1.31,10.005408229407909,3.0673721917785794,9.408772162896527,10.46503540366682,25.41056079664516,3.918596687591108,21.49196410905405,0.9129708657497586,0.806495628191583,0.6504351982921363,1.218175274744977,4.101914187303288,0.0223606797749978,4.07955350752829,Moderate_Fault,Moderate_Fault_024_window_003.csv,2
0.3020999999999999,3.713075085424479,13.78692659,3.725344413607955,19.61,-5.68,25.29,0.5678,2.317089372467104,5.368903159999999,2.385644566988134,10.77,-4.47,15.239999999999998,9.7518,3.690153758314144,13.617234759999995,10.426640782150308,19.61,-11.98,31.59,-0.0509999999999999,0.9950030150708088,0.9900310000000002,0.996309188956922,2.72,-2.8,5.52,-0.0191,0.5336592452117737,0.28479219,0.5340009363287671,1.87,-1.31,3.18,0.0123,0.3398436552298718,0.11549371,0.3400661700316572,1.77,-0.8,2.5700000000000003,10.636611228306084,3.891892929908652,15.146830577872953,11.326267213870596,27.920191618253625,6.436800447427277,21.483391170826348,0.9865043747194054,0.6482616128226897,0.4202431186594749,1.1804380542832391,2.8839729541034185,0.0734846922834953,2.810488261819923,Moderate_Fault,Moderate_Fault_025_window_001.csv,2
0.2997999999999999,3.6875598923949697,13.59809796,3.6997267466665695,19.61,-6.63,26.24,0.6858,1.6810711942092158,2.826000359999999,1.815577594045487,5.55,-4.13,9.68,9.601800000000004,2.7504037449072816,7.564720759999999,9.987956948245222,19.61,2.48,17.13,-0.0532,0.6054153615494076,0.3665277599999998,0.607748303165052,2.02,-1.41,3.43,0.0339999999999999,0.6801441023783121,0.462596,0.680993392038425,2.73,-1.35,4.08,-0.0205999999999999,0.3040191441340495,0.09242764,0.3047162614630208,1.02,-0.73,1.75,10.21059302258704,3.533747886748128,12.48737412709686,10.80479449133578,27.920191618253625,6.016469064160473,21.90372255409315,0.8281946939412717,0.4899546396632278,0.2400555489275233,0.9622691931055468,2.8285862192975486,0.1714642819948224,2.657121937302726,Moderate_Fault,Moderate_Fault_025_window_002.csv,2
-0.4113,3.107820668893236,9.65854931,3.1349189782193734,6.59,-19.61,26.2,0.4704,2.326677424999005,5.413427840000001,2.373753146390753,11.5,-4.28,15.78,9.3604,2.8710213931630677,8.24276384,9.79080446133003,19.61,2.48,17.13,-0.0409,0.7249718546260951,0.52558419,0.7261246449474085,2.02,-1.85,3.87,0.0839,0.7604826033513193,0.5783337900000001,0.7650967259111752,2.81,-2.49,5.300000000000001,-0.0139,0.2766221068533749,0.07651979,0.2769711176278133,1.02,-0.69,1.71,10.03941039095455,3.245383182614005,10.53251200199381,10.55093706738885,28.143031108961942,3.974242066105184,24.16878904285676,0.8854908452672551,0.6365916767818143,0.4052489629478819,1.0905700344315352,2.966260271790053,0.06,2.906260271790053,Moderate_Fault,Moderate_Fault_025_window_003.csv,2
-0.2869,4.432828373623324,19.64996739,4.442102992952774,16.94,-19.61,36.55,0.5379999999999999,4.157681084450802,17.286312,4.192344928557287,19.61,-17.17,36.78,9.5426,4.909149950857073,24.099753240000005,10.731307842010684,19.61,-12.02,31.63,-0.0111999999999999,0.6530134454971046,0.42642656,0.6531094854616645,1.6,-3.19,4.79,0.0246999999999999,0.7636353252698569,0.5831389100000001,0.7640346850765349,2.04,-4.37,6.41,-0.0225,0.1971820225071241,0.03888075,0.1984615831842525,0.69,-1.18,1.87,11.324676082630685,4.921454523155979,24.22071462349244,12.347833939602523,28.561391772811078,2.9562137947043,25.605177978106774,0.6007747095617485,0.8299143018113357,0.6887577483509968,1.0245428248736117,5.151951086724329,0.0244948974278317,5.127456189296498,Moderate_Fault,Moderate_Fault_026_window_001.csv,2
-0.3925,3.83211935487401,14.685138749999998,3.852167571640673,15.66,-19.61,35.27,0.4941000000000001,4.944718818092693,24.450244190000003,4.96934392047884,19.61,-19.61,39.22,10.0179,3.763713670033894,14.16554059,10.701582172744365,19.61,-8.57,28.18,-0.0421999999999999,1.0245472951503996,1.04969716,1.0254160131380825,3.3,-3.09,6.39,-0.0665,0.6313135116564511,0.39855675,0.6348062696602799,1.31,-4.37,5.68,-0.0064,0.4832194532507979,0.23350104,0.4832618337919931,1.2,-1.55,2.75,11.568679063093036,4.497010088397935,20.2230997351528,12.411987552362431,28.561391772811078,2.9562137947043,25.605177978106774,0.9625074401445946,0.8726846095046592,0.7615784276662996,1.2992301566697102,5.151951086724329,0.053851648071345,5.0980994386529845,Moderate_Fault,Moderate_Fault_026_window_002.csv,2
-0.2395,1.7694074573144536,3.1308027499999995,1.7855427746206474,5.47,-9.68,15.15,-0.0042999999999999,5.103717126761631,26.04792851,5.103718938186154,12.5,-19.61,32.11,9.607,1.5374878861311398,2.3638690000000007,9.7292506391808,13.8,0.79,13.010000000000002,-0.0918,1.466127811618073,2.14953076,1.468998978896854,3.3,-3.28,6.58,0.0284,0.1879985106323983,0.03534344,0.1901315334183154,1.08,-0.58,1.66,-0.0460999999999999,0.8103516458920782,0.65666979,0.8116618754136478,1.28,-1.91,3.19,10.97554973907808,1.8524945141681508,3.431735925023093,11.13078739353151,21.883294998697064,6.161144374221399,15.722150624475663,1.511899342141166,0.753036107522813,0.5670633792331096,1.6890538771750296,3.432346136391258,0.0830662386291807,3.349279897762077,Moderate_Fault,Moderate_Fault_026_window_003.csv,2
-0.4035000000000001,1.2363918270516023,1.5286647499999997,1.30056795285752,1.74,-3.72,5.46,-0.2329999999999999,5.149318498597655,26.515481,5.154587277367607,12.73,-15.07,27.8,9.63,1.842390838014562,3.394404,9.80465726071034,17.13,0.97,16.16,-0.0486,1.5017776266811276,2.25533604,1.5025638089612037,2.65,-2.99,5.640000000000001,-0.0155,0.2977629090400616,0.08866275,0.2981660611136016,1.9,-0.75,2.65,-0.042,0.6684354867898622,0.446806,0.6697536860667509,1.43,-1.8,3.23,10.952156871568874,2.107797632731053,4.442810860546634,11.153140858072224,17.874658038687063,4.877653124198153,12.99700491448891,1.475114341300937,0.7868981383179794,0.6192086800883019,1.671876490653541,3.219860245414388,0.0447213595499957,3.175138885864392,Moderate_Fault,Moderate_Fault_027_window_001.csv,2
-0.3496,1.086582642968311,1.18066184,1.1414385660209665,2.28,-3.72,6.0,-0.3041,4.713889497007752,22.22075419,4.723688283534383,11.21,-15.07,26.28,9.766,1.3448003569303513,1.8084880000000003,9.858156217062094,17.13,6.45,10.68,-0.0475,1.383085228754902,1.91292475,1.383900646722878,2.65,-2.99,5.640000000000001,-0.019,0.2015217109891636,0.040611,0.2024154144327946,0.44,-0.75,1.19,-0.0452,0.6244333110909444,0.38991696,0.626067089056756,1.51,-1.31,2.8200000000000003,10.867803988316076,1.6401809264654967,2.6901934715412152,10.99087607973086,17.874658038687063,8.321562353308423,9.55309568537864,1.3468432642292183,0.730839395216476,0.5341262216003845,1.532355376536396,3.219860245414388,0.0447213595499957,3.175138885864392,Moderate_Fault,Moderate_Fault_027_window_002.csv,2
-0.1742,1.4367784658742626,2.06433236,1.4473002452843018,4.22,-5.31,9.53,0.0725999999999999,4.375445033365177,19.14451924,4.376047303217825,12.22,-8.19,20.41,9.613400000000002,0.8881781578039396,0.7888604399999999,9.654342028331088,12.19,6.45,5.739999999999999,-0.0645,1.273683928610234,1.6222707499999998,1.2753160392624254,2.27,-2.27,4.54,0.0327,0.1616777968677208,0.0261397099999999,0.1649515080258437,0.48,-0.47,0.95,0.0076999999999999,0.741758525397585,0.5502057099999998,0.741798490157536,1.75,-1.82,3.5700000000000003,10.648123247298113,1.0335663067019472,1.0682593103495035,10.698167506634022,15.457962349546593,8.68420405103427,6.773758298512323,1.36228980290399,0.5899758409492785,0.3480714929038083,1.4845554890269343,2.5072893730082293,0.0806225774829855,2.426666795525244,Moderate_Fault,Moderate_Fault_027_window_003.csv,2
-0.2714999999999999,1.584704625474413,2.5112887499999994,1.607793830066529,4.22,-5.31,9.53,0.1989999999999999,3.952807230311137,15.624685,3.957813285136124,14.57,-8.63,23.200000000000003,9.7214,0.9579864508436432,0.9177380399999998,9.76848790755253,12.48,5.99,6.49,-0.0756999999999999,1.099142624958199,1.20811451,1.1017463410422563,2.2,-2.27,4.470000000000001,0.0054,0.1596710368225872,0.02549484,0.1597623234683322,0.48,-0.47,0.95,-0.0037,0.7561847062722175,0.5718153099999999,0.7561937582392492,2.31,-2.1,4.41,10.587207378414552,1.25844464576099,1.583682926444504,10.661737334975008,16.413930059556122,7.459416867289292,8.95451319226683,1.170714282727232,0.6637967069957961,0.4406260682184627,1.3458075642527798,2.646714944983686,0.066332495807108,2.5803824491765788,Moderate_Fault,Moderate_Fault_027_window_004.csv,2
-0.1402,1.474947443131449,2.17546996,1.4815957613330295,5.44,-4.87,10.31,0.1765999999999999,3.880178660835091,15.05578644,3.88419541217998,10.49,-9.86,20.35,9.6965,1.9633829860727632,3.85487275,9.89327978983714,19.61,-0.68,20.29,-0.0351,1.2165948339525363,1.48010299,1.2171010640041358,2.99,-2.46,5.45,0.0702,0.330620568023225,0.1093099599999999,0.3379911241438154,1.75,-0.51,2.26,-0.0008,0.758190846687033,0.57485336,0.7581912687442397,1.6,-1.51,3.1100000000000003,10.568826347978726,1.8598372580068945,3.458994626270604,10.731220107704436,20.457609831062864,4.024649053023133,16.43296077803973,1.2757865197925953,0.7367467379741139,0.5427957559154977,1.4732369123803544,3.1293929123713435,0.0648074069840786,3.064585505387265,Moderate_Fault,Moderate_Fault_028_window_001.csv,2
-0.2749,1.3922646982524551,1.93840099,1.419144460581797,5.44,-5.24,10.68,0.2510000000000001,3.399025889869037,11.553377,3.4082807982911265,10.49,-7.18,17.67,9.683700000000002,1.8112110064815747,3.280485309999999,9.851625804911594,19.61,-0.68,20.29,-0.073,1.1863047669127862,1.407319,1.1885486948375317,2.0,-2.46,4.46,0.0745,0.2970164136878633,0.0882187499999999,0.3062172431461037,1.75,-0.38,2.13,-0.0260999999999999,0.783433334751592,0.6137677900000001,0.7838679735771835,1.57,-1.51,3.08,10.389666016030642,1.6552099792286183,2.739720075338003,10.520688190417962,20.457609831062864,4.024649053023133,16.43296077803973,1.296761273550533,0.662779148298738,0.4392761994196004,1.4563193331134487,2.6378210705049727,0.0648074069840786,2.5730136635208942,Moderate_Fault,Moderate_Fault_028_window_002.csv,2
-0.3568,1.3223319401723606,1.7485617599999994,1.3696233058764735,3.14,-5.24,8.38,0.0139,3.3734960782547234,11.38047579,3.3735247145974787,5.6,-7.18,12.78,9.7033,0.8127472608382017,0.6605581099999999,9.737278315833434,12.28,7.14,5.14,-0.0640999999999999,1.2489412276004024,1.5598541900000005,1.250585063080477,2.0,-2.37,4.37,0.0149,0.1769491169799951,0.03131099,0.1775753361252626,0.91,-0.55,1.46,-0.0085999999999999,0.7939269739717879,0.63032004,0.7939735511967637,1.59,-1.43,3.02,10.361634323790922,0.8412253800485625,0.7076601400378485,10.395726333450684,13.291094763035886,8.416370951900824,4.874723811135063,1.3700554188597958,0.5906252189442215,0.3488381492529096,1.4919416878685308,2.5470374948162817,0.0734846922834953,2.473552802532786,Moderate_Fault,Moderate_Fault_028_window_003.csv,2
-0.3290999999999999,1.242933702978562,1.5448841900000003,1.2857647529777754,2.85,-4.29,7.140000000000001,0.0840999999999999,4.003521723433008,16.02818619,4.00440494955243,10.23,-9.97,20.200000000000003,9.8407,1.162845006868929,1.35220851,9.909166715723376,15.01,7.42,7.59,-0.0612999999999999,1.303601668455514,1.69937731,1.3050421449133358,2.8,-3.14,5.94,0.0183,0.1802112926539288,0.03247611,0.181138068886692,0.84,-0.5,1.34,-0.0212,0.8635511334020702,0.7457205600000001,0.8638113219910931,1.64,-2.79,4.43,10.687891580842637,1.2841372808827918,1.6490085561530503,10.76475893831348,16.39695703476715,8.122173354466154,8.274783680300997,1.4533285368376234,0.6082369308200646,0.369952164013412,1.5754732622294805,3.4146156445491784,0.5193264869039514,2.895289157645227,Moderate_Fault,Moderate_Fault_029_window_001.csv,2
-0.1836999999999999,1.2070572935863484,1.45698731,1.2209557731547855,2.47,-3.3,5.77,-0.0084,3.5987169157909595,12.950763439999998,3.5987267192716925,7.86,-8.21,16.07,9.8848,1.014321921285348,1.02884896,9.93670569152574,15.01,7.57,7.439999999999999,-0.0667,1.1373918014475046,1.2936601099999998,1.1393458649593633,2.4,-2.46,4.859999999999999,0.0403999999999999,0.1820325245663532,0.03313584,0.1864617923329066,0.75,-0.51,1.26,0.0057,0.6821748382929409,0.46536251,0.6821986514205375,1.64,-1.71,3.35,10.575530926854082,1.1566471437533563,1.3378326151527975,10.638594221042553,16.39695703476715,8.102653886227648,8.294303148539504,1.210746641888057,0.5765106843388008,0.3323645691567924,1.3409966442911034,2.598576533412091,0.033166247903554,2.565410285508537,Moderate_Fault,Moderate_Fault_029_window_002.csv,2
-0.1491,1.2335688833624168,1.52169219,1.242546981003133,3.2,-3.34,6.54,0.0097,3.643404851234625,13.27439891,3.643417763584077,9.48,-8.21,17.69,9.693400000000002,0.9358303478729464,0.8757784400000002,9.738469181550046,13.14,6.65,6.49,-0.0537,1.1239009342464308,1.26315331,1.1251830962114566,2.4,-2.69,5.09,0.0259999999999999,0.2181329869597902,0.047582,0.2196770356682737,0.75,-1.33,2.08,-0.0039999999999999,0.6195256249744637,0.3838119999999999,0.6195385379457843,1.3,-1.71,3.01,10.409694399079616,1.13774360809916,1.2944605177704946,10.471685537677304,14.227990019676003,6.771070816348032,7.456919203327973,1.130218630627317,0.6486361437531156,0.4207288469829124,1.303120485603691,2.7739322270019504,0.033166247903554,2.7407659790983963,Moderate_Fault,Moderate_Fault_029_window_003.csv,2
-0.358,1.6455345635993186,2.707784,1.6840273156929493,5.33,-8.81,14.14,-0.2825,4.020912676246526,16.16773875,4.030824357374059,10.18,-11.82,22.0,9.8032,1.1850872372952126,1.4044317599999996,9.874571484373384,17.54,7.25,10.29,-0.0373,1.185043336760306,1.40432771,1.185630212165665,2.31,-2.05,4.359999999999999,0.0381,0.1971735022765483,0.03887739,0.2008208156541547,0.72,-0.45,1.17,-0.0193999999999999,0.5368571877138276,0.28821564,0.537207594883021,1.17,-1.68,2.85,10.658877180035084,1.7259757416972514,2.978992260927377,10.797715267592492,20.033666663893555,7.748503081240918,12.285163582652636,1.1899699256284022,0.5644568859531565,0.3186115760999347,1.3170573260112863,2.409937758532365,0.0787400787401181,2.331197679792247,Moderate_Fault,Moderate_Fault_030_window_001.csv,2
-0.4331,1.3009601800208954,1.6924973900000004,1.3711575401827465,1.92,-8.81,10.73,-0.3651,4.542046123720013,20.63018299,4.556696281298546,12.32,-13.68,26.0,9.8297,1.1194985082616231,1.25327691,9.893244108986698,17.54,7.4,10.14,-0.017,1.3791435748318592,1.902037,1.3792483460203968,2.5,-2.91,5.41,0.0027,0.1530153913826971,0.0234137099999999,0.1530392106618431,0.45,-0.45,0.9,-0.0526,0.5505572086531971,0.30311324,0.5530641915727323,0.97,-1.68,2.65,10.842522604249291,1.7203303683720614,2.9595365763431527,10.978152531277749,20.033666663893555,8.115275719283973,11.918390944609582,1.3386332102747756,0.6630898342980754,0.4396881283494492,1.4938631128721267,3.067670125681704,0.0787400787401181,2.9889300469415856,Moderate_Fault,Moderate_Fault_030_window_002.csv,2
-0.3189,1.3053106105444787,1.7038357899999996,1.3437012316731722,3.29,-3.74,7.03,-0.4257999999999999,4.618446747554853,21.33005036,4.638033635065619,12.32,-13.68,26.0,9.743299999999998,1.1130058894722883,1.2387821099999998,9.806664927486816,13.28,5.73,7.549999999999999,-0.0684999999999999,1.5614995196925294,2.43828075,1.5630012795900072,2.95,-3.03,5.98,0.0220999999999999,0.198349665994173,0.03934259,0.1995770527891421,0.74,-0.45,1.19,0.015,0.7374693213958124,0.543861,0.7376218543400135,1.53,-1.94,3.47,10.817594062594148,1.5707401748627376,2.4672246969278238,10.9310368218207,15.921821503835544,7.825873753134534,8.095947750701011,1.580694512645777,0.7268389489367849,0.5282948576915302,1.7397959650487755,3.371572333496644,0.212367605815953,3.1592047276806907,Moderate_Fault,Moderate_Fault_030_window_003.csv,2
-0.2062,1.6910533876847296,2.85966156,1.7035785863880777,7.92,-5.19,13.11,-0.2264999999999999,4.168546599235758,17.376780750000005,4.174695557762266,12.31,-12.24,24.55,9.7898,1.3383362656671904,1.7911439600000003,9.88085664302443,13.38,5.73,7.65,-0.0493999999999999,1.4492900468850258,2.10044164,1.4501317181552855,3.18,-3.03,6.21,0.0408999999999999,0.2291772021820669,0.05252219,0.2327981958692979,0.89,-0.45,1.34,0.0198,0.904534112126237,0.81818196,0.9047507944179988,1.77,-2.1,3.87,10.744827340688794,1.5843851863693132,2.5102764187865234,10.861012429787564,15.960031328290054,7.825873753134534,8.13415757515552,1.5423749948814858,0.7724832523520079,0.5967303751643359,1.725007536215422,3.4686020238707123,0.0714142842854285,3.397187739585284,Moderate_Fault,Moderate_Fault_030_window_004.csv,2
0.4928,0.0431527519400559,0.00186216,0.4946857588409029,0.6,0.35,0.25,0.206,0.0365786823163437,0.001338,0.2092223697409051,0.3,0.13,0.1699999999999999,9.8588,0.048109874246354,0.00231456,9.858917384784194,9.96,9.75,0.2100000000000008,-0.0576,0.0058514955353311,3.4239999999999984e-05,0.0578964593045205,-0.05,-0.08,0.03,0.0301999999999999,0.007208328516376,5.195999999999999e-05,0.03104834939252,0.04,0.0,0.04,-0.0098,0.0014,1.9600000000000007e-06,0.0098994949366116,-0.0,-0.01,0.01,9.87341815889674,0.0485165906480667,0.002353859568112,9.87353736003465,9.973369540932492,9.760297126624785,0.2130724143077103,0.0662525041695797,0.0049604124082393,2.4605691259815216e-05,0.0664379409674923,0.0806225774829855,0.0547722557505166,0.0258503217324688,Normal,normal_001_window_001.csv,0
0.5204,0.0361640705673462,0.00130784,0.5216550584437958,0.62,0.44,0.18,0.2083999999999999,0.0316139209842752,0.0009994399999999,0.2107842498859912,0.29,0.13,0.1599999999999999,9.867,0.0507247474118895,0.0025729999999999,9.8671303832472,9.97,9.73,0.2400000000000002,-0.0568999999999999,0.0046249324319388,2.1389999999999987e-05,0.0570876519047683,-0.05,-0.06,0.0099999999999999,0.0322999999999999,0.0042083250825001,1.7710000000000005e-05,0.0325729949498046,0.04,0.03,0.01,-0.0098,0.0014,1.960000000000001e-06,0.0098994949366116,-0.0,-0.01,0.01,9.88302802914516,0.0507245022754943,0.0025729751310966,9.883158199684956,9.98859850029022,9.74593761523231,0.2426608850579104,0.066307021206934,0.0046237364396344,2.137893866320344e-05,0.0664680374315354,0.0728010988928051,0.058309518948453,0.0144915799443521,Normal,normal_001_window_002.csv,0
0.5597000000000001,0.0562219707943433,0.0031609099999999,0.5625166664197604,0.71,0.46,0.2499999999999999,0.1350999999999999,0.1156935175366364,0.01338499,0.177867928531256,0.28,-0.15,0.43,9.8622,0.0484887615845156,0.0023511599999999,9.862319199863691,9.97,9.73,0.2400000000000002,-0.0629999999999999,0.0196214168703485,0.000385,0.0659848467452944,-0.05,-0.18,0.13,0.0306,0.0101803732740995,0.0001036399999999,0.0322490309931942,0.04,-0.05,0.09,-0.0101,0.001729161646579,2.989999999999999e-06,0.0102469507659595,-0.0,-0.02,0.02,9.87983124266363,0.0483385610836928,0.0023366164876419,9.879949493798032,9.98859850029022,9.74593761523231,0.2426608850579104,0.071823819673992,0.0184482770858926,0.0003403389274378,0.0741552425658496,0.1805547008526778,0.0591607978309961,0.1213939030216817,Normal,normal_001_window_003.csv,0
-0.2002,0.1232962286527856,0.0152019599999999,0.23512124531824,0.18,-0.5,0.6799999999999999,0.3908,0.0470888521839299,0.00221736,0.3936267267348598,0.51,0.27,0.24,9.8792,0.0506296355902351,0.00256336,9.87932973434939,9.98,9.75,0.2300000000000004,-0.0573,0.0077272245987806,5.971000000000001e-05,0.057818682101895,-0.04,-0.07,0.03,0.0349999999999999,0.019723082923316,0.000389,0.0401746188532013,0.1,-0.05,0.15,-0.0059,0.0049183330509431,2.419e-05,0.0076811457478686,-0.0,-0.01,0.01,9.889842108735447,0.0490210595884358,0.0024030642831729,9.889963599528564,9.989679674544124,9.76941144593675,0.2202682286073738,0.0700484286177452,0.0104507247683907,0.0001092176481846,0.070823724838503,0.1224744871391589,0.05,0.0724744871391589,Normal,normal_002_window_001.csv,0
-0.1664,0.1299809216769907,0.01689504,0.2111492363235065,0.18,-0.59,0.77,0.3862,0.0595278086275649,0.00354356,0.3907607963959537,0.52,0.18,0.34,9.8923,0.0561400926255024,0.0031517099999999,9.892459299891,10.09,9.76,0.33,-0.0572,0.010303397497913,0.00010616,0.0581205643468815,-0.01,-0.07,0.06,0.0359,0.024539559898254,0.00060219,0.0434856298103178,0.1,-0.05,0.15,-0.0069,0.0115494588617822,0.00013339,0.0134536240470737,0.01,-0.11,0.12,9.902276964741068,0.0542209697296154,0.0029399135584198,9.902425409969014,10.097182775408198,9.774180272534368,0.3230025028738303,0.0726483336718542,0.013123247109726,0.0001722196147029,0.073824115301167,0.1224744871391589,0.0412310562561766,0.0812434308829823,Normal,normal_002_window_002.csv,0
-0.1205,0.1406298332502744,0.0197767499999999,0.1851944923587092,0.27,-0.63,0.9,0.3782,0.067147300764811,0.00450876,0.3841145662429375,0.54,0.15,0.39,9.8967,0.0612544692247023,0.00375211,9.89688956187751,10.09,9.77,0.3200000000000003,-0.058,0.010295630140987,0.000106,0.0589067059000925,-0.01,-0.08,0.07,0.0317,0.0226298475469897,0.00051211,0.0389486841883008,0.09,-0.01,0.0999999999999999,-0.0059,0.0116700471292964,0.00013619,0.013076696830622,0.01,-0.11,0.12,9.905894357521944,0.0593378261729292,0.0035209776149287,9.906072077266549,10.097182775408198,9.779994887524223,0.3171878878839731,0.0708045276078623,0.0120299156367555,0.0001447188702274,0.0718192174839019,0.1122497216032182,0.0412310562561766,0.0710186653470416,Normal,normal_002_window_003.csv,0
-0.072,0.1476820909927808,0.02181,0.1642985088185526,0.3,-0.63,0.93,0.3594,0.0870955796811755,0.00758564,0.3698026500716294,0.61,-0.26,0.87,9.9014,0.0871208356250099,0.00759004,9.90178327373408,10.47,9.77,0.7000000000000011,-0.0577,0.0089280456988077,7.971000000000002e-05,0.05838664230798,-0.04,-0.08,0.04,0.0306,0.0196885753674561,0.00038764,0.0363868107973205,0.12,-0.01,0.13,-0.006,0.0050990195135927,2.6e-05,0.0078740078740118,-0.0,-0.02,0.02,9.90967201318574,0.0863747132166939,0.0074605910832661,9.910048435804942,10.475977281380484,9.779994887524223,0.6959823938562586,0.0684038406549821,0.0107663635294289,0.0001159145836478,0.0692459385090562,0.1268857754044952,0.0412310562561766,0.0856547191483185,Normal,normal_002_window_004.csv,0
0.0582,0.1529926795634353,0.02340676,0.1636887289950044,0.71,-0.39,1.1,0.3886,0.0948579991355499,0.0089980399999999,0.4000099998750031,0.67,0.12,0.55,9.9024,0.0682219905895452,0.00465424,9.902635002866662,10.12,9.7,0.4199999999999999,-0.0576,0.0193969069699269,0.0003762399999999,0.0607782855960909,0.01,-0.13,0.14,0.0341,0.024045581714735,0.00057819,0.0417252920900501,0.13,-0.05,0.18,-0.0065999999999999,0.0145065502446308,0.00021044,0.0159373774505092,0.09,-0.07,0.16,9.911830950965628,0.0677436305480928,0.0045891994798365,9.912062449359366,10.122470054290108,9.720704706964408,0.4017653473256999,0.07344788434852,0.0171583298932744,0.0002944082847264,0.0754254598925323,0.1407124727947029,0.0316227766016837,0.1090896961930191,Normal,normal_003_window_001.csv,0
0.0575,0.1298258448845991,0.01685475,0.1419894362267841,0.38,-0.36,0.74,0.3968,0.0775613305713613,0.0060157599999999,0.4043092875510035,0.58,0.04,0.5399999999999999,9.9019,0.0621561742709442,0.0038633899999999,9.90209508134516,10.16,9.78,0.3800000000000008,-0.0573999999999999,0.0162246725698856,0.00026324,0.0596489731680269,-0.01,-0.12,0.11,0.0341999999999999,0.0216877845802654,0.00047036,0.0404969134626331,0.09,-0.04,0.13,-0.0054,0.0062321745803531,3.884e-05,0.0082462112512353,0.02,-0.02,0.04,9.911166015329318,0.0624677243156629,0.0039022165811776,9.911362872985734,10.173190256748372,9.787180390694758,0.3860098660536142,0.0705947186821623,0.0168043355770575,0.0002823856941863,0.0725672102261069,0.1392838827718412,0.04,0.0992838827718411,Normal,normal_003_window_002.csv,0
0.062,0.1415697707845852,0.020042,0.1545509624686951,0.38,-0.39,0.77,0.3959,0.0817691262029868,0.0066861899999999,0.4042561069421215,0.59,0.04,0.5499999999999999,9.9059,0.0622269234335107,0.00387219,9.906095446743889,10.16,9.73,0.4299999999999997,-0.0577,0.0178244214492364,0.00031771,0.060390396587537,-0.01,-0.12,0.11,0.0336999999999999,0.0247246840222478,0.00061131,0.0417971290880127,0.09,-0.05,0.14,-0.0051,0.0122061459929004,0.00014899,0.0132287565553229,0.08,-0.06,0.14,9.91535059683712,0.0621171618940665,0.0038585418017736,9.915545169076688,10.173190256748372,9.75168703353425,0.4215032232141222,0.0724740649154803,0.0177907255227755,0.0003165099146267,0.0746257328272225,0.1417744687875782,0.04,0.1017744687875782,Normal,normal_003_window_003.csv,0
0.0416,0.1454215939948397,0.02114744,0.1512547519914663,0.34,-0.39,0.73,0.4089999999999999,0.0784283112147647,0.006151,0.4164516778691136,0.6,0.19,0.41,9.896499999999998,0.0556843784198046,0.00310075,9.896656657679904,10.04,9.73,0.3099999999999987,-0.0579,0.0145804663848588,0.00021259,0.0597076209541127,-0.01,-0.11,0.1,0.0337,0.021755688911179,0.00047331,0.0401123422402631,0.08,-0.05,0.13,-0.0049,0.0124494979818464,0.0001549899999999,0.0133790881602596,0.08,-0.06,0.14,9.906420080909898,0.0544442884527811,0.0029641805451296,9.9065696888479,10.049900497019856,9.75168703353425,0.2982134634856077,0.0716294009462388,0.0149073445013846,0.0002222289200829,0.0731641988953613,0.1417744687875782,0.0412310562561766,0.1005434125314016,Normal,normal_003_window_004.csv,0
0.5615,0.0298119103715276,0.0008887499999999,0.5622908500055821,0.62,0.49,0.13,-0.0619999999999999,0.0314960314960472,0.000992,0.0695413546028548,0.03,-0.15,0.18,9.8805,0.0491604515845817,0.00241675,9.880622298215837,9.98,9.76,0.2200000000000006,-0.0579,0.0040730823708832,1.6589999999999985e-05,0.0580430874437258,-0.05,-0.06,0.0099999999999999,0.0314999999999999,0.0035707142142714,1.2750000000000008e-05,0.0317017349682947,0.04,0.03,0.01,-0.009,0.003,9e-06,0.0094868329805051,-0.0,-0.01,0.01,9.896729723155309,0.0494447855114426,0.0024447868142725,9.896853237266884,9.998269850329104,9.77356639103659,0.224703459292515,0.0666900944216363,0.0040535547403758,1.643130603322326e-05,0.0668131723539602,0.0728010988928051,0.0591607978309961,0.013640301061809,Normal,normal_004_window_001.csv,0
0.5635999999999999,0.0330913886079142,0.0010950399999999,0.5645706333134942,0.66,0.47,0.19,-0.0612,0.0329933326597965,0.00108856,0.0695269731830747,0.03,-0.16,0.19,9.8858,0.0531635213280685,0.00282636,9.88594294946112,10.0,9.76,0.2400000000000002,-0.0576999999999999,0.0042083250825001,1.770999999999998e-05,0.0578532626564829,-0.05,-0.06,0.0099999999999999,0.0314,0.0034698703145794,1.2040000000000008e-05,0.0315911379978626,0.04,0.03,0.01,-0.0087,0.00336303434416,1.1309999999999997e-05,0.0093273790530888,-0.0,-0.01,0.01,9.902152418347072,0.0530988118810107,0.0028194838231749,9.902294784543631,10.015358206275002,9.77356639103659,0.2417918152384111,0.0664482161254547,0.0040785504465259,1.6634573744857156e-05,0.0665732679083729,0.0728010988928051,0.058309518948453,0.0144915799443521,Normal,normal_004_window_002.csv,0
0.565,0.0326955654485436,0.0010689999999999,0.5659452270317332,0.66,0.47,0.19,-0.0642,0.0312467598320209,0.00097636,0.0714002801114953,0.01,-0.16,0.17,9.8893,0.0504431363021769,0.0025445099999999,9.889428648814857,10.0,9.76,0.2400000000000002,-0.0574,0.0043863424398922,1.9239999999999985e-05,0.057567351858497,-0.05,-0.06,0.0099999999999999,0.0313,0.00336303434416,1.1310000000000004e-05,0.0314801524773943,0.04,0.03,0.01,-0.0086,0.0034698703145794,1.2040000000000003e-05,0.0092736184954957,-0.0,-0.01,0.01,9.90574000457744,0.0500595816420301,0.002505961714175,9.905866494153855,10.015358206275002,9.777141709109058,0.2382164971659435,0.0661367383869213,0.0041148311678511,1.6931835539919517e-05,0.0662646210281172,0.0728010988928051,0.058309518948453,0.0144915799443521,Normal,normal_004_window_003.csv,0
0.5651999999999999,0.1080692370658736,0.01167896,0.5754389628796438,1.02,0.13,0.89,-0.0596,0.1331384242057866,0.0177258399999999,0.1458698049631931,0.66,-0.48,1.14,9.8779,0.0622301373933884,0.00387259,9.87809602099514,10.14,9.66,0.4800000000000004,-0.0564,0.0065604877867426,4.303999999999999e-05,0.0567802782663135,-0.04,-0.08,0.04,0.0343,0.0160159295702747,0.0002565099999999,0.0378549864614954,0.15,-0.0,0.15,-0.0088999999999999,0.0031288975694324,9.79e-06,0.0094339811320566,-0.0,-0.01,0.01,9.895709802535816,0.0641599875044454,0.0041165039965705,9.89591779472728,10.156249307692285,9.710849602377746,0.4453997053145393,0.0677491612425478,0.0124920435050176,0.0001560511509312,0.0688912185985993,0.1658312395177699,0.0509901951359278,0.1148410443818421,Normal,normal_005_window_001.csv,0
0.5700999999999999,0.0972264881603773,0.00945299,0.5783312199769264,1.02,0.13,0.89,-0.0632999999999999,0.1263254131202427,0.01595811,0.1412975583653164,0.66,-0.48,1.14,9.876,0.0530094331227942,0.0028099999999999,9.87614226304988,10.0,9.66,0.3399999999999998,-0.0573,0.0059757844673314,3.570999999999999e-05,0.0576107628833363,-0.04,-0.08,0.04,0.0341,0.015690442951045,0.0002461899999999,0.0375366487582469,0.15,-0.0,0.15,-0.0088999999999999,0.0031288975694324,9.790000000000005e-06,0.0094339811320566,-0.0,-0.01,0.01,9.893919836669207,0.0544817911189389,0.0029682655635276,9.894069840060764,10.073529669386,9.710849602377746,0.3626800670082541,0.0683118893263787,0.012267264432651,0.0001504857766605,0.0694046107978425,0.1658312395177699,0.0509901951359278,0.1148410443818421,Normal,normal_005_window_002.csv,0
0.5602,0.0333760393096604,0.0011139599999999,0.5611933713079654,0.64,0.49,0.15,-0.0729,0.0294039113044506,0.00086459,0.0786066154976793,0.0,-0.14,0.14,9.8771,0.0447055924913202,0.0019985899999999,9.877201172396964,9.99,9.8,0.1899999999999995,-0.0574,0.0043863424398922,1.9239999999999985e-05,0.057567351858497,-0.05,-0.06,0.0099999999999999,0.0315,0.0035707142142714,1.2750000000000003e-05,0.0317017349682947,0.04,0.03,0.01,-0.0093999999999999,0.0023748684174075,5.640000000000002e-06,0.0096953597148326,-0.0,-0.01,0.01,9.893344147592844,0.0442896973395534,0.0019615772904292,9.893443283306372,10.007587121779157,9.816170332670476,0.1914167891086773,0.0663089714104837,0.0040150106455211,1.6120310483648474e-05,0.0664304147209694,0.0728010988928051,0.058309518948453,0.0144915799443521,Normal,normal_005_window_003.csv,0
0.562,0.0354400902933386,0.0012559999999999,0.5631163290120434,0.65,0.45,0.2,-0.0696,0.0365217743271051,0.00133384,0.0786002544525143,0.01,-0.17,0.18,9.8829,0.0502651967070656,0.00252659,9.88302782551987,10.0,9.76,0.2400000000000002,-0.0568999999999999,0.0046249324319388,2.1389999999999987e-05,0.0570876519047683,-0.05,-0.06,0.0099999999999999,0.0319,0.0039230090491866,1.539000000000001e-05,0.0321403173599763,0.04,0.03,0.01,-0.0093999999999999,0.0023748684174075,5.64e-06,0.0096953597148326,-0.0,-0.01,0.01,9.89924127007222,0.0503912383146738,0.0025392768988862,9.899369525378876,10.016476426368706,9.775735266464617,0.2407411599040916,0.0660659828061537,0.004613666205632,2.128591585699135e-05,0.0662268827591937,0.0728010988928051,0.0591607978309961,0.013640301061809,Normal,normal_006_window_001.csv,0
0.5650999999999999,0.0347705335018029,0.0012089899999999,0.5661687027732988,0.67,0.45,0.22,-0.0713,0.0380172329345521,0.00144531,0.080802227692063,0.01,-0.17,0.18,9.8838,0.0510446863052366,0.00260556,9.883931808748986,10.01,9.76,0.25,-0.0571,0.0045376205218153,2.0589999999999984e-05,0.0572800139664787,-0.05,-0.06,0.0099999999999999,0.0317999999999999,0.0038418745424597,1.4760000000000008e-05,0.0320312347560939,0.04,0.03,0.01,-0.0092,0.0027129319932501,7.359999999999998e-06,0.0095916630466254,-0.0,-0.01,0.01,9.900332079136891,0.0510756577343089,0.0026087228129922,9.900463827518385,10.027287768883468,9.775735266464617,0.2515525024188534,0.0661713290941296,0.004511674402745,2.0355205916385093e-05,0.0663249575951617,0.0728010988928051,0.058309518948453,0.0144915799443521,Normal,normal_006_window_002.csv,0
0.5713,0.0335754374506126,0.0011273099999999,0.5722857677769037,0.67,0.5,0.17,-0.0748,0.0327865826215542,0.00107496,0.0816700679563816,-0.01,-0.16,0.15,9.8829,0.0481101860316503,0.00231459,9.883017100056035,10.01,9.76,0.25,-0.0561999999999999,0.0048538644398046,2.3559999999999974e-05,0.0564092191046818,-0.05,-0.06,0.0099999999999999,0.0312,0.0032496153618543,1.056e-05,0.0313687742827162,0.04,0.03,0.01,-0.0093,0.0025514701644346,6.510000000000001e-06,0.0096436507609929,-0.0,-0.01,0.01,9.899791874607658,0.0482580506462751,0.0023288394521784,9.899909494535796,10.03112655687286,9.77875247667104,0.2523740802018217,0.0651060364926285,0.0044948873423619,2.020401222052543e-05,0.0652610143960389,0.0728010988928051,0.058309518948453,0.0144915799443521,Normal,normal_006_window_003.csv,0
0.5613,0.0306807757398667,0.0009413099999999,0.5621378834414205,0.66,0.48,0.18,-0.0693,0.0318199622878469,0.0010125099999999,0.0762561472931854,0.01,-0.15,0.16,9.877400000000002,0.0492873208847874,0.00242924,9.877522968841935,10.0,9.73,0.2699999999999996,-0.0558,0.0049355850717012,2.4359999999999973e-05,0.0560178542966436,-0.05,-0.06,0.0099999999999999,0.0316999999999999,0.0037563279941985,1.4110000000000004e-05,0.0319217793990247,0.04,0.03,0.01,-0.0092,0.0027129319932501,7.359999999999999e-06,0.0095916630466254,-0.0,-0.01,0.01,9.893678368577412,0.049013662823377,0.0024023391433636,9.89379977561705,10.01404014371822,9.74493714705231,0.2691029966659091,0.0650258044588154,0.0045436499077178,2.064475448390413e-05,0.065184353950929,0.0728010988928051,0.0591607978309961,0.013640301061809,Normal,normal_007_window_001.csv,0
0.562,0.0320312347560939,0.0010259999999999,0.5629120712864488,0.65,0.48,0.17,-0.0704,0.0285629130167075,0.0008158399999999,0.0759736796528903,0.01,-0.14,0.15,9.87,0.0517493961317424,0.002678,9.870135662694814,9.98,9.73,0.25,-0.0565999999999999,0.0047370877129308,2.2439999999999968e-05,0.0567978872846517,-0.05,-0.06,0.0099999999999999,0.0317999999999999,0.0038418745424597,1.4760000000000008e-05,0.0320312347560939,0.04,0.03,0.01,-0.0092,0.0027129319932501,7.359999999999999e-06,0.0095916630466254,-0.0,-0.01,0.01,9.886331351413077,0.0516953582723271,0.0026724100669042,9.886466507301789,9.995879150930149,9.74493714705231,0.2509420038778369,0.0657608707660814,0.0044167721343455,1.9507876086731675e-05,0.0659090282131363,0.0728010988928051,0.0591607978309961,0.013640301061809,Normal,normal_007_window_002.csv,0
0.564,0.0329545141065681,0.0010859999999999,0.5649619456211188,0.65,0.48,0.17,-0.0726,0.0316739640714578,0.0010032399999999,0.0792085853932514,0.01,-0.15,0.16,9.8781,0.0528336067290508,0.00279139,9.878241290837147,9.99,9.74,0.25,-0.0561,0.0048774993593028,2.378999999999997e-05,0.0563116329012043,-0.05,-0.06,0.0099999999999999,0.0316999999999999,0.0037563279941985,1.4110000000000004e-05,0.0319217793990247,0.04,0.03,0.01,-0.0093,0.0025514701644346,6.510000000000001e-06,0.0096436507609929,-0.0,-0.01,0.01,9.894560183755033,0.0527803945570728,0.0027857700496002,9.894700955562024,10.008246599679689,9.75659776766471,0.2516488320149772,0.0652749895266188,0.004709112687099,2.2175742299797615e-05,0.0654446330878247,0.0728010988928051,0.058309518948453,0.0144915799443521,Normal,normal_007_window_003.csv,0
0.5596,0.031714980687366,0.0010058399999999,0.5604979928599209,0.63,0.48,0.15,-0.0689,0.0315561404484135,0.00099579,0.0757825837511495,0.01,-0.15,0.16,9.8865,0.0485257663514962,0.00235475,9.886619088444744,10.0,9.78,0.2200000000000006,-0.0561999999999999,0.0048538644398046,2.3559999999999974e-05,0.0564092191046818,-0.05,-0.06,0.0099999999999999,0.031,0.003,9.000000000000002e-06,0.0311448230047948,0.04,0.03,0.01,-0.0095,0.0021794494717703,4.75e-06,0.0097467943448089,-0.0,-0.01,0.01,9.902665950962644,0.048425857195674,0.0023450636451358,9.902784355927375,10.016551302718916,9.795024247034815,0.2215270556840973,0.0650146176206073,0.0044832461059163,2.0099495646214215e-05,0.0651690110405244,0.0728010988928051,0.058309518948453,0.0144915799443521,Normal,normal_007_window_004.csv,0
0.5631999999999999,0.0316505924115173,0.0010017599999999,0.564088645515933,0.65,0.48,0.17,-0.0733,0.0324670602303319,0.00105411,0.0801685723959208,-0.0,-0.13,0.13,9.88,0.0456070170039655,0.00208,9.880105262597157,9.99,9.78,0.2100000000000008,-0.0550999999999999,0.0049989998999799,2.4989999999999976e-05,0.0553263047744922,-0.05,-0.06,0.0099999999999999,0.0312999999999999,0.00336303434416,1.1310000000000004e-05,0.0314801524773943,0.04,0.03,0.01,-0.0090999999999999,0.0028618176042508,8.189999999999998e-06,0.0095393920141694,-0.0,-0.01,0.01,9.896416847487233,0.0451284917860852,0.0020365807708867,9.896519741808229,10.006747723411438,9.797009747877157,0.2097379755342832,0.0641877650120557,0.0047886138659444,2.2930822757115383e-05,0.0643661401670163,0.0728010988928051,0.058309518948453,0.0144915799443521,Normal,normal_008_window_001.csv,0
0.5619999999999999,0.0348998567332302,0.0012179999999999,0.5630825871930334,0.66,0.47,0.19,-0.0707,0.0401809656429508,0.0016145099999999,0.0813203541556479,0.08,-0.19,0.27,9.8822,0.0548558109957368,0.00300916,9.882352250350117,9.98,9.55,0.4299999999999997,-0.0542999999999999,0.0049507575177946,2.450999999999997e-05,0.0545252235208623,-0.05,-0.06,0.0099999999999999,0.0323,0.0044395945760846,1.971e-05,0.0326036807738022,0.04,0.02,0.02,-0.0092,0.0030594117081556,9.359999999999998e-06,0.0096953597148326,-0.0,-0.02,0.02,9.898564585558889,0.0545907090939986,0.0029801455193855,9.8987151186404,9.995098798911394,9.565589370237468,0.4295094286739278,0.0640780875299367,0.0048988466505668,2.3998698505770067e-05,0.0642650760522385,0.0728010988928051,0.0574456264653802,0.0153554724274248,Normal,normal_008_window_002.csv,0
0.5616,0.0436513459128123,0.0019054399999999,0.5632938842203065,0.68,0.44,0.24,-0.0691,0.0451241620420811,0.00203619,0.0825287828578611,0.08,-0.19,0.27,9.8715,0.0591840350094517,0.00350275,9.871677415718162,9.97,9.55,0.4199999999999999,-0.0548999999999999,0.0049989998999799,2.4989999999999983e-05,0.0551271258093508,-0.05,-0.06,0.0099999999999999,0.0323999999999999,0.0047159304490206,2.224000000000001e-05,0.0327414110874898,0.04,0.02,0.02,-0.0092,0.0030594117081556,9.359999999999998e-06,0.0096953597148326,-0.0,-0.02,0.02,9.887900640274504,0.0595560917037674,0.0035469280590275,9.888079995631102,9.990090089683877,9.565589370237468,0.4245007194464101,0.0646898750525985,0.0044966727342768,2.02200656791892e-05,0.0648459713474939,0.0728010988928051,0.0574456264653802,0.0153554724274248,Normal,normal_008_window_003.csv,0
0.6653000000000001,0.3870773953617028,0.14982891,0.7697096855308501,3.23,0.28,2.95,0.0547999999999999,0.7324554320912638,0.53649096,0.7345025527525414,4.58,-0.78,5.36,9.9061,0.6962828376457372,0.4848097899999999,9.930540116227316,13.95,4.61,9.34,-0.0526,0.0261770892193918,0.00068524,0.0587537232862735,0.0,-0.23,0.23,0.0415,0.0487314067106624,0.00237475,0.064007812023221,0.36,-0.16,0.52,-0.011,0.0170587221092319,0.000291,0.0202977831301844,0.02,-0.16,0.18,9.967130626499602,0.6355163839694956,0.4038810742936634,9.987370725070738,14.997566469264273,6.697230770997816,8.300335698266455,0.0765825379685418,0.0457833471722727,0.0020961148782968,0.0892244361147774,0.4313930922024598,0.0489897948556635,0.3824032973467962,Normal,normal_009_window_001.csv,0
0.5468,0.0315873392358394,0.0009977599999999,0.5477116029444693,0.62,0.46,0.1599999999999999,-0.0764,0.0334819354279288,0.00112104,0.0834146270146908,0.01,-0.17,0.18,9.884,0.0463896540189729,0.002152,9.884108862209075,9.98,9.77,0.2100000000000008,-0.0550999999999999,0.0049989998999799,2.4989999999999976e-05,0.0553263047744922,-0.05,-0.06,0.0099999999999999,0.0313,0.00336303434416,1.1310000000000004e-05,0.0314801524773943,0.04,0.03,0.01,-0.0093999999999999,0.0023748684174075,5.640000000000003e-06,0.0096953597148326,-0.0,-0.01,0.01,9.89951559789244,0.0463133575147809,0.0021449270842919,9.899623932251163,9.997669728491736,9.785719186651535,0.2119505418401992,0.0642333676812779,0.0044804549235275,2.0074476321761955e-05,0.0643894401280209,0.0728010988928051,0.058309518948453,0.0144915799443521,Normal,normal_009_window_002.csv,0
0.5468000000000002,0.0335523471608172,0.0011257599999999,0.5478284402986029,0.62,0.44,0.18,-0.0753,0.0295788775987189,0.00087491,0.0809011742807235,0.01,-0.16,0.17,9.8901,0.047843390348093,0.00228899,9.89021572059983,10.0,9.73,0.2699999999999996,-0.0546999999999999,0.0049909918853871,2.4909999999999977e-05,0.0549272245794378,-0.05,-0.06,0.0099999999999999,0.0311,0.0031288975694324,9.790000000000005e-06,0.0312569992161755,0.04,0.03,0.01,-0.0095,0.0021794494717703,4.75e-06,0.0097467943448089,-0.0,-0.01,0.01,9.905591320064374,0.047839312968631,0.0022885998653106,9.905706839998851,10.018063685163916,9.746614796943604,0.271448888220311,0.0637914236738106,0.0044333131705743,1.9654265668387814e-05,0.0639452891149926,0.0728010988928051,0.058309518948453,0.0144915799443521,Normal,normal_009_window_003.csv,0
0.5424,0.0771766804157836,0.00595624,0.5478631215915157,0.88,0.22,0.66,-0.0784,0.0649879988921031,0.00422344,0.1018331969448077,0.16,-0.4,0.56,9.8692,0.0567746422269661,0.00322336,9.869363302665477,10.01,9.74,0.2699999999999996,-0.0539999999999999,0.0048989794855663,2.3999999999999974e-05,0.0542217668469038,-0.05,-0.06,0.0099999999999999,0.0314,0.0096974223379205,9.404000000000004e-05,0.0328633534503099,0.06,-0.03,0.09,-0.0096,0.0019595917942265,3.8400000000000005e-06,0.0097979589711327,-0.0,-0.01,0.01,9.884908733712289,0.0586116556546683,0.0034353261785814,9.8850824983912,10.048139131202351,9.750348711712828,0.2977904194895249,0.0639840219427551,0.0046952035130572,2.2044936029025523e-05,0.0641560597293817,0.0787400787401181,0.0547722557505166,0.0239678229896014,Normal,normal_010_window_001.csv,0
0.5456,0.032009998437988,0.0010246399999999,0.5465381962864078,0.62,0.47,0.15,-0.0823,0.0327675144006987,0.00107371,0.0885832941360841,0.01,-0.16,0.17,9.8664,0.0486933260313977,0.0023710399999999,9.866520156569893,9.97,9.75,0.2200000000000006,-0.0537999999999999,0.0048538644398046,2.3559999999999974e-05,0.054018515344278,-0.05,-0.06,0.0099999999999999,0.0313,0.00336303434416,1.131e-05,0.0314801524773943,0.04,0.03,0.01,-0.0096,0.0019595917942265,3.8400000000000005e-06,0.0097979589711327,-0.0,-0.01,0.01,9.881921971582438,0.0488789070687777,0.0023891475562382,9.8820428556043,9.984157450681556,9.765193290457695,0.2189641602238605,0.0631146283877265,0.0046415173681874,2.154368347918613e-05,0.0632850693291869,0.0728010988928051,0.058309518948453,0.0144915799443521,Normal,normal_010_window_002.csv,0
0.5440999999999999,0.0306951136176427,0.0009421899999999,0.5449651364995747,0.62,0.48,0.14,-0.0811,0.0295937493400211,0.00087579,0.0863307592923866,0.01,-0.16,0.17,9.8764,0.048631676919473,0.00236504,9.876519731160364,9.99,9.75,0.2400000000000002,-0.0550999999999999,0.0049989998999799,2.4989999999999976e-05,0.0553263047744922,-0.05,-0.06,0.0099999999999999,0.031,0.003,9.000000000000002e-06,0.0311448230047948,0.04,0.03,0.01,-0.0096,0.0019595917942265,3.8400000000000005e-06,0.0097979589711327,-0.0,-0.01,0.01,9.891800177547507,0.0486954563700822,0.0023712474710905,9.891920036069845,10.004294078044689,9.765193290457695,0.2391007875869917,0.0640662793272422,0.0047446657589096,2.2511853163769855e-05,0.064241730985396,0.0728010988928051,0.058309518948453,0.0144915799443521,Normal,normal_010_window_003.csv,0
0.5449,0.1050761152688849,0.0110409899999999,0.5549387353573365,1.13,0.19,0.94,-0.0796,0.0494352101239592,0.00244384,0.0937016542009798,0.11,-0.24,0.35,9.8753,0.0538043678524337,0.00289491,9.875446572180929,10.08,9.72,0.3599999999999994,-0.0547999999999999,0.0062417946137308,3.895999999999997e-05,0.0551543289325507,-0.04,-0.08,0.04,0.0317,0.0087241045385758,7.611e-05,0.0328785644455471,0.07,-0.01,0.08,-0.0097,0.0017058722109231,2.909999999999999e-06,0.0098488578017961,-0.0,-0.01,0.01,9.89130103980119,0.057842372253048,0.0033457400278601,9.89147016373198,10.145979499289362,9.727610189558378,0.4183693097309842,0.0647512335250311,0.0052228112149386,2.7277756986888503e-05,0.0649615270756468,0.0812403840463596,0.0519615242270663,0.0292788598192932,Normal,normal_011_window_001.csv,0
0.5484,0.0352340744166779,0.0012414399999999,0.5495307088780389,0.65,0.47,0.18,-0.082,0.0323419232575924,0.0010459999999999,0.088147603484156,-0.02,-0.18,0.16,9.8699,0.0433242426361962,0.00187699,9.869995086118331,9.98,9.72,0.2599999999999998,-0.0537999999999999,0.0048538644398046,2.355999999999997e-05,0.054018515344278,-0.05,-0.06,0.0099999999999999,0.0319,0.0039230090491866,1.539000000000001e-05,0.0321403173599763,0.04,0.03,0.01,-0.0097,0.0017058722109231,2.9099999999999992e-06,0.0098488578017961,-0.0,-0.01,0.01,9.885579270432398,0.0433530621437669,0.0018794879972413,9.885674332082765,9.994668578797398,9.73862926699646,0.2560393118009383,0.0634493126666342,0.0047100660432407,2.218472213168954e-05,0.0636238948823474,0.0728010988928051,0.0591607978309961,0.013640301061809,Normal,normal_011_window_002.csv,0
0.5523,0.0318702055217722,0.0010157099999999,0.5532187632392813,0.65,0.49,0.16,-0.0856,0.0323208910768252,0.0010446399999999,0.0914986338695829,-0.02,-0.18,0.16,9.8711,0.0441111097117268,0.00194579,9.871198559445554,9.98,9.72,0.2599999999999998,-0.0535,0.0047696960070847,2.2749999999999984e-05,0.0537121960079831,-0.05,-0.06,0.0099999999999999,0.0321,0.0040730823708832,1.659000000000001e-05,0.0323573793747268,0.04,0.03,0.01,-0.0096,0.0019595917942265,3.8400000000000005e-06,0.0097979589711327,-0.0,-0.01,0.01,9.887013637140411,0.0441059973189547,0.0019453389994996,9.887112015143757,9.994668578797398,9.73862926699646,0.2560393118009383,0.0632860687161846,0.0047826254766979,2.287350645036004e-05,0.0634665266104897,0.0728010988928051,0.058309518948453,0.0144915799443521,Normal,normal_011_window_003.csv,0
0.7091,0.1911077968058865,0.03652219,0.7344011165568854,1.23,0.38,0.85,-0.092,0.0703704483430367,0.004952,0.115827457884562,0.13,-0.3,0.43,9.8681,0.0616716304308554,0.00380339,9.86829270948121,9.99,9.56,0.4299999999999997,-0.0578,0.0314509141361582,0.00098916,0.0658027355054484,0.03,-0.28,0.31,0.0361999999999999,0.0955801234567103,0.00913556,0.1022056749892098,0.88,-0.25,1.13,-0.0053,0.0274392055278574,0.00075291,0.0279463772249642,0.22,-0.04,0.26,9.89607622713389,0.0603100883395562,0.003637306755525,9.8962600006265,10.028653947564449,9.6388847902649,0.3897691572995487,0.0815413877813848,0.0943822127240394,0.0089080020786858,0.1247277034182863,0.9188035698668132,0.0316227766016837,0.8871807932651294,Normal,normal_012_window_001.csv,0
0.8710000000000002,0.0869310071263413,0.007557,0.8753273673317886,1.23,0.47,0.76,-0.1316999999999999,0.076053336547452,0.00578411,0.1520822146077574,0.13,-0.3,0.43,9.853099999999998,0.060937591025573,0.00371339,9.853288435847192,9.99,9.56,0.4299999999999997,-0.058,0.03104834939252,0.000964,0.0657875368135941,0.03,-0.28,0.31,0.037,0.0952417975470853,0.009071,0.1021763181955584,0.88,-0.25,1.13,-0.0055999999999999,0.0274342851191715,0.00075264,0.028,0.22,-0.04,0.26,9.893077149673342,0.060369782268786,0.0036445106111806,9.893261342954608,10.028653947564449,9.6388847902649,0.3897691572995487,0.081874096337777,0.0940671693465494,0.0088486323488724,0.1247076581449591,0.9188035698668132,0.0374165738677394,0.8813869959990738,Normal,normal_012_window_002.csv,0
0.8628999999999999,0.0422680730575691,0.00178659,0.8639346040065764,0.99,0.75,0.24,-0.1654,0.0384036456602755,0.00147484,0.169799882214329,-0.09,-0.25,0.16,9.8556,0.0484421304238367,0.00234664,9.855719050378822,9.96,9.75,0.2100000000000008,-0.0535999999999999,0.0047999999999999,2.303999999999998e-05,0.0538144961882948,-0.05,-0.06,0.0099999999999999,0.0322,0.0046,2.1160000000000004e-05,0.0325269119345811,0.05,0.03,0.02,-0.0099999999999999,1.734723475976807e-18,3.009265538105056e-36,0.01,-0.01,-0.01,0.0,9.894849123868216,0.0487218214394959,0.0023738158843821,9.894969075242226,9.99607923137867,9.784932294093812,0.2111469372848589,0.0635140055240707,0.0044689039247117,1.997110228830433e-05,0.0636710295189264,0.0728010988928051,0.0591607978309961,0.013640301061809,Normal,normal_012_window_003.csv,0
0.8742999999999997,0.0303399077124502,0.00092051,0.8748262684670597,0.96,0.8,0.1599999999999999,-0.1700999999999999,0.0334214003297288,0.00111699,0.173352242558324,-0.08,-0.26,0.18,9.8565,0.0417702046918614,0.00174475,9.85658850718645,9.95,9.74,0.209999999999999,-0.0533,0.0047021271782034,2.2109999999999976e-05,0.0535070088866869,-0.05,-0.06,0.0099999999999999,0.0311999999999999,0.0032496153618543,1.056e-05,0.0313687742827162,0.04,0.03,0.01,-0.0099999999999999,1.734723475976807e-18,3.009265538105056e-36,0.01,-0.01,-0.01,0.0,9.896763102727698,0.0422976179897571,0.0017890884876074,9.896853489872424,9.996809491032623,9.77920242146567,0.2176070695669558,0.0626836403876201,0.0042144071653699,1.776122775552141e-05,0.0628251541979802,0.0728010988928051,0.0591607978309961,0.013640301061809,Normal,normal_013_window_001.csv,0
0.8771,0.03490830846661,0.00121859,0.8777943950607113,0.96,0.8,0.1599999999999999,-0.1673,0.0315548728408149,0.00099571,0.1702498164463034,-0.09,-0.26,0.17,9.8492,0.0448927611091142,0.00201536,9.8493023103162,9.96,9.74,0.2200000000000006,-0.0528999999999999,0.0045376205218153,2.0589999999999984e-05,0.0530942558098331,-0.05,-0.06,0.0099999999999999,0.0315,0.0035707142142714,1.2750000000000003e-05,0.0317017349682947,0.04,0.03,0.01,-0.0098,0.0014,1.9600000000000003e-06,0.0098994949366116,-0.0,-0.01,0.01,9.889701744062734,0.0454248113096248,0.002063413482515,9.889806064832616,10.00401919230466,9.77920242146567,0.2248167708389914,0.0624839250873989,0.0042141553925205,1.775910567231011e-05,0.0626258732474047,0.0728010988928051,0.058309518948453,0.0144915799443521,Normal,normal_013_window_002.csv,0
0.8725,0.0340110276234047,0.00115675,0.8731626423525002,0.96,0.8,0.1599999999999999,-0.1667,0.0335873488087404,0.00112811,0.1700499926492206,-0.07,-0.26,0.19,9.8489,0.0454949447741175,0.00206979,9.84900507665622,9.96,9.74,0.2200000000000006,-0.0527999999999999,0.0044899888641287,2.015999999999998e-05,0.052990565197967,-0.05,-0.06,0.0099999999999999,0.0315999999999999,0.0036660605559646,1.3440000000000003e-05,0.0318119474411737,0.04,0.03,0.01,-0.0096,0.0019595917942265,3.8400000000000005e-06,0.0097979589711327,-0.0,-0.01,0.01,9.88899193598052,0.0454916488192781,0.0020694901122965,9.889096571477094,10.00401919230466,9.777637751522605,0.2263814407820561,0.0624300524803611,0.0042998310780028,1.8488547299359512e-05,0.062577951388648,0.0728010988928051,0.058309518948453,0.0144915799443521,Normal,normal_013_window_003.csv,0
0.2832,0.0301953638825565,0.0009117599999999,0.2848051965818039,0.35,0.22,0.1299999999999999,-0.2042,0.0318490188231914,0.0010143599999999,0.2066688171931121,-0.12,-0.29,0.1699999999999999,9.8763,0.0468541353564442,0.0021953099999999,9.876411139680243,10.03,9.76,0.2699999999999996,-0.0537,0.0048280430818293,2.330999999999997e-05,0.0539166022668342,-0.05,-0.06,0.0099999999999999,0.0312,0.0032496153618543,1.0560000000000006e-05,0.0313687742827162,0.04,0.03,0.01,-0.0098999999999999,0.0009949874371066,9.899999999999998e-07,0.0099498743710662,-0.0,-0.01,0.01,9.88256619739083,0.0469931291592096,0.0022083541881741,9.882677926554118,10.034555296573933,9.76549537913976,0.2690599174341734,0.0630093516607371,0.0044521459200656,1.982160329355694e-05,0.063166446789415,0.0728010988928051,0.0591607978309961,0.013640301061809,Normal,normal_014_window_001.csv,0
0.2923,0.0314596567050564,0.00098971,0.2939880949970593,0.37,0.18,0.19,-0.2092999999999999,0.0317255417605436,0.00100651,0.2116908122711044,-0.12,-0.3,0.18,9.877100000000002,0.0455257070236146,0.0020725899999999,9.877204918396702,10.03,9.76,0.2699999999999996,-0.0545999999999999,0.0049839743177508,2.483999999999998e-05,0.0548270006474911,-0.05,-0.06,0.0099999999999999,0.0310999999999999,0.0031288975694324,9.790000000000005e-06,0.0312569992161755,0.04,0.03,0.01,-0.0098999999999999,0.0009949874371066,9.899999999999994e-07,0.0099498743710662,-0.0,-0.01,0.01,9.883741601738029,0.0455076924596863,0.0020709500730053,9.883846366673248,10.034555296573933,9.76549537913976,0.2690599174341734,0.0637258226483141,0.0045847058570438,2.1019527795612387e-05,0.0638905313798531,0.0728010988928051,0.0591607978309961,0.013640301061809,Normal,normal_014_window_002.csv,0
0.2991,0.0329270405593943,0.0010841899999999,0.300906962365446,0.37,0.18,0.19,-0.2168,0.0298958191056876,0.00089376,0.2188515478583599,-0.13,-0.3,0.1699999999999999,9.8781,0.0419450831445118,0.00175939,9.878189054680014,9.99,9.78,0.2100000000000008,-0.0547,0.0049909918853871,2.490999999999998e-05,0.0549272245794378,-0.05,-0.06,0.0099999999999999,0.0315999999999999,0.0036660605559646,1.3440000000000009e-05,0.0318119474411737,0.04,0.03,0.01,-0.0098999999999999,0.0009949874371066,9.899999999999998e-07,0.0099498743710662,-0.0,-0.01,0.01,9.885105979714446,0.0417105479909871,0.0017397698137084,9.88519397887568,9.995589027165932,9.787241695186646,0.2083473319792865,0.0640814019241402,0.0046447742072997,2.157392743679679e-05,0.064249513616836,0.0728010988928051,0.0591607978309961,0.013640301061809,Normal,normal_014_window_003.csv,0
0.3084,0.0321782535262559,0.0010354399999999,0.310074184671991,0.39,0.23,0.16,-0.2147,0.0291703616707095,0.00085091,0.2166725640223053,-0.15,-0.28,0.13,9.8822,0.0451570592488041,0.00203916,9.88230317284387,9.99,9.77,0.2200000000000006,-0.0542999999999999,0.0049507575177946,2.450999999999997e-05,0.0545252235208623,-0.05,-0.06,0.0099999999999999,0.0315,0.0035707142142714,1.2750000000000008e-05,0.0317017349682947,0.04,0.03,0.01,-0.0098,0.0014,1.960000000000001e-06,0.0098994949366116,-0.0,-0.01,0.01,9.889437422055485,0.0451273226396877,0.0020364752486264,9.88954038365788,9.995589027165932,9.776778610564932,0.2188104166010003,0.0636843993493671,0.0045052502161727,2.0297279510324417e-05,0.0638435587980494,0.0728010988928051,0.0591607978309961,0.013640301061809,Normal,normal_014_window_004.csv,0
0.3289,0.0337311428801337,0.00113779,0.3306251654063858,0.41,0.23,0.1799999999999999,-0.2202999999999999,0.0335396779948764,0.00112491,0.2228385065467815,-0.14,-0.31,0.1699999999999999,9.8797,0.0462050863001034,0.00213491,9.879808044693986,10.05,9.78,0.2700000000000013,-0.0538,0.0048538644398046,2.3559999999999974e-05,0.054018515344278,-0.05,-0.06,0.0099999999999999,0.0316,0.0039293765408777,1.544e-05,0.0318433666561813,0.04,0.02,0.02,-0.0098,0.0014,1.960000000000001e-06,0.0098994949366116,-0.0,-0.01,0.01,9.88774204380921,0.0461982151998328,0.00213427508765,9.887849968521971,10.056530216729824,9.787221260398685,0.269308956331141,0.0633114325431702,0.004654300090412,2.1662509331609542e-05,0.0634822809924155,0.0728010988928051,0.0547722557505166,0.0180288431422885,Normal,normal_015_window_001.csv,0
0.3343,0.0344457544553751,0.0011865099999999,0.3360699331984342,0.41,0.23,0.1799999999999999,-0.2239,0.0326157937202208,0.00106379,0.2262631211664861,-0.15,-0.31,0.16,9.8784,0.0504523537607513,0.00254544,9.878528837838152,10.05,9.73,0.3200000000000003,-0.0531,0.0046249324319388,2.1389999999999987e-05,0.0533010318849457,-0.05,-0.06,0.0099999999999999,0.0315,0.0038405728739343,1.4750000000000004e-05,0.0317332633052448,0.04,0.02,0.02,-0.0097,0.0017058722109231,2.91e-06,0.0098488578017961,-0.0,-0.01,0.01,9.886703974962792,0.050542175012051,0.0025545114549487,9.886833163354178,10.056530216729824,9.738470105719893,0.318060111009931,0.0626416905777861,0.004584604841957,2.101860155689617e-05,0.0628092349897688,0.0728010988928051,0.0547722557505166,0.0180288431422885,Normal,normal_015_window_002.csv,0
0.3393,0.0334740197765371,0.00112051,0.3409472099900511,0.41,0.25,0.1599999999999999,-0.2201,0.032756526067335,0.00107299,0.2225241559921079,-0.14,-0.28,0.14,9.8821,0.0479227503384353,0.00229659,9.882216198808848,10.0,9.73,0.2699999999999996,-0.0532,0.0046647615158762,2.175999999999997e-05,0.0534041196912747,-0.05,-0.06,0.0099999999999999,0.0313,0.00336303434416,1.131e-05,0.0314801524773943,0.04,0.03,0.01,-0.0098,0.0014,1.9600000000000016e-06,0.0098994949366116,-0.0,-0.01,0.01,9.890483374748955,0.0479334310738877,0.0022976138145151,9.890599526823438,10.007397264024249,9.738470105719893,0.2689271583043542,0.0626180036337417,0.0044705280364517,1.9985620924700975e-05,0.062777384462878,0.0728010988928051,0.058309518948453,0.0144915799443521,Normal,normal_015_window_003.csv,0
0.3433,0.0351583560480293,0.00123611,0.3450956389176774,0.44,0.25,0.19,-0.2292,0.029654004788561,0.00087936,0.2311103632466531,-0.14,-0.29,0.1499999999999999,9.878900000000002,0.0530828597571759,0.00281779,9.87904261555744,9.98,9.71,0.2699999999999996,-0.0541999999999999,0.0049355850717012,2.4359999999999973e-05,0.0544242592967511,-0.05,-0.06,0.0099999999999999,0.0311,0.0031288975694324,9.790000000000005e-06,0.0312569992161755,0.04,0.03,0.01,-0.0098,0.0014,1.960000000000001e-06,0.0098994949366116,-0.0,-0.01,0.01,9.88762735431744,0.0530217139806153,0.0028113021534421,9.887769515922184,9.986811302913456,9.719022584601808,0.2677887183116496,0.0633897738984615,0.0043285754125264,1.873656510192837e-05,0.0635373905665002,0.0728010988928051,0.058309518948453,0.0144915799443521,Normal,normal_016_window_001.csv,0
0.3484000000000001,0.0329156497733221,0.00108344,0.3499514252006984,0.43,0.28,0.1499999999999999,-0.2299,0.0303807504844761,0.00092299,0.2318986847741918,-0.14,-0.29,0.1499999999999999,9.8738,0.0481202660009273,0.00231556,9.873917257097103,10.0,9.76,0.2400000000000002,-0.0538999999999999,0.0048774993593028,2.378999999999997e-05,0.0541202365109392,-0.05,-0.06,0.0099999999999999,0.0309999999999999,0.003,9.000000000000005e-06,0.0311448230047948,0.04,0.03,0.01,-0.0096,0.0019595917942265,3.8400000000000005e-06,0.0097979589711327,-0.0,-0.01,0.01,9.882721050102582,0.0480587750500504,0.0023096458593113,9.882837902141269,10.008461420218394,9.768868921221124,0.2395924989972684,0.0630597077205606,0.0042980533032366,1.847326219746384e-05,0.0632060123722419,0.0728010988928051,0.058309518948453,0.0144915799443521,Normal,normal_016_window_002.csv,0
0.3537999999999999,0.0326122676304485,0.00106356,0.3552998733464452,0.43,0.28,0.1499999999999999,-0.2306999999999999,0.0325654725130774,0.00106051,0.2329871241077497,-0.17,-0.35,0.1799999999999999,9.8763,0.0467259028805223,0.00218331,9.876410532172102,10.0,9.76,0.2400000000000002,-0.0533999999999999,0.0047370877129308,2.2439999999999975e-05,0.0536097006147208,-0.05,-0.06,0.0099999999999999,0.0314999999999999,0.0035707142142714,1.275000000000001e-05,0.0317017349682947,0.04,0.03,0.01,-0.0095,0.0021794494717703,4.750000000000002e-06,0.0097467943448089,-0.0,-0.01,0.01,9.88543467738796,0.0467679280658089,0.0021872390955686,9.885545306152816,10.008461420218394,9.768868921221124,0.2395924989972684,0.0628877752302738,0.0043735256471816,1.91277265865556e-05,0.0630396700498979,0.0728010988928051,0.058309518948453,0.0144915799443521,Normal,normal_016_window_003.csv,0
0.3636,0.0316708067469081,0.00100304,0.3649767115858216,0.44,0.3,0.14,-0.2288,0.0347067716735509,0.00120456,0.2314173718630474,-0.14,-0.31,0.1699999999999999,9.8759,0.0414751732968049,0.0017201899999999,9.875987089906507,9.97,9.75,0.2200000000000006,-0.0527,0.0044395945760846,1.9709999999999982e-05,0.0528866712887094,-0.05,-0.06,0.0099999999999999,0.0314,0.0034698703145794,1.2040000000000008e-05,0.0315911379978626,0.04,0.03,0.01,-0.0098999999999999,0.0009949874371066,9.899999999999996e-07,0.0099498743710662,-0.0,-0.01,0.01,9.885352219979351,0.0411641464060221,0.0016944869493364,9.885437926566532,9.98147784649147,9.759595278493878,0.2218825679975928,0.0622616215609256,0.0041821621924646,1.749048060408032e-05,0.0624019230472907,0.0728010988928051,0.058309518948453,0.0144915799443521,Normal,normal_017_window_001.csv,0
0.3655,0.0336563515550928,0.0011327499999999,0.3670463186029796,0.45,0.28,0.1699999999999999,-0.2314,0.0340593599470101,0.00116004,0.2338931379925456,-0.13,-0.31,0.18,9.873399999999998,0.0474388026830357,0.00225044,9.873513964136578,10.06,9.75,0.3100000000000005,-0.0533,0.0047021271782034,2.2109999999999976e-05,0.0535070088866869,-0.05,-0.06,0.0099999999999999,0.0313,0.00336303434416,1.1310000000000004e-05,0.0314801524773943,0.04,0.03,0.01,-0.0098,0.0014,1.960000000000001e-06,0.0098994949366116,-0.0,-0.01,0.01,9.882989289260593,0.047219787805477,0.0022297083603942,9.883102093978389,10.067517072247757,9.759595278493878,0.3079217937538772,0.0627297690024153,0.0041202039881064,1.6976080903608135e-05,0.0628649345820068,0.0728010988928051,0.058309518948453,0.0144915799443521,Normal,normal_017_window_002.csv,0
0.3673,0.0329804487537692,0.0010877099999999,0.3687777108232003,0.45,0.28,0.1699999999999999,-0.2317,0.0328041155954554,0.00107611,0.2340106835168001,-0.13,-0.31,0.18,9.8775,0.0427872644603508,0.00183075,9.877592672306344,10.06,9.79,0.2700000000000013,-0.0537,0.0048280430818293,2.330999999999997e-05,0.0539166022668342,-0.05,-0.06,0.0099999999999999,0.0314,0.0034698703145794,1.2040000000000003e-05,0.0315911379978626,0.04,0.03,0.01,-0.0097,0.0017058722109231,2.9099999999999992e-06,0.0098488578017961,-0.0,-0.01,0.01,9.887151932820885,0.0426808776420334,0.0018216573162942,9.887244054841572,10.067517072247757,9.80170393350054,0.2658131387472142,0.0631115973260283,0.0043504348009424,1.8926282957250893e-05,0.0632613626157388,0.0728010988928051,0.058309518948453,0.0144915799443521,Normal,normal_017_window_003.csv,0
0.3823000000000001,0.0659826492344767,0.0043537099999999,0.3879523166576016,0.67,0.19,0.48,-0.2269,0.0457972706610339,0.00209739,0.2314757006685583,-0.11,-0.37,0.26,9.8775,0.0591333239383683,0.00349675,9.87767700423536,10.03,9.75,0.2799999999999993,-0.0533999999999999,0.0047370877129308,2.2439999999999975e-05,0.0536097006147208,-0.05,-0.06,0.0099999999999999,0.033,0.005744562646538,3.300000000000001e-05,0.0334962684488884,0.05,0.02,0.03,-0.0098999999999999,0.0009949874371066,9.899999999999998e-07,0.0099498743710662,-0.0,-0.01,0.01,9.88782008364166,0.0600415983521595,0.003604993532682,9.888002376617838,10.039392411894257,9.755665020899396,0.2837273909948621,0.0638346799072228,0.0044870526119485,2.0133641142394718e-05,0.0639921870231046,0.0728010988928051,0.0591607978309961,0.013640301061809,Normal,normal_018_window_001.csv,0
0.3838,0.0351505334241174,0.00123556,0.3854062791393,0.46,0.3,0.16,-0.2284999999999999,0.0345072456159572,0.00119075,0.2310908912094979,-0.15,-0.33,0.18,9.8733,0.0542965008080631,0.00294811,9.873449295965418,10.03,9.73,0.2999999999999989,-0.0532,0.0046647615158762,2.175999999999997e-05,0.0534041196912747,-0.05,-0.06,0.0099999999999999,0.032,0.004,1.600000000000001e-05,0.0322490309931942,0.04,0.03,0.01,-0.0098,0.0014,1.9600000000000007e-06,0.0098994949366116,-0.0,-0.01,0.01,9.883520875676352,0.054379224615336,0.0029571000697651,9.883670472046305,10.039392411894257,9.73950204065896,0.299890371235298,0.0630127544032302,0.004403723710474,1.93927825181909e-05,0.063166446789415,0.0728010988928051,0.058309518948453,0.0144915799443521,Normal,normal_018_window_002.csv,0
0.3808999999999999,0.0320654019154602,0.00102819,0.3822473021487529,0.46,0.3,0.16,-0.2326,0.0293468908063528,0.00086124,0.234444023169711,-0.17,-0.33,0.16,9.8766,0.0481086270849626,0.00231444,9.876717167156302,10.02,9.73,0.2899999999999991,-0.0532999999999999,0.0047021271782034,2.2109999999999976e-05,0.0535070088866869,-0.05,-0.06,0.0099999999999999,0.0309999999999999,0.003,9.000000000000007e-06,0.0311448230047948,0.04,0.03,0.01,-0.0098,0.0014,1.960000000000001e-06,0.0098994949366116,-0.0,-0.01,0.01,9.88677449133424,0.0480536939540185,0.0023091575026264,9.886891270768585,10.02887830218315,9.73950204065896,0.2893762615241915,0.0625269302232464,0.0046241752623874,2.1382996857276277e-05,0.0626976873576689,0.0728010988928051,0.058309518948453,0.0144915799443521,Normal,normal_018_window_003.csv,0
0.3863,0.0313258679049759,0.00098131,0.3875680585394003,0.45,0.31,0.14,-0.2355,0.0272901080979903,0.00074475,0.2370759372015642,-0.17,-0.3,0.1299999999999999,9.8781,0.0517241722988391,0.0026753899999999,9.878235419344891,9.99,9.73,0.2599999999999998,-0.0533999999999999,0.0047370877129308,2.2439999999999975e-05,0.0536097006147208,-0.05,-0.06,0.0099999999999999,0.0314999999999999,0.0035707142142714,1.275000000000001e-05,0.0317017349682947,0.04,0.03,0.01,-0.0098,0.0014,1.9600000000000016e-06,0.0098994949366116,-0.0,-0.01,0.01,9.888543323893366,0.0515745235937449,0.0026599314839217,9.888677818596376,9.99786977310667,9.740133469311392,0.2577363037952764,0.0628891975999877,0.0046849573348847,2.1948825229690637e-05,0.0630634601017102,0.0728010988928051,0.058309518948453,0.0144915799443521,Normal,normal_019_window_001.csv,0
0.3861,0.0283158965953755,0.00080179,0.3871369266809871,0.45,0.31,0.14,-0.2382,0.0277985611138418,0.00077276,0.2398165965899775,-0.17,-0.3,0.1299999999999999,9.8813,0.0481176682726833,0.00231531,9.881417155448908,10.06,9.75,0.3100000000000005,-0.0533999999999999,0.0047370877129308,2.243999999999998e-05,0.0536097006147208,-0.05,-0.06,0.0099999999999999,0.0315999999999999,0.0036660605559646,1.344000000000001e-05,0.0318119474411737,0.04,0.03,0.01,-0.0098,0.0014,1.960000000000001e-06,0.0098994949366116,-0.0,-0.01,0.01,9.891788417876384,0.0481029725343726,0.0023138959666426,9.891905377630744,10.071866758451485,9.757730268868883,0.3141364895826015,0.0629467638752814,0.0046588536819224,2.1704917629562133e-05,0.063118935352238,0.0728010988928051,0.058309518948453,0.0144915799443521,Normal,normal_019_window_002.csv,0
0.3915,0.025743931323712,0.0006627499999999,0.3923455109976409,0.46,0.32,0.14,-0.2363,0.0285185904279997,0.00081331,0.238014705428047,-0.16,-0.3,0.1399999999999999,9.885,0.0456398948289761,0.002083,9.885105361097574,10.06,9.77,0.2900000000000009,-0.0537999999999999,0.0048538644398046,2.3559999999999974e-05,0.054018515344278,-0.05,-0.06,0.0099999999999999,0.0311999999999999,0.0032496153618543,1.056e-05,0.0313687742827162,0.04,0.03,0.01,-0.0098999999999999,0.0009949874371066,9.899999999999996e-07,0.0099498743710662,-0.0,-0.01,0.01,9.895646944409927,0.0454483397984667,0.0020655515904368,9.895751310537266,10.071866758451485,9.77946317545089,0.2924035830005955,0.0630826004789091,0.0046460216119096,2.1585516818331702e-05,0.0632534584034738,0.0728010988928051,0.0591607978309961,0.013640301061809,Normal,normal_019_window_003.csv,0
0.4693,0.0278300197628388,0.00077451,0.4701244516082949,0.54,0.4,0.14,-0.2774,0.0335147728621275,0.00112324,0.2794172507201372,-0.19,-0.34,0.15,9.871600000000004,0.0416826102829465,0.00173744,9.87168800155272,9.97,9.75,0.2200000000000006,-0.0519999999999999,0.0039999999999999,1.5999999999999982e-05,0.0521536192416211,-0.05,-0.06,0.0099999999999999,0.032,0.004,1.600000000000001e-05,0.0322490309931942,0.04,0.03,0.01,-0.0098,0.0014,1.960000000000001e-06,0.0098994949366116,-0.0,-0.01,0.01,9.886737480761363,0.0416771701106854,0.001736986508435,9.88682532464289,9.98667612371604,9.764394502476843,0.2222816212391958,0.0619922182821824,0.0038684457414107,1.4964872454238916e-05,0.0621128006130781,0.0728010988928051,0.058309518948453,0.0144915799443521,Normal,normal_020_window_001.csv,0
0.4705999999999999,0.0456469057001676,0.00208364,0.4728086293628744,0.79,0.4,0.39,-0.2653,0.0796925968958221,0.00635091,0.2770108301131925,0.23,-0.37,0.6,9.8714,0.0675428752719337,0.00456204,9.871631070902112,10.24,9.56,0.6799999999999997,-0.0527999999999999,0.0061773780845921,3.815999999999998e-05,0.053160135440008,-0.05,-0.09,0.0399999999999999,0.0319,0.0041701318923986,1.7390000000000008e-05,0.0321714158842908,0.04,0.02,0.02,-0.0097,0.0017058722109231,2.91e-06,0.0098488578017961,0.0,-0.01,0.01,9.88659164919588,0.0684730753676733,0.004688562050307,9.886828763562155,10.273003455659888,9.579832983930356,0.6931704717295304,0.0626504928472475,0.0057372245900765,3.291574599697939e-05,0.0629126378401033,0.098488578017961,0.058309518948453,0.040179059069508,Normal,normal_020_window_002.csv,0
0.5221000000000001,0.2893969419327025,0.08375059,0.5969413706554438,1.41,-0.16,1.5699999999999998,-0.3096,0.30218179958429,0.09131384,0.4326268600075589,0.64,-1.28,1.92,9.8487,0.3050037868617372,0.09302731,9.853421689951162,11.6,8.53,3.0700000000000003,-0.0518,0.0140982268388616,0.00019876,0.0536842621258781,-0.01,-0.09,0.08,0.0309,0.0295328630511841,0.00087219,0.042743420546325,0.11,-0.05,0.16,-0.0087999999999999,0.0057061370470748,3.2560000000000014e-05,0.0104880884817015,0.01,-0.02,0.03,9.876410709078996,0.2998924900521557,0.0899355055896823,9.880962706133444,11.63064916502944,8.618178461832871,3.012470703196568,0.0667437877769433,0.0190857746289309,0.0003642667931863,0.0694190175672344,0.1252996408614166,0.033166247903554,0.0921333929578626,Normal,normal_021_window_001.csv,0
0.4762999999999999,0.4169260246134798,0.1738273099999999,0.6329999999999999,1.41,-1.32,2.73,-0.3581,0.3760337617821038,0.14140139,0.519265827876243,1.08,-1.5,2.58,9.8455,0.2298450565054642,0.05282875,9.848182522678997,10.32,8.78,1.540000000000001,-0.0492,0.0180377382174151,0.00032536,0.0524022900262956,-0.0,-0.13,0.13,0.0272,0.0344406736287198,0.00118616,0.0438862165149833,0.13,-0.12,0.25,-0.0088999999999999,0.0093696317963941,8.779e-05,0.01292284798332,0.02,-0.04,0.06,9.879708126145715,0.2199825951530909,0.0483923421702887,9.882156900191376,10.401240310655265,8.979487735945742,1.4217525747095203,0.0659875719653218,0.022014548510507,0.0004846403461214,0.0695629211577547,0.1392838827718412,0.0173205080756887,0.1219633746961524,Normal,normal_021_window_002.csv,0
0.4388,0.5298571128143889,0.28074856,0.6879636618310593,2.87,-1.32,4.19,-0.3801,0.4252540299632679,0.18084099,0.5703656721788224,1.08,-1.85,2.93,9.8375,0.2224022257082873,0.04946275,9.840013668689693,10.41,9.03,1.3800000000000008,-0.0501,0.0226050879228548,0.00051099,0.0549636243346451,-0.0,-0.13,0.13,0.0243,0.043133629571368,0.0018605099999999,0.0495075751779462,0.17,-0.12,0.29,-0.0093,0.0132102233137823,0.0001745099999999,0.0161554944214035,0.04,-0.06,0.1,9.878141484422382,0.2163349572620124,0.0468008137335567,9.880510108288943,10.518645350043892,9.030908038508642,1.48773731153525,0.0708749858968184,0.0266408778782866,0.0007097363741257,0.0757165767847437,0.1805547008526778,0.0173205080756887,0.1632341927769891,Normal,normal_021_window_003.csv,0
0.6148,0.8224700359283614,0.6764569600000001,1.0268573416010618,4.57,-1.42,5.99,-0.5368999999999999,0.997208799600164,0.99442539,1.1325577247981666,5.01,-3.75,8.76,9.8438,0.4734316846177493,0.22413756,9.855178131317569,10.81,7.01,3.8000000000000007,-0.0507999999999999,0.0719260731584868,0.0051733599999999,0.0880567998510052,0.24,-0.26,0.5,0.0047,0.136194383144093,0.01854891,0.1362754563375224,0.55,-0.59,1.14,-0.0108,0.0194771661183037,0.00037936,0.02227105745132,0.07,-0.09,0.16,9.962233025595868,0.464297473315351,0.2155721437270191,9.97304662578091,11.810753574603105,7.649745093792341,4.161008480810764,0.1243318737595761,0.1065954275165347,0.0113625851674328,0.1637711818361215,0.6067948582511227,0.0223606797749978,0.5844341784761248,Normal,normal_022_window_001.csv,0
0.4591,0.4310825790959314,0.18583219,0.6297658294953767,1.9,-1.42,3.32,-0.3333999999999999,0.4407543987301771,0.1942644399999999,0.5526481701770123,0.97,-2.3,3.27,9.8727,0.1376724736466952,0.0189537099999999,9.873659858431422,10.21,9.19,1.0200000000000014,-0.0568,0.0399469648408987,0.00159576,0.0694406221170289,0.07,-0.26,0.33,0.0304999999999999,0.0535793803622251,0.0028707499999999,0.0616522505671934,0.29,-0.17,0.4599999999999999,-0.0084999999999999,0.0125199840255489,0.0001567499999999,0.0151327459504215,0.07,-0.04,0.11,9.907783913518111,0.1643226187465927,0.027001923031738,9.909146481912556,10.484531463065004,9.227063454859296,1.2574680082057093,0.0809951803407648,0.047872547055353,0.0022917807615669,0.0940850678907126,0.3234192325759246,0.0223606797749978,0.3010585528009267,Normal,normal_022_window_002.csv,0
0.4948999999999999,0.0487133451941046,0.0023729899999999,0.4972916649211004,0.74,0.38,0.36,-0.2822,0.0417032372844123,0.0017391599999999,0.2852647892748069,-0.2,-0.49,0.29,9.8653,0.0541563477350531,0.0029329099999999,9.865448646665795,10.04,9.71,0.3299999999999983,-0.0542,0.0055099909255823,3.035999999999998e-05,0.0544793538875049,-0.05,-0.07,0.02,0.032,0.0050990195135927,2.6e-05,0.0324037034920393,0.06,0.02,0.0399999999999999,-0.0098,0.0014,1.960000000000001e-06,0.0098994949366116,-0.0,-0.01,0.01,9.881942568171931,0.0544341744818856,0.0029630793515243,9.882092490965665,10.05298463144155,9.728190993190871,0.3247936382506768,0.0638919639859645,0.0058152332727246,3.3816938016203864e-05,0.0641560597293817,0.0860232526704262,0.058309518948453,0.0277137337219732,Normal,normal_022_window_003.csv,0
0.5186999999999999,0.084043500641037,0.00706331,0.5254645563689334,1.0,0.4,0.6,-0.2888,0.0445932730352908,0.00198856,0.2922225179550679,-0.06,-0.46,0.4,9.8799,0.0796428904548297,0.00634299,9.880220999552591,10.39,9.73,0.6600000000000001,-0.0529,0.0047528938553264,2.2589999999999985e-05,0.053113086899558,-0.05,-0.07,0.02,0.0322,0.007152621896899,5.1160000000000005e-05,0.0329848450049412,0.07,0.01,0.06,-0.0098999999999999,0.001729161646579,2.99e-06,0.0100498756211208,-0.0,-0.02,0.02,9.898149841592051,0.0830885876112021,0.0069037133912244,9.89849857301601,10.438591859058386,9.754737310660907,0.683854548397477,0.0629798046196078,0.0065988036852159,4.354421007601922e-05,0.0633245607959502,0.1009950493836207,0.058309518948453,0.0426855304351677,Normal,normal_023_window_001.csv,0
0.5213,0.0918657172181222,0.00843931,0.5293325986560812,1.0,0.27,0.73,-0.2894,0.0506521470423515,0.00256564,0.2937992511903324,-0.06,-0.46,0.4,9.8864,0.082164712620443,0.0067510399999999,9.886741424756694,10.39,9.73,0.6600000000000001,-0.0535,0.004974937185533,2.4749999999999985e-05,0.0537308105280387,-0.05,-0.07,0.02,0.0323,0.0077272245987806,5.971000000000002e-05,0.0332114438108312,0.07,0.01,0.06,-0.0098999999999999,0.001729161646579,2.989999999999999e-06,0.0100498756211208,-0.0,-0.02,0.02,9.904892312648352,0.0852952216691403,0.0072752748395877,9.905259562474878,10.438591859058386,9.754737310660907,0.683854548397477,0.0636212691898964,0.0065828646246701,4.3334106666734326e-05,0.0639609255717895,0.1009950493836207,0.058309518948453,0.0426855304351677,Normal,normal_023_window_002.csv,0
0.5033,0.0543885098159528,0.00295811,0.5062301847973903,0.64,0.27,0.37,-0.2866,0.0409687685926731,0.00167844,0.2895133848373853,-0.2,-0.43,0.2299999999999999,9.877,0.0506655701635735,0.0025669999999999,9.877129947510056,10.02,9.78,0.2400000000000002,-0.053,0.0045825756949558,2.099999999999998e-05,0.0531977443130815,-0.05,-0.06,0.0099999999999999,0.0316999999999999,0.0047021271782035,2.211000000000001e-05,0.0320468407179241,0.05,0.02,0.03,-0.0099999999999999,1.734723475976807e-18,3.009265538105056e-36,0.01,-0.01,-0.01,0.0,9.894202239909818,0.0504483474806523,0.0025450357635286,9.894330851553327,10.04011952120093,9.799173434530076,0.2409460866708528,0.0627245274376017,0.0047574843908877,2.263365772954036e-05,0.0629046898092662,0.0787400787401181,0.0591607978309961,0.0195792809091219,Normal,normal_023_window_003.csv,0
0.5012,0.0315049202506529,0.00099256,0.5021892073710864,0.57,0.42,0.1499999999999999,-0.2873,0.0268646608018787,0.0007217099999999,0.2885532879729496,-0.21,-0.38,0.17,9.868,0.0553714727996286,0.003066,9.86815534940548,10.01,9.74,0.2699999999999996,-0.0518999999999999,0.0039230090491866,1.5389999999999986e-05,0.0520480547186924,-0.05,-0.06,0.0099999999999999,0.0321,0.0040730823708832,1.659000000000001e-05,0.0323573793747268,0.04,0.03,0.01,-0.0098999999999999,0.0009949874371066,9.899999999999998e-07,0.0099498743710662,-0.0,-0.01,0.01,9.884981781917537,0.0555173050353787,0.0030821711583912,9.885137682399774,10.027930992981553,9.758924121028915,0.2690068719526355,0.0619571959407055,0.0040380528927956,1.6305871165015625e-05,0.0620886463051015,0.0728010988928051,0.058309518948453,0.0144915799443521,Normal,normal_024_window_001.csv,0
0.5018,0.0348247038752664,0.00121276,0.5030069582023692,0.59,0.4,0.1899999999999999,-0.2871000000000001,0.0307991883009926,0.00094859,0.2887472943596182,-0.17,-0.38,0.21,9.8668,0.0515728610802232,0.00265976,9.866934782393162,10.01,9.72,0.2899999999999991,-0.0521,0.0040730823708832,1.6589999999999985e-05,0.0522589705218156,-0.05,-0.06,0.0099999999999999,0.0317999999999999,0.0038418745424597,1.4760000000000008e-05,0.0320312347560939,0.04,0.03,0.01,-0.0097,0.0017058722109231,2.91e-06,0.0098488578017961,-0.0,-0.01,0.01,9.883831587837632,0.0516347098663304,0.0026661432629801,9.88396646089008,10.027930992981553,9.73737130852059,0.2905596844609626,0.0619518104131455,0.0039966469113088,1.5973186533674545e-05,0.062080592780675,0.0728010988928051,0.058309518948453,0.0144915799443521,Normal,normal_024_window_002.csv,0
0.5069,0.0352617356351045,0.00124339,0.508124984624846,0.59,0.4,0.1899999999999999,-0.2886,0.0325889551842338,0.0010620399999999,0.2904341577707415,-0.17,-0.38,0.21,9.8602,0.0427312531995025,0.0018259599999999,9.8602925920076,9.98,9.72,0.2599999999999998,-0.0516999999999999,0.0037563279941985,1.4109999999999989e-05,0.0518362807307777,-0.05,-0.06,0.0099999999999999,0.0316,0.0036660605559646,1.3440000000000002e-05,0.0318119474411737,0.04,0.03,0.01,-0.0095,0.0021794494717703,4.75e-06,0.0097467943448089,-0.0,-0.01,0.01,9.877553988212997,0.0428976682070017,0.001840209937598,9.877647138868648,9.998469882937089,9.73737130852059,0.2610985744164988,0.0614827918160659,0.0037237495219591,1.3866310502290752e-05,0.0615954543777379,0.0728010988928051,0.058309518948453,0.0144915799443521,Normal,normal_024_window_003.csv,0
0.5383000000000001,0.1676010441494921,0.0280901099999999,0.5637880807537526,1.33,0.16,1.1700000000000002,-0.2716,0.2642980136134208,0.06985344,0.378972294501854,1.15,-0.94,2.09,9.8665,0.0787321408320643,0.00619875,9.866814126150349,10.07,9.6,0.4700000000000006,-0.0516999999999999,0.0203004926048606,0.0004121099999999,0.0555427763079952,0.0,-0.18,0.18,0.0397,0.0280519161555855,0.00078691,0.0486106984109465,0.19,-0.03,0.22,-0.009,0.0038729833462074,1.5e-05,0.0097979589711327,0.01,-0.01,0.02,9.889826553984491,0.0826361428384505,0.0068287321032168,9.890171788194582,10.104152611674072,9.6249779220526,0.4791746896214715,0.0694635959090082,0.0268106106493307,0.00071880884339,0.0744580418759451,0.1992485884517127,0.03,0.1692485884517127,Normal,normal_025_window_001.csv,0
0.5259,0.1552488003174259,0.02410219,0.5483365754716714,1.33,0.18,1.15,-0.2583,0.2455241535979709,0.06028211,0.3563719966551805,1.15,-0.94,2.09,9.8655,0.0626637853947556,0.0039267499999999,9.865699012234256,10.07,9.68,0.3900000000000005,-0.0544999999999999,0.0185674446276271,0.0003447499999999,0.0575760366819391,0.0,-0.18,0.18,0.0353,0.0235140383600945,0.0005529099999999,0.042414620120897,0.19,-0.03,0.22,-0.0088999999999999,0.0039736632972611,1.5790000000000006e-05,0.0097467943448089,0.01,-0.01,0.02,9.887122083006613,0.0671410137170194,0.0045079157229489,9.88735004943185,10.104152611674072,9.710514919405664,0.3936376922684079,0.0678805988576839,0.0245198755853736,0.0006012242987222,0.0721734023030645,0.1992485884517127,0.03,0.1692485884517127,Normal,normal_025_window_002.csv,0
0.5106,0.033520739848637,0.00112364,0.5116991303490753,0.58,0.4,0.1799999999999999,-0.2827,0.0276353035083749,0.0007637099999999,0.2840475312337708,-0.17,-0.34,0.17,9.8658,0.0440040907189319,0.0019363599999999,9.865898134483247,10.02,9.78,0.2400000000000002,-0.0536999999999999,0.0048280430818293,2.330999999999997e-05,0.0539166022668342,-0.05,-0.06,0.0099999999999999,0.0312,0.0035440090293338,1.2560000000000003e-05,0.0314006369362151,0.04,0.02,0.02,-0.0098,0.0014,1.960000000000001e-06,0.0098994949366116,-0.0,-0.01,0.01,9.883142458356472,0.0442735567984233,0.0019601478315832,9.883241624082656,10.038715057217232,9.79374290044414,0.2449721567730947,0.063020107643553,0.0044120327055659,1.9466032594983237e-05,0.0631743618883483,0.0728010988928051,0.0547722557505166,0.0180288431422885,Normal,normal_025_window_003.csv,0
0.5318999999999999,0.0366522850583698,0.0013433899999999,0.5331613264294401,0.6,0.44,0.1599999999999999,-0.2858,0.0378729454888314,0.0014343599999999,0.288298456464824,-0.19,-0.36,0.1699999999999999,9.8663,0.0425124687591771,0.00180731,9.866391589633972,9.98,9.78,0.200000000000001,-0.0526,0.0043863424398922,1.9239999999999985e-05,0.0527825728815865,-0.05,-0.06,0.0099999999999999,0.0323,0.0042083250825001,1.7710000000000012e-05,0.0325729949498046,0.04,0.03,0.01,-0.0096,0.0019595917942265,3.8400000000000005e-06,0.0097979589711327,-0.0,-0.01,0.01,9.884899282363312,0.0427337984889185,0.0018261775332914,9.88499165401772,10.000819966382757,9.795988975085669,0.2048309912970882,0.0626464771639192,0.0042917244728128,1.8418898950540477e-05,0.0627933117457584,0.0728010988928051,0.058309518948453,0.0144915799443521,Normal,normal_026_window_001.csv,0
0.5281,0.0316447467994294,0.00100139,0.52904725686842,0.6,0.45,0.1499999999999999,-0.2890999999999999,0.0314672845984524,0.0009901899999999,0.2908074964645856,-0.22,-0.36,0.1399999999999999,9.8625,0.0416263137930805,0.00173275,9.862587844982674,9.97,9.78,0.1900000000000012,-0.0524,0.0042708313008125,1.8239999999999985e-05,0.0525737577123796,-0.05,-0.06,0.0099999999999999,0.0317,0.0037563279941985,1.4110000000000004e-05,0.0319217793990247,0.04,0.03,0.01,-0.0096,0.0019595917942265,3.8400000000000005e-06,0.0097979589711327,-0.0,-0.01,0.01,9.880958551883207,0.0419177285412517,0.001757095966058,9.881047464717494,9.98836322927836,9.795988975085669,0.1923742541926909,0.0621349424459565,0.0042718763134796,1.824892723766873e-05,0.06228161847608,0.0728010988928051,0.058309518948453,0.0144915799443521,Normal,normal_026_window_002.csv,0
0.5332,0.027708482455739,0.00076776,0.5339194695831947,0.6,0.46,0.1399999999999999,-0.2855999999999999,0.0308324504378098,0.0009506399999999,0.2872594645960338,-0.14,-0.35,0.2099999999999999,9.8704,0.0445403188134077,0.00198384,9.87050049389594,9.98,9.77,0.2100000000000008,-0.0522999999999999,0.0042083250825001,1.7709999999999988e-05,0.0524690384893796,-0.05,-0.06,0.0099999999999999,0.0316999999999999,0.0037563279941985,1.4110000000000004e-05,0.0319217793990247,0.04,0.03,0.01,-0.0097,0.0017058722109231,2.9099999999999992e-06,0.0098488578017961,-0.0,-0.01,0.01,9.889003722122627,0.0444227851989604,0.0019733838448329,9.889103498295484,9.998519890463788,9.791031610611824,0.2074882798519635,0.0620557300310165,0.0042528073454589,1.8086370317589293e-05,0.0622012861603359,0.0728010988928051,0.058309518948453,0.0144915799443521,Normal,normal_026_window_003.csv,0
0.5421,0.0594860487845679,0.0035385899999999,0.5453540134628148,0.72,0.37,0.35,-0.2928,0.0607137546195258,0.0036861599999999,0.2990284267423417,-0.06,-0.6,0.54,9.8623,0.0519394840174603,0.00269771,9.862436767858137,9.96,9.72,0.2400000000000002,-0.0533,0.0049101934788763,2.4109999999999978e-05,0.0535256947642905,-0.04,-0.06,0.0199999999999999,0.0319,0.0059489494870943,3.5390000000000005e-05,0.0324499614791759,0.05,0.01,0.04,-0.0097,0.0017058722109231,2.91e-06,0.0098488578017961,-0.0,-0.01,0.01,9.881883795101428,0.0534851391680891,0.0028606601118298,9.882028536692252,9.98869861393365,9.728355462255683,0.2603431516779668,0.0632373166180248,0.0040052199629579,1.6041786951677208e-05,0.0633640276497635,0.0728010988928051,0.058309518948453,0.0144915799443521,Normal,normal_027_window_001.csv,0
0.5397,0.0858772961847309,0.0073749099999999,0.5464897071308846,0.72,-0.04,0.76,-0.3039,0.0810419027417298,0.00656779,0.3145202696170788,-0.06,-0.66,0.6000000000000001,9.8648,0.0757295186832718,0.00573496,9.865090673683644,10.02,9.45,0.5700000000000003,-0.0532,0.0048744230427815,2.3759999999999976e-05,0.0534228415567723,-0.04,-0.06,0.0199999999999999,0.0304999999999999,0.0103319891598859,0.00010675,0.0322024843762092,0.05,-0.03,0.08,-0.0098,0.0014,1.960000000000001e-06,0.0098994949366116,-0.0,-0.01,0.01,9.884923311899309,0.0766754058978821,0.0058791178696049,9.885220685447544,10.040348599525814,9.473104031942222,0.5672445675835913,0.063019339945447,0.0041907985921761,1.756279284018576e-05,0.0631585306985525,0.0728010988928051,0.0519615242270663,0.0208395746657388,Normal,normal_027_window_002.csv,0
0.5293000000000001,0.0831655577748385,0.00691651,0.5357938036222517,0.69,-0.04,0.73,-0.2974,0.080481302176344,0.00647724,0.3080973872008655,0.01,-0.66,0.67,9.8577,0.0882480028102618,0.0077877099999999,9.85809499852786,10.29,9.45,0.8399999999999999,-0.0533,0.0049101934788763,2.410999999999998e-05,0.0535256947642905,-0.05,-0.07,0.02,0.0308999999999999,0.0102073502928037,0.00010419,0.0325422801905459,0.05,-0.03,0.08,-0.0098999999999999,0.0009949874371066,9.899999999999996e-07,0.0099498743710662,-0.0,-0.01,0.01,9.877058696788362,0.0880198852383015,0.0077475001973637,9.877450885729578,10.293041338690912,9.473104031942222,0.8199373067486899,0.0632681838864022,0.0044874165971524,2.013690771639921e-05,0.0634271235355979,0.076811457478686,0.0519615242270663,0.0248499332516197,Normal,normal_027_window_003.csv,0
0.5406,0.034491158287306,0.0011896399999999,0.5416991785114686,0.62,0.47,0.15,-0.2902,0.0361933695585254,0.0013099599999999,0.2924482860267777,-0.17,-0.38,0.21,9.8741,0.0448128329834212,0.00200819,9.874201689250633,10.0,9.77,0.2300000000000004,-0.0521,0.0040730823708832,1.6589999999999985e-05,0.0522589705218156,-0.05,-0.06,0.0099999999999999,0.0317999999999999,0.0038418745424597,1.476000000000001e-05,0.0320312347560939,0.04,0.03,0.01,-0.0098,0.0014,1.9600000000000007e-06,0.0098994949366116,-0.0,-0.01,0.01,9.89326958723714,0.0451649670500776,0.0020398742486346,9.893372680739366,10.017434801385033,9.787900694224476,0.229534107160557,0.0619666622618513,0.0038900858763848,1.5132768125649238e-05,0.0620886463051015,0.0728010988928051,0.058309518948453,0.0144915799443521,Normal,normal_028_window_001.csv,0
0.5415000000000001,0.0341869858279433,0.0011687499999999,0.5425781049766015,0.62,0.47,0.15,-0.2897,0.0355936792141526,0.00126691,0.2918783993378064,-0.17,-0.36,0.1899999999999999,9.8724,0.0433617342826599,0.00188024,9.872495226638502,9.99,9.77,0.2200000000000006,-0.0523999999999999,0.0042708313008125,1.8239999999999985e-05,0.0525737577123796,-0.05,-0.06,0.0099999999999999,0.032,0.004,1.6000000000000006e-05,0.0322490309931942,0.04,0.03,0.01,-0.0097,0.0017058722109231,2.909999999999999e-06,0.0098488578017961,-0.0,-0.01,0.01,9.891605961153658,0.0433302350491931,0.0018775092694183,9.891700864866468,10.010739233443251,9.787900694224476,0.2228385392187775,0.0623253687989428,0.0040679729689082,1.6548404075768198e-05,0.0624579858785087,0.0728010988928051,0.058309518948453,0.0144915799443521,Normal,normal_028_window_002.csv,0
0.5448,0.0335999999999999,0.0011289599999999,0.5458351399461197,0.63,0.46,0.1699999999999999,-0.2945,0.0334477204006491,0.0011187499999999,0.2963933197627774,-0.17,-0.36,0.1899999999999999,9.8684,0.0495725730621278,0.00245744,9.868524509773485,9.99,9.71,0.2799999999999993,-0.0522999999999999,0.0042083250825001,1.770999999999998e-05,0.0524690384893796,-0.05,-0.06,0.0099999999999999,0.0315999999999999,0.0036660605559646,1.3440000000000009e-05,0.0318119474411737,0.04,0.03,0.01,-0.0098999999999999,0.0009949874371066,9.899999999999994e-07,0.0099498743710662,-0.0,-0.01,0.01,9.887928122547487,0.0493805967411794,0.0024384433345149,9.888051425837146,10.010739233443251,9.734402909269784,0.2763363241734691,0.0620157776459092,0.0042477432800418,1.8043322973140823e-05,0.0621610810716802,0.0728010988928051,0.0591607978309961,0.013640301061809,Normal,normal_028_window_003.csv,0
0.5468999999999999,0.0328236195444682,0.0010773899999999,0.5478841118338804,0.61,0.49,0.12,-0.2915,0.035591431553114,0.0012667499999999,0.2936647748709402,-0.21,-0.37,0.16,9.8665,0.0422226242670917,0.00178275,9.866590343173266,9.97,9.77,0.200000000000001,-0.0523,0.0042083250825001,1.770999999999998e-05,0.0524690384893796,-0.05,-0.06,0.0099999999999999,0.0321,0.0040730823708832,1.659000000000001e-05,0.0323573793747268,0.04,0.03,0.01,-0.0097,0.0017058722109231,2.909999999999999e-06,0.0098488578017961,-0.0,-0.01,0.01,9.886063540455472,0.0420556069626512,0.001768674076997,9.88615299294928,9.989424407842526,9.787165064511786,0.2022593433307395,0.0622810825259125,0.0042505010763995,1.8066759400473792e-05,0.0624259561400544,0.0728010988928051,0.058309518948453,0.0144915799443521,Normal,normal_029_window_001.csv,0
0.5474,0.0328213345249701,0.0010772399999999,0.5483830777841344,0.62,0.48,0.14,-0.2946999999999999,0.0326329587993488,0.0010649099999999,0.2965012647527831,-0.21,-0.37,0.16,9.8678,0.0474253096985144,0.00224916,9.867913963954084,10.01,9.75,0.2599999999999998,-0.0527,0.0044395945760846,1.9709999999999982e-05,0.0528866712887094,-0.05,-0.06,0.0099999999999999,0.0318,0.0038418745424597,1.4760000000000006e-05,0.0320312347560939,0.04,0.03,0.01,-0.0098999999999999,0.0009949874371066,9.899999999999992e-07,0.0099498743710662,-0.0,-0.01,0.01,9.887473239820476,0.0472856408855958,0.0022359318339615,9.887586308093598,10.028289983840716,9.771310045229349,0.2569799386113658,0.0624685218080658,0.0044366409720866,1.968378311519827e-05,0.0626258732474047,0.0728010988928051,0.0591607978309961,0.013640301061809,Normal,normal_029_window_002.csv,0
0.5525,0.0344492380176978,0.0011867499999999,0.5535729400901023,0.62,0.46,0.1599999999999999,-0.2932,0.0290131004892617,0.0008417599999999,0.2946319738249737,-0.21,-0.37,0.16,9.8664,0.0500103989186249,0.00250104,9.866526744503355,10.01,9.74,0.2699999999999996,-0.0524,0.0042708313008125,1.8239999999999985e-05,0.0525737577123796,-0.05,-0.06,0.0099999999999999,0.0315,0.0035707142142714,1.2750000000000008e-05,0.0317017349682947,0.04,0.03,0.01,-0.0099999999999999,1.734723475976807e-18,3.009265538105056e-36,0.01,-0.01,-0.01,0.0,9.886308165068725,0.0501185125030545,0.0025118652955188,9.88643520183084,10.028289983840716,9.759267390537058,0.2690225933036565,0.0620533491794435,0.004287406630359,1.838185561404695e-05,0.0622012861603359,0.0728010988928051,0.0591607978309961,0.013640301061809,Normal,normal_029_window_003.csv,0
0.5493,0.0328711119373835,0.0010805099999999,0.5502826546421393,0.64,0.47,0.17,-0.2942,0.0296708611267013,0.00088036,0.2956924077483222,-0.21,-0.36,0.15,9.8587,0.0422765892664014,0.00178731,9.85879064591596,9.96,9.77,0.1900000000000012,-0.052,0.0039999999999999,1.599999999999999e-05,0.0521536192416212,-0.05,-0.06,0.0099999999999999,0.0322,0.0041424630354415,1.7160000000000005e-05,0.0324653661614958,0.04,0.03,0.01,-0.0098999999999999,0.0009949874371066,9.899999999999994e-07,0.0099498743710662,-0.0,-0.01,0.01,9.87847200543838,0.0422946541568542,0.0017888377702479,9.878562547253525,9.976196670074224,9.790331965771127,0.1858647043030945,0.0621203513549848,0.0037499263370404,1.406194753322932e-05,0.0622334315300064,0.0728010988928051,0.058309518948453,0.0144915799443521,Normal,normal_030_window_001.csv,0
0.5547,0.0342185622140965,0.0011709099999999,0.5557544421774782,0.64,0.47,0.17,-0.2908,0.030221846402892,0.0009133599999999,0.2923662087177655,-0.2,-0.36,0.1599999999999999,9.8583,0.0406707511610003,0.00165411,9.858383893925009,9.96,9.77,0.1900000000000012,-0.0526,0.0043863424398922,1.9239999999999985e-05,0.0527825728815865,-0.05,-0.06,0.0099999999999999,0.0315,0.0035707142142714,1.2750000000000008e-05,0.0317017349682947,0.04,0.03,0.01,-0.0099999999999999,1.734723475976807e-18,3.009265538105056e-36,0.01,-0.01,-0.01,0.0,9.878281456027624,0.0403667623272723,0.0016294755007864,9.878363933364676,9.97968436374618,9.793028132299018,0.1866562314471629,0.0622466635221946,0.0040438694779487,1.6352880354685247e-05,0.0623778806950027,0.0728010988928051,0.0591607978309961,0.013640301061809,Normal,normal_030_window_002.csv,0
0.556,0.0317804971641413,0.0010099999999999,0.5569075327197505,0.63,0.47,0.16,-0.2907,0.0343002915439504,0.00117651,0.2927165864791403,-0.2,-0.36,0.1599999999999999,9.8546,0.0525056187469494,0.00275684,9.854739874801364,10.07,9.73,0.3399999999999998,-0.0528999999999999,0.0045376205218153,2.0589999999999984e-05,0.0530942558098331,-0.05,-0.06,0.0099999999999999,0.0312,0.0032496153618543,1.056e-05,0.0313687742827162,0.04,0.03,0.01,-0.0097,0.0017058722109231,2.91e-06,0.0098488578017961,-0.0,-0.01,0.01,9.874665036892292,0.0521287749416587,0.0027174091769181,9.87480263093901,10.088339803951888,9.750148716814529,0.3381910871373588,0.0623127021248963,0.0041384965741114,1.7127153893932588e-05,0.0624499799839839,0.0728010988928051,0.058309518948453,0.0144915799443521,Normal,normal_030_window_003.csv,0
-0.605,2.3034463310439857,5.305864999999999,2.3815730095884105,6.39,-6.28,12.67,-1.7207,8.390113259664616,70.39400051000001,8.564742202775284,13.85,-19.61,33.46,7.033699999999999,3.46807458253135,12.027541309999998,7.842223983029304,13.37,-6.06,19.43,0.4029999999999997,3.324759389790485,11.054025,3.349094504489236,4.37,-4.37,8.74,0.1496999999999999,1.5570025401392251,2.42425691,1.564182534105275,3.92,-4.37,8.29,0.0070999999999999,2.228101117543816,4.96443459,2.228112429838315,4.17,-4.37,8.54,11.300434908608068,3.5815285670104897,12.82734687631221,11.854415886073848,20.605050351794823,3.3155844130409347,17.28946593875389,3.934750160215384,1.7735070275262557,3.145327176685015,4.315968720924655,7.264619742285207,0.3281767816284388,6.936442960656769,Severe_Fault,Severe_Fault_001_window_001.csv,3
-0.068,2.283443452332464,5.214114,2.2844557338674782,6.39,-5.56,11.95,0.1115999999999997,7.555439592770231,57.08466744,7.556263759292683,13.85,-18.56,32.41,7.541,2.4772644186683017,6.136838999999998,7.937475669254049,14.93,0.43,14.5,0.3696,3.400830169238094,11.56564584,3.4208551562438307,4.37,-4.37,8.74,0.1354999999999999,1.552446053813143,2.41008875,1.558348163922299,3.92,-4.37,8.29,0.0532,2.0785927354823506,4.32054776,2.079273430792593,4.31,-4.37,8.68,10.8122312070538,2.900868201971941,8.415036325211922,11.194613883470923,19.03792268079687,3.921785307739321,15.116137373057551,3.944390424828105,1.7017230022904328,2.8958611765243645,4.29582087615394,7.264619742285207,0.3220248437620924,6.942594898523115,Severe_Fault,Severe_Fault_001_window_002.csv,3
0.0575,1.9711343815174045,3.88537075,1.9719728699959336,5.12,-4.16,9.28,2.0954,7.879621110180361,62.08842883999999,8.153473492935388,19.61,-13.15,32.76,7.040900000000001,2.702382687555558,7.302872189999999,7.541693775273563,14.93,-1.06,15.99,0.2381,3.507375285024402,12.301681390000004,3.5154477666436748,4.37,-4.37,8.74,-0.0066,1.0841035190423467,1.17528044,1.0841236091885464,2.67,-3.02,5.69,0.0937999999999999,2.2132486439620838,4.89846956,2.2152354276690325,4.37,-4.37,8.74,10.7757682945586,3.335831180078755,11.12776966198562,11.280290421793229,21.078069171534665,3.242992445257929,17.835076726276736,3.962453684951969,1.655272121015324,2.7399257946105693,4.294294470573717,6.698037025875566,0.3220248437620924,6.376012182113474,Severe_Fault,Severe_Fault_001_window_003.csv,3
0.1864,2.409767009484527,5.80697704,2.4169654527940607,4.75,-8.1,12.85,-0.7782000000000002,8.365742212141132,69.98564276,8.401859199010657,19.61,-19.61,39.22,7.1425,3.2089610078653186,10.29743075,7.830245015323594,13.81,-2.0,15.81,0.1844000000000001,3.434262750576898,11.79416064,3.4392097929611687,4.37,-4.37,8.74,0.1775,1.593595541534928,2.5395467500000004,1.6034503422307784,3.68,-4.37,8.05,-0.0824,1.8572905642359787,3.44952824,1.8591175325944296,4.37,-4.37,8.74,11.00012281294626,4.091820511715939,16.742995100099293,11.736511278910784,21.15148694536628,2.2151749366585025,18.936312008707773,3.8246670552386455,1.7965124315106065,3.227456916572152,4.225581025137253,7.228851914377552,0.2596150997149434,6.969236814662609,Severe_Fault,Severe_Fault_002_window_001.csv,3
-0.2972999999999999,2.609856645488407,6.81135171,2.626735426341983,4.72,-8.1,12.82,-1.0205000000000002,8.142354987962635,66.29794475,8.206056604727998,18.24,-17.73,35.97,7.270100000000001,3.2451753404092054,10.531162990000002,7.9615021823773935,12.5,-0.58,13.08,0.2936,3.4557371196316424,11.94211904,3.468186846177697,4.37,-4.37,8.74,0.1261999999999999,1.479918768041003,2.190159560000001,1.4852898706986457,3.69,-2.97,6.66,0.0704,1.6883162736880788,2.85041184,1.6897834180746365,4.37,-4.37,8.74,11.103051584845415,3.7877257694112023,14.346866504261689,11.731352053365375,21.23991760812645,2.38214189333885,18.8577757147876,3.781791194594466,1.669679418477618,2.7878293604877564,4.133977987362777,6.659144089145391,0.3217141588429082,6.337429930302482,Severe_Fault,Severe_Fault_002_window_002.csv,3
0.3999,3.292007440757084,10.837312990000004,3.3162076231744,8.87,-12.58,21.45,-0.9676,8.01842517206465,64.29514223999999,8.076595322287728,19.61,-17.73,37.34,7.602099999999999,3.157297672060713,9.96852859,8.231673766616362,13.28,-0.58,13.86,0.4831,3.246238960705142,10.538067390000002,3.281989183406917,4.37,-4.37,8.74,0.0521,1.7019461184185591,2.89662059,1.7027433746751153,4.37,-4.37,8.74,0.0215,1.659594754751894,2.75425475,1.6597340148349071,4.37,-4.37,8.74,11.475881761409305,3.506168250120527,12.29321579815324,11.999544908037135,21.698041386263416,2.38214189333885,19.315899492924565,3.7549555664225926,1.5250618656933197,2.3258136941919885,4.052839128314866,6.55001526715778,0.3583294573433783,6.191685809814401,Severe_Fault,Severe_Fault_002_window_003.csv,3
0.5431,4.201444916930365,17.65213939,4.236401421017607,19.04,-8.2,27.24,-0.2432,7.818479376451664,61.12861976,7.822260926356267,19.61,-19.61,39.22,7.629700000000001,3.399918368137682,11.55944491,8.35294959879443,19.61,-1.89,21.5,-0.0277999999999998,2.731195188923706,7.459427159999999,2.73133666910544,4.37,-4.37,8.74,-0.0122,1.7533154764616663,3.07411516,1.7533579212471135,4.37,-4.37,8.74,0.0149,1.7642326915687736,3.11251699,1.7642956101515412,4.37,-4.37,8.74,11.330657965860077,4.530211922271582,20.522820060691583,12.202730432161486,28.67487227521685,1.2197540735738497,27.455118201643,3.1500988809862527,1.9297875634403807,3.7240800400091616,3.694212094615035,6.626152729902926,0.1256980508997653,6.500454679003161,Severe_Fault,Severe_Fault_003_window_001.csv,3
1.3591,3.8983776356325457,15.197348189999998,4.128498637519456,19.04,-8.2,27.24,-0.2347999999999999,8.721611947340927,76.06651495999999,8.72477197409766,18.91,-19.61,38.52,7.644799999999999,3.403144275519332,11.581390959999998,8.368055807653294,13.98,-2.73,16.71,0.0432,3.130729269675039,9.80146576,3.131027307450384,4.37,-4.37,8.74,-0.0108,1.6838014609804803,2.83518736,1.6838360965367145,4.37,-4.37,8.74,-0.0001999999999999,1.634547631609431,2.67174596,1.6345476438452324,4.37,-4.37,8.74,11.867906362831109,4.726870377223483,22.34330356307287,12.774603907753852,23.74618074554306,1.409432509913121,22.33674823562994,3.548419856795198,1.6489689262995673,2.719098519901548,3.912848323152841,6.301325257435931,0.3569313659514949,5.944393891484435,Severe_Fault,Severe_Fault_003_window_002.csv,3
0.7572,1.9039837604349463,3.62515416,2.04902562209456,6.8,-2.96,9.76,-0.6834,8.630691654786425,74.48883844000002,8.65770604721597,18.91,-19.61,38.52,8.0379,3.4156426320679394,11.66661459,8.73352454625279,13.58,-2.73,16.31,0.2821999999999999,3.2744515815629343,10.722033160000002,3.2865894176182096,4.37,-4.37,8.74,0.1202999999999999,1.1782864295238231,1.38835891,1.1844116682978094,3.64,-3.88,7.52,0.0031999999999999,1.74983135187366,3.06190976,1.7498342778674782,4.37,-4.37,8.74,11.710812236716642,4.276179107143179,18.285707756367835,12.467109969836637,23.74618074554306,1.409432509913121,22.33674823562994,3.4581461667541418,1.8186935116626004,3.307646089363641,3.9072267658788378,6.301325257435931,0.3319638534539566,5.969361403981974,Severe_Fault,Severe_Fault_003_window_003.csv,3
0.8140999999999999,2.328921250278764,5.42387419,2.467110252907234,6.74,-6.04,12.78,-1.1207999999999998,6.73940942219717,45.41963935999999,6.831971311415176,15.13,-18.12,33.25,8.085,2.883939146376012,8.317105,8.583957711918204,13.42,0.16,13.26,0.3097999999999999,3.1151632316782374,9.70424196,3.130529987078865,4.37,-4.37,8.74,0.0446999999999999,1.301359638993003,1.69353691,1.3021271059309072,3.89,-3.88,7.77,0.0725,1.3415471478856045,1.7997487499999998,1.343504745060471,3.19,-4.37,7.56,10.79999987575714,3.131580700484302,9.806797683645753,11.24485637969645,21.08023007464577,1.8104419349981928,19.26978813964758,3.219857622606213,1.7126806153351144,2.933274890144666,3.6470204276916247,6.436909196190358,0.2220360331117451,6.214873163078613,Severe_Fault,Severe_Fault_003_window_004.csv,3
1.919,3.414070444498765,11.655876999999997,3.9164317943761007,11.18,-9.06,20.24,1.0916,9.618905729863457,92.52334744,9.6806476023043,19.61,-16.76,36.370000000000005,6.842300000000002,3.985124052021468,15.88121371,7.918224737906851,14.86,-5.05,19.91,0.1883,3.4047143947767484,11.59208011,3.409917447681102,4.37,-4.37,8.74,0.1938999999999999,1.726081049661342,2.97935579,1.7369378227213546,4.37,-4.17,8.54,-0.0048,1.3231458574170878,1.7507149600000005,1.3231545639115636,4.04,-4.32,8.36,12.331142389502814,4.437858308892586,19.694586369806963,13.105405716726208,24.61098535207398,3.631487298614715,20.979498053459263,3.739098725806013,1.5538239020802365,2.414368718675852,4.049102122693376,6.367746854264859,0.5736723803705387,5.79407447389432,Severe_Fault,Severe_Fault_004_window_001.csv,3
1.3169000000000002,2.8478141424608454,8.11004539,3.137558126951595,9.05,-9.06,18.11,0.9098000000000002,9.68727670503945,93.84332996,9.729905754939251,19.61,-18.78,38.39,6.848799999999999,3.889303351501397,15.12668056,7.876086718669367,14.74,-5.05,19.79,0.2496,3.5167476224489014,12.36751384,3.525594134326866,4.37,-4.37,8.74,0.0876,1.3936765191392153,1.94233424,1.3964268688334525,3.55,-3.5,7.05,0.0419,1.228433714125431,1.5090493900000002,1.2291480789555016,3.18,-4.32,7.5,12.164811320571236,4.308763689842119,18.565444534901875,12.90535078949813,24.61098535207398,3.957031715819321,20.653953636254656,3.638319750694896,1.6288819452935903,2.653256391703431,3.986304930634384,6.367746854264859,0.3695943722515266,5.9981524820133325,Severe_Fault,Severe_Fault_004_window_002.csv,3
1.4650999999999996,3.246430499795121,10.53931099,3.561717142053815,14.12,-6.14,20.26,1.1500999999999997,8.763508600440808,76.79908299,8.838654479048268,19.61,-18.78,38.39,6.9564,3.600199861118824,12.961439040000002,7.832811755685183,14.63,-4.72,19.35,0.2201999999999999,3.460010398828304,11.971671960000002,3.4670102393849374,4.37,-4.37,8.74,0.1477,1.6823797757938008,2.83040171,1.688850792698988,4.37,-3.5,7.87,-0.0760999999999999,1.2867485340966975,1.65572179,1.2889968968155043,3.18,-3.25,6.43,11.447515304576616,4.5951034103145165,21.114975351484095,12.33533874686869,22.26343639243502,2.744631122755843,19.518805269679177,3.7687626061612014,1.5265380500993164,2.3303184184010237,4.066188633105946,6.116224325513249,0.3695943722515266,5.746629953261722,Severe_Fault,Severe_Fault_004_window_003.csv,3
2.4272000000000005,4.149147642588777,17.215426160000003,4.806945599858604,14.29,-9.39,23.68,1.4098999999999997,7.675602842122565,58.91487899,7.804018003567137,19.06,-19.61,38.67,6.853799999999999,3.0731286273112617,9.44411956,7.511237847385742,12.66,-3.66,16.32,0.4347000000000001,3.3546282819412347,11.25353091,3.382675716056743,4.37,-4.37,8.74,0.0455999999999999,1.3983206499226135,1.95530064,1.3990639728046748,3.83,-4.37,8.2,-0.0902999999999999,1.6733346676621506,2.80004891,1.6757693755406795,4.37,-4.37,8.74,11.245624143750824,3.7368508958063216,13.964054617488507,11.850237001849372,21.47629623561754,3.621670885102621,17.85462535051492,3.6976332057971497,1.5923525600149906,2.5355866753862943,4.025925732052195,6.566749576464752,0.3056141357987225,6.261135440666029,Severe_Fault,Severe_Fault_005_window_001.csv,3
1.2482000000000002,2.9318650651078744,8.59583276,3.186508434007354,8.9,-6.27,15.17,0.9277,7.908952503966628,62.55152971,7.96317505772666,19.07,-19.61,38.68,7.256599999999999,2.717502610854311,7.384820439999998,7.748745963057505,11.83,-3.66,15.49,0.7137999999999998,3.3538800753753857,11.248511560000004,3.4289972295118583,4.37,-4.37,8.74,-0.0051,1.35331555448092,1.8314629899999997,1.3533251641789568,4.12,-4.37,8.49,0.0215,1.3319672480958382,1.7741367500000005,1.3321407583284886,4.37,-3.47,7.84,11.005540619069006,3.533713723835328,12.487132682022136,11.558938402811911,21.47629623561754,3.4177770553387474,18.058519180278797,3.586515756011875,1.581459683924497,2.50101473187857,3.919707897280103,6.566749576464752,0.3056141357987225,6.261135440666029,Severe_Fault,Severe_Fault_005_window_002.csv,3
2.6593,3.512813474979849,12.339858510000004,4.405875054969217,10.5,-11.74,22.24,0.0505,6.828522442666497,46.62871875000002,6.82870917523949,19.07,-19.61,38.68,7.1386,2.4181447516639696,5.847424040000001,7.537044115566791,11.83,0.38,11.45,0.4036,3.217415583974194,10.351763040000002,3.242631030505938,4.37,-4.37,8.74,-0.0296999999999999,1.4328506237567125,2.05306091,1.433158400177733,4.12,-4.37,8.49,-0.0607,1.3175372897948658,1.7359045100000003,1.318934797478632,4.17,-3.47,7.640000000000001,10.631929459245642,3.132429404411959,9.812113973624662,11.083773635364446,21.8911877247444,3.4177770553387474,18.473410669405656,3.4372424397556918,1.579098606909126,2.493552410342342,3.782616554714474,6.1806310357438425,0.4446346815083142,5.735996354235528,Severe_Fault,Severe_Fault_005_window_003.csv,3
3.2041000000000004,4.419969252155494,19.53612819,5.459156070309769,19.13,-11.74,30.87,1.1141,8.109433037518714,65.76290419,8.185604620307531,19.61,-19.61,39.22,6.5654,2.995634296772555,8.973824839999999,7.216529775453019,11.39,-5.29,16.68,0.2106999999999999,3.2332949927280064,10.45419651,3.2401529284896418,4.37,-4.37,8.74,0.0305,1.6504928809298145,2.724126749999999,1.65077466663382,4.37,-4.37,8.74,-0.0143999999999999,1.4635841759188295,2.14207864,1.4636550139974924,3.39,-4.05,7.439999999999999,11.562027600051392,3.8992727239383767,15.204327775649809,12.201836337207608,23.49338204686588,5.067563517115499,18.42581852975038,3.5449209262648327,1.673161566176345,2.79946962652968,3.919940560773849,6.959439632614109,0.4342810150121692,6.52515861760194,Severe_Fault,Severe_Fault_005_window_004.csv,3
1.4657,3.435998910069676,11.80608851,3.7355541757549178,7.96,-15.66,23.62,-1.1830999999999998,7.2129467896276624,52.02660139,7.309331501580702,12.35,-15.47,27.82,7.442399999999999,3.0485951256275405,9.29393224,8.04258975703722,13.13,-0.57,13.7,0.1062,3.1447755977175857,9.88961356,3.146568289422621,4.37,-4.37,8.74,0.0803,2.013453478479202,4.05399491,2.015054093566721,4.37,-4.37,8.74,-0.0112,1.9113174932490935,3.65313456,1.9113503080283325,4.37,-4.37,8.74,10.895370516216255,3.654427905208365,13.3548433143656,11.491907674533415,21.196200131155585,1.429755223805809,19.766444907349776,3.856904276665928,1.6549575223056534,2.7388844006360675,4.196974505521805,6.760281059245984,0.6621933252457322,6.098087734000252,Severe_Fault,Severe_Fault_006_window_001.csv,3
1.5221,3.183714275810566,10.136036589999998,3.5288560469364567,11.54,-5.1,16.64,-0.8259000000000002,7.922392579896556,62.76430419,7.96532579371365,18.28,-19.61,37.89,6.853899999999999,3.5209893197793147,12.397365790000002,7.705407906139687,13.13,-6.57,19.700000000000003,0.0571,3.019786182828182,9.119108590000002,3.0203259757847336,4.37,-4.37,8.74,0.1474,1.82293753047108,3.32310124,1.8288870932892496,4.37,-4.37,8.74,0.0088999999999999,1.9676711590100615,3.87172979,1.96769128676223,4.37,-4.37,8.74,10.881385643091956,4.10706677402648,16.867997486312277,11.630672852419158,24.635959490143676,1.429755223805809,23.206204266337863,3.5948768263566984,1.848206320550709,3.415866603323592,4.042153633893694,7.112257025726784,0.3549647869859769,6.757292238740807,Severe_Fault,Severe_Fault_006_window_002.csv,3
0.8808000000000001,3.690544317577016,13.62011736,3.7941963575966913,11.54,-8.44,19.98,-0.5724,6.777525082211058,45.934846240000006,6.801653328419496,18.28,-19.61,37.89,7.411700000000001,3.139751281550817,9.858038109999995,8.04930649186624,13.43,-6.57,20.0,-0.2415,2.7235033963628537,7.41747075,2.734189642288918,4.37,-4.37,8.74,0.0225,1.9768876422295727,3.90808475,1.97701568026154,4.37,-4.37,8.74,-0.047,1.7768542427560003,3.1572109999999998,1.777475738231045,4.37,-4.37,8.74,10.668142842306198,3.411814370119081,11.640477296151062,11.200435214758398,24.635959490143676,3.95070879716539,20.685250692978283,3.3486899240787937,1.8248506219340697,3.3300797923731613,3.813633962508725,7.112257025726784,0.3549647869859769,6.757292238740807,Severe_Fault,Severe_Fault_006_window_003.csv,3
2.4287,3.447577310228155,11.88578931,4.217152238181591,10.61,-9.53,20.14,3.7785,8.95605877325512,80.21098875,9.720496437939785,19.07,-16.94,36.010000000000005,5.7529,3.830661638672881,14.67396859,6.9115719630197,13.09,-5.66,18.75,0.3685000000000001,3.449910832181029,11.90188475,3.469535559696716,4.37,-4.37,8.74,0.0768,1.5367660069119176,2.36164976,1.538683853168025,4.37,-4.37,8.74,-0.0387,1.494718471820028,2.23418331,1.4952193818968509,3.08,-4.37,7.45,12.028743857049816,3.918108245248764,15.351572221486348,12.650780647849365,20.682405566084427,3.3828094832550057,17.29959608282942,3.780663521793628,1.532151864202436,2.3474893349790005,4.079326660124193,6.89419320878085,0.3402939905434711,6.553899218237379,Severe_Fault,Severe_Fault_007_window_001.csv,3
2.3568,3.3261184224257563,11.06306376,4.076465380694407,10.61,-9.53,20.14,4.5074000000000005,8.653422400414764,74.88171924,9.75696540938831,19.61,-16.94,36.55,5.361500000000001,3.3649845096225923,11.323120749999998,6.329992338068033,10.52,-3.09,13.61,0.1516,3.439711243694738,11.831613440000003,3.4430503917311466,4.37,-4.37,8.74,0.0375999999999999,1.6435705765193047,2.7013242399999995,1.6440006082723937,4.37,-4.37,8.74,0.0409999999999999,1.5642797064463885,2.446971,1.5648169221988877,3.99,-4.37,8.36,11.621510693078504,4.101857653632318,16.825236210662027,12.324152993208092,21.83265902266602,2.835436474336888,18.99722254832913,3.808968919222116,1.5804245544789255,2.4977417723999102,4.123831470853289,6.89419320878085,0.3469870314579494,6.5472061773229004,Severe_Fault,Severe_Fault_007_window_002.csv,3
2.6231,2.999899563318745,8.999397389999999,3.9849781680706857,14.68,-4.06,18.74,3.5112,9.551145091558393,91.22437256,10.176094437454871,19.61,-19.61,39.22,5.114000000000001,4.077397209004784,16.625168000000002,6.540501815610175,12.01,-6.99,19.0,0.3378000000000001,3.494830347813753,12.213839159999996,3.511117770739113,4.37,-4.37,8.74,0.0107999999999999,1.6384588368341757,2.6845473600000003,1.6384944308724396,4.37,-3.85,8.22,0.0295,1.59469205491217,2.54304275,1.5949648898956992,3.99,-4.37,8.36,11.83033342679614,4.717448887993366,22.254324010829848,12.73621266311143,23.085844147442387,1.510132444522665,21.575711702919723,3.841354733638056,1.6734750701329553,2.8005188103564995,4.1900507156835225,6.337049786769866,0.3469870314579494,5.990062755311916,Severe_Fault,Severe_Fault_007_window_003.csv,3
1.9431,4.134393473050189,17.09320939,4.568243316637152,17.41,-11.17,28.58,2.172200000000001,9.093927708091812,82.69952115999999,9.349757964781762,19.61,-19.61,39.22,5.798700000000001,4.464147097710827,19.92860931,7.318027808091466,11.56,-9.34,20.9,0.3275999999999999,3.437832782437214,11.818694239999996,3.4534064342327278,4.37,-4.37,8.74,0.1349,1.7489393900304262,3.058788989999999,1.754134259399776,4.37,-4.37,8.74,0.1815,1.5361102662244008,2.35963475,1.546795720190614,4.37,-4.37,8.74,11.73089176160996,4.922045355072583,24.226530477391588,12.72164894972346,26.46080497641748,1.0502380682492898,25.41056690816819,3.7280846994914527,1.870017238802285,3.496964473417723,4.170800882324641,7.557532666155006,0.2491987158875422,7.308333950267464,Severe_Fault,Severe_Fault_008_window_001.csv,3
2.5256,3.743403349894317,14.013068639999998,4.5157196547172855,17.41,-4.85,22.26,1.5402000000000005,9.532024336939138,90.85948796,9.655656580471366,19.61,-19.61,39.22,6.162100000000001,3.4852751096577723,12.147142589999998,7.079450473024019,11.53,-3.74,15.27,0.1923,3.408413371350371,11.61728171,3.4138337686536526,4.37,-4.37,8.74,0.1272999999999999,1.9322468035941995,3.73357771,1.9364356431340548,4.37,-4.37,8.74,0.1451,1.560634162768456,2.43557899,1.5673649862109336,4.37,-4.35,8.719999999999999,11.870597858683372,4.778174701433771,22.83095347742171,12.796173138872415,26.46080497641748,1.5220381072758988,24.938766869141578,3.872778413270192,1.6918227926436071,2.862264361708414,4.226189418376796,7.557532666155006,0.1862793601019715,7.371253306053035,Severe_Fault,Severe_Fault_008_window_002.csv,3
2.6963,4.005210270385314,16.04170931,4.828223586372114,17.9,-11.99,29.89,2.2533000000000003,9.984418466290364,99.68861211000004,10.235525047597706,19.61,-19.61,39.22,5.279800000000002,4.458379970347974,19.877151960000003,6.910386385724028,11.53,-13.47,25.0,0.2429,3.382693984090196,11.44261859,3.3914036916887382,4.37,-4.37,8.74,0.0910999999999999,2.0110176006191494,4.04419179,2.0130799785403464,4.37,-4.37,8.74,0.1021999999999999,1.823999221491062,3.3269731600000005,1.826860147904048,4.37,-4.37,8.74,12.470547730198582,4.507393405155471,20.31659530883904,13.260134086803196,24.88472824846597,2.79352823504614,22.09120001341983,4.011259162994917,1.6737168002052536,2.801327927289313,4.346438542070968,7.0728989813230045,0.1862793601019715,6.886619621221033,Severe_Fault,Severe_Fault_008_window_003.csv,3
2.214,3.971340831507666,15.771548,4.546794915102287,17.9,-11.99,29.89,3.5403999999999995,9.88974862370121,97.80712784,10.50435909515664,19.61,-19.61,39.22,4.6214,4.669022814251393,21.79977404,6.569407279199547,11.42,-13.47,24.89,0.4054999999999999,3.4167368570025998,11.67409075,3.440715187283016,4.37,-4.37,8.74,0.1758000000000001,1.673822081345565,2.80168036,1.6830288173409271,4.37,-4.37,8.74,0.3183999999999999,1.944910136741541,3.7826754399999993,1.970800345037518,4.37,-4.37,8.74,12.379138584899287,4.574816269082032,20.92894389585765,13.197424597246238,24.88472824846597,2.79352823504614,22.09120001341983,3.9272647575669417,1.7696758245432045,3.1317525239726702,4.3075701967582605,7.0728989813230045,0.1705872210923198,6.902311760230685,Severe_Fault,Severe_Fault_008_window_004.csv,3
2.2510000000000003,3.830305862460595,14.671243000000002,4.442774358438655,11.1,-8.67,19.77,2.0868,9.959406898003516,99.18978576000003,10.175682778074403,19.61,-19.61,39.22,5.960699999999999,3.5378412217056887,12.51632051,6.931541314888053,12.1,-7.81,19.91,0.2448999999999999,3.5414690440550234,12.54200299,3.549926618959891,4.37,-4.37,8.74,0.0011,1.9701034972812976,3.88130779,1.97010380437174,4.37,-4.37,8.74,-0.0859,2.003035743565252,4.01215219,2.0048768041952103,4.37,-4.37,8.74,12.264250766096538,4.573530599689962,20.917182146300423,13.089271522892323,21.655128722776045,2.4072806234421447,19.2478480993339,4.280773241838907,1.475736918273719,2.177799451956013,4.52800386483934,6.566726734073834,0.3552463933666322,6.211480340707202,Severe_Fault,Severe_Fault_009_window_001.csv,3
2.0919000000000003,3.83205106829228,14.68461539,4.365851692396342,11.39,-8.67,20.06,0.8317999999999998,8.399291205810165,70.54809275999999,8.440378190578903,17.06,-19.61,36.67,6.9464,3.302127653498574,10.904047039999998,7.691327583714011,12.38,-5.9,18.28,0.3432,3.1498478947403163,9.921541760000002,3.168489861116807,4.37,-4.37,8.74,0.1322,1.7612822488176052,3.1021151600000008,1.7662366772321316,4.37,-4.37,8.74,-0.149,1.7174146266990973,2.949513,1.7238660040734024,3.85,-3.97,7.82,11.5893817298824,3.891451672456952,15.143396119068006,12.225267481736342,21.913377192938565,2.4072806234421447,19.50609656949642,3.5926712815191646,1.7953682248907723,3.223347062947444,4.016296054824644,6.342002838220746,0.1951922129594313,6.146810625261315,Severe_Fault,Severe_Fault_009_window_002.csv,3
1.7393,3.2218852415938093,10.38054451,3.661380750481982,11.39,-9.41,20.8,1.3736999999999997,8.494446498153955,72.15562131,8.604805227313399,19.61,-19.61,39.22,6.8074,3.600748427757763,12.965389240000002,7.7010443447625985,12.42,-8.84,21.26,0.3647999999999999,3.318474191552497,11.01227096,3.338465216233352,4.37,-4.37,8.74,0.2277,1.5999661590171212,2.55989171,1.6160875595090756,4.37,-4.37,8.74,-0.0667,1.7090986250067606,2.9210181099999994,1.710399660898002,4.22,-4.37,8.59,11.558165239646325,3.628123797919721,13.163282293031417,12.114225769730396,21.913377192938565,3.770556988032405,18.14282020490616,3.637711922857357,1.857312027178372,3.449607966301433,4.08442847899189,6.640286138413013,0.1951922129594313,6.445093925453582,Severe_Fault,Severe_Fault_009_window_003.csv,3
-0.6441,3.971816736708782,15.77532819,4.023703890695736,7.99,-13.23,21.22,2.6822000000000004,7.481821914480456,55.97765916,7.948072470731503,19.61,-13.33,32.94,6.5637,3.017355350302646,9.10443331,7.224028723641677,13.86,-8.84,22.7,0.3741,3.112808087563382,9.68957419,3.1352073296673697,4.37,-4.37,8.74,0.1614999999999999,1.639506861833765,2.68798275,1.6474419564889076,4.37,-4.37,8.74,0.166,2.3312155627483278,5.434566,2.337118311083117,4.37,-4.37,8.74,11.02748990179531,3.153269171162295,9.943106465802543,11.46946554988505,20.182197600856057,3.770556988032405,16.411640612823653,3.764819954274816,1.957509313360776,3.831842711894176,4.243313799378972,6.697029192111978,0.033166247903554,6.663862944208423,Severe_Fault,Severe_Fault_009_window_004.csv,3
0.9300000000000002,3.252148520593732,10.57647,3.3825094234902,11.28,-5.71,16.99,1.0446,11.128601477274673,123.84577084,11.177520297454173,19.61,-19.61,39.22,5.5589,4.612003229617256,21.270573789999997,7.223014813774093,13.18,-11.61,24.79,0.2116999999999999,3.436239821374521,11.807744109999998,3.442754856216167,4.37,-4.37,8.74,0.0155,1.7969370467548385,3.228982750000001,1.797003895376969,4.37,-4.37,8.74,0.0125999999999999,2.2621417373807504,5.11728524,2.262176827747999,4.37,-4.37,8.74,12.90946717393668,4.679308740086636,21.895930285051183,13.731360930366662,24.331473444902592,3.123539658784565,21.207933786118023,4.062368733549705,1.9225993531356889,3.696388272677769,4.494355126155476,6.86977437766336,0.0509901951359278,6.818784182527432,Severe_Fault,Severe_Fault_010_window_001.csv,3
0.7427999999999999,3.2106251976834668,10.30811416,3.295431079540278,8.8,-6.39,15.19,1.4886999999999997,10.225728791142467,104.56552931000002,10.333525874550274,19.61,-19.61,39.22,5.782299999999999,4.174648693003999,17.427691709999998,7.131807975541685,13.3,-8.98,22.28,0.1483000000000002,3.356774360900655,11.26793411,3.3600486603619304,4.37,-4.37,8.74,-0.0177,1.905645221440759,3.63148371,1.9057274201732,4.37,-4.37,8.74,0.0918,2.325285522253128,5.406952760000001,2.327096903869712,4.37,-4.37,8.74,12.357220600446404,3.975349925717609,15.803407031903,12.980920922646437,22.262567237405484,3.123539658784565,19.13902757862092,4.019024244143174,2.045616807955339,4.184548124989391,4.509667836991989,7.569062029075994,0.2004993765576342,7.368562652518359,Severe_Fault,Severe_Fault_010_window_002.csv,3
1.2522999999999995,3.007173042909237,9.04308971,3.25750594780731,8.8,-6.39,15.19,1.9523,8.703421149754849,75.74953971000001,8.919698145116795,19.61,-11.59,31.2,6.622000000000001,3.7708020367025368,14.218948,7.620356422110452,13.3,-5.46,18.76,0.2689999999999999,3.3450161434588024,11.189133,3.355814953182014,4.37,-4.37,8.74,0.0696,1.815205729387168,3.2949718400000005,1.8165395674193283,4.37,-4.37,8.74,0.1196999999999999,2.341433516032432,5.482310909999999,2.3444912027985945,4.37,-4.37,8.74,11.554829872188186,3.837720498523512,14.728098624787556,12.175475021534067,22.29796627497674,2.156038033059714,20.141928241917025,3.9797140401733615,2.054221302208458,4.219825158447013,4.478610163878969,7.569062029075994,0.2004993765576342,7.368562652518359,Severe_Fault,Severe_Fault_010_window_003.csv,3
1.199,3.939957233270433,15.523263,4.118356953931992,9.76,-8.67,18.43,0.9433,3.1649218173597906,10.01673011,3.302505866762389,7.74,-9.58,17.32,8.7392,2.893159062339988,8.37036936,9.205649678322544,14.71,1.8,12.91,-0.049,2.0003352219065684,4.001341,2.0009352813122163,4.37,-4.37,8.74,-0.1202,2.858003491950281,8.16818396,2.8605300208178206,4.37,-4.37,8.74,0.0026,0.7194645508987917,0.51762924,0.7194692488216574,2.12,-1.62,3.74,10.265268017012051,2.689919615696619,7.235667538909448,10.61185162919271,16.65831023843655,4.690938072496801,11.967372165939748,3.322572402152495,1.290163800629438,1.664522632454596,3.5642685084039334,5.486975487461193,0.4977951385861456,4.989180348875047,Severe_Fault,Severe_Fault_011_window_001.csv,3
1.4412,3.7461725213876624,14.033808559999995,4.01383432642654,9.76,-8.67,18.43,0.8355999999999999,4.01718864879408,16.137804640000002,4.10317340603587,11.38,-8.66,20.04,8.570099999999998,2.586273958806375,6.688812989999999,8.951839308209236,14.71,1.8,12.91,-0.1989,1.988773438579669,3.955219790000001,1.9986948241289864,4.37,-4.37,8.74,-0.0147999999999999,2.726678008126372,7.43477296,2.726718173922637,4.37,-4.37,8.74,-0.0331,0.8477779131352738,0.71872739,0.8484238327628474,3.02,-2.93,5.95,10.328313814089428,2.531453882196846,6.408258757689486,10.63401734999525,16.65831023843655,4.690938072496801,11.967372165939748,3.1681256714336024,1.4534702370545425,2.112575730003388,3.4856270597985666,6.623798004166492,0.4562893818619933,6.167508622304498,Severe_Fault,Severe_Fault_011_window_002.csv,3
0.8038,2.71364949099916,7.363893560000001,2.830192219620427,7.89,-6.77,14.66,0.8893000000000002,4.805154577118201,23.08951051,4.886754035144391,11.38,-8.66,20.04,8.5683,1.8892549086875492,3.5692841100000003,8.77411243374508,14.65,2.82,11.83,-0.0548,2.3205208380878632,5.384816959999999,2.3211678095303663,4.37,-4.37,8.74,0.0944,1.9916858788473648,3.9668126399999992,1.993921763761056,4.37,-4.37,8.74,-0.0053999999999999,0.8737166817681805,0.7633808400000001,0.8737333689404335,3.02,-2.93,5.95,10.2427359119867,1.99041780470784,3.9617630372979766,10.434337640693826,16.256783199637006,5.885643550199077,10.371139649437929,2.809055082058918,1.4953807361200573,2.236163545958964,3.182287542004965,6.623798004166492,0.4562893818619933,6.167508622304498,Severe_Fault,Severe_Fault_011_window_003.csv,3
0.4508,4.910306238922375,24.111107359999995,4.930956093903088,12.52,-11.63,24.15,-1.2917000000000003,4.619358841874054,21.33847611000001,4.796557619793595,19.61,-11.23,30.84,8.4501,2.5934249536086447,6.72585299,8.839120035388138,19.61,2.0,17.61,0.0530999999999999,2.179466767353887,4.750075390000001,2.180113529153929,4.37,-4.37,8.74,-0.0014999999999999,2.720139840155281,7.39916075,2.720140253736928,4.37,-4.37,8.74,-0.0986999999999999,1.3986283673656843,1.95616131,1.4021066293260296,4.25,-3.79,8.04,10.786382574480552,3.017496803137045,9.105286956942289,11.200506059995684,24.72684977913685,3.1128764832546763,21.61397329588217,3.427588492867068,1.539349902902282,2.369598123565265,3.7573875232666647,6.747066029023282,0.2853068523537421,6.46175917666954,Severe_Fault,Severe_Fault_012_window_001.csv,3
1.2808000000000002,4.192881271870216,17.58025336,4.384142105361094,12.52,-9.97,22.49,-1.1697,6.350908510599093,40.33403891,6.457726922067858,19.61,-19.61,39.22,8.2893,2.9064938517051777,8.44770651,8.784087943548835,19.61,-1.29,20.9,0.1124999999999999,2.3216069327084634,5.389858749999999,2.32433108657093,4.37,-4.37,8.74,0.1337,2.3970451205598944,5.745825309999999,2.4007709178511805,4.37,-4.37,8.74,-0.2366999999999999,1.6978798868000056,2.88279611,1.714299565420233,4.25,-4.37,8.620000000000001,11.18525961815393,3.601819994738068,12.973107274494934,11.750878265048955,24.72684977913685,2.9818618344920007,21.744987944644848,3.41848177152955,1.5553203456909424,2.4190213777201923,3.755667583799184,6.891755944605119,0.2853068523537421,6.606449092251378,Severe_Fault,Severe_Fault_012_window_002.csv,3
1.0872,3.440033744020544,11.83383216,3.607746665163728,9.24,-11.25,20.49,0.6918,7.514222165999619,56.46353476,7.546000397561611,19.61,-19.61,39.22,8.314400000000001,2.6869455967696854,7.21967664,8.737787134051734,13.58,-1.29,14.87,0.0525,2.650942615372879,7.02749675,2.6514624266619355,4.37,-4.37,8.74,0.1312,1.7191627497127782,2.9555205600000005,1.7241618253516693,4.37,-4.37,8.74,-0.3147,1.795850469833165,3.22507891,1.823215565971287,4.11,-4.37,8.48,11.51627646156781,3.698953698106958,13.68225846073914,12.095738175076375,21.441849267262374,2.9818618344920007,18.45998743277037,3.237216707703988,1.6874625884333416,2.847529987362153,3.6506303565274862,6.891755944605119,0.4496665431183423,6.442089401486777,Severe_Fault,Severe_Fault_012_window_003.csv,3
1.3678,3.393336287490528,11.514731159999998,3.658634718033491,8.97,-8.6,17.57,0.0117999999999999,7.458787217772068,55.63350675999999,7.458796551723341,19.61,-19.61,39.22,8.527399999999998,2.4614031039226387,6.058505240000001,8.8755313080401,13.86,0.14,13.72,0.1249,2.9887453872820946,8.932598989999999,2.991354041232833,4.37,-4.37,8.74,-0.0516,1.8644059214666744,3.47600944,1.865119835292092,3.84,-4.37,8.21,-0.1675,1.7791370801599298,3.16532875,1.7870044767711133,3.8,-4.37,8.17,11.627104807005177,3.550316015077687,12.604743806917106,12.157068314359346,23.246094295601573,2.040122545338882,21.20597175026269,3.605097614852132,1.6197305909895847,2.6235271873874693,3.9522469558467614,7.019928774567446,0.2071231517720798,6.812805622795366,Severe_Fault,Severe_Fault_013_window_001.csv,3
0.9969,3.435842748147825,11.805015390000005,3.577544548988873,10.56,-7.03,17.59,0.4213,6.005296771184585,36.063589310000005,6.020056727307476,18.33,-12.1,30.43,8.766399999999999,2.073088285626061,4.29769504,9.008188719159918,13.07,0.14,12.93,0.1832,2.7566218021339086,7.598963759999998,2.762702662249414,4.37,-4.37,8.74,-0.0667,2.0805095794059687,4.32852011,2.081578487590608,4.37,-4.37,8.74,-0.0991999999999999,1.634188287805295,2.6705713600000003,1.637196384066371,3.8,-4.37,8.17,11.063949468198189,2.788618684072282,7.776394165157025,11.409968098114913,20.194756745254445,2.040122545338882,18.154634199915563,3.49949864793157,1.5490049106200785,2.399416213125117,3.8269971256848367,6.698462510158581,0.4396589587396122,6.2588035514189695,Severe_Fault,Severe_Fault_013_window_002.csv,3
0.6789000000000001,3.203938793110755,10.26522379,3.275076945660972,10.56,-6.68,17.240000000000002,0.3979000000000001,6.653613799282312,44.27057658999999,6.665500806391069,16.78,-12.62,29.4,8.2725,2.133845999597909,4.553298749999999,8.5432754257369,13.07,1.98,11.09,0.2646,2.923462474532553,8.54663284,2.935412407141457,4.37,-4.37,8.74,0.0542,1.8598925667898127,3.45920036,1.860682132982418,4.37,-4.37,8.74,-0.0571999999999999,1.709517522577643,2.922450160000001,1.7104742032547582,4.37,-4.15,8.52,10.933659951031856,2.932177531324132,8.597665075202082,11.320008171375145,20.280574449457788,4.360802678406809,15.91977177105098,3.5014392230546862,1.6566319347562388,2.7444293672541997,3.873565024625248,6.712540502671101,0.4396589587396122,6.272881543931489,Severe_Fault,Severe_Fault_013_window_003.csv,3
1.339,3.7920038238377343,14.379292999999995,4.0214691345328015,11.63,-9.6,21.23,1.3307,7.2381743906872,52.391168510000014,7.35947898971116,17.88,-15.82,33.7,7.488800000000001,2.597287538952898,6.745902560000001,7.926413312463588,12.17,-0.26,12.43,0.6354,3.1658393578954698,10.02253884,3.2289738308013587,4.37,-4.37,8.74,0.1201,2.02554066609387,4.102814990000001,2.029098075500541,4.37,-4.37,8.74,0.0593,1.898535359165059,3.60443651,1.8994612394044792,4.37,-4.37,8.74,10.997729918074729,3.494582900588289,12.21210964908406,11.539591543897902,19.41206068401807,1.0798611021793498,18.33219958183872,3.916900999861282,1.6761117377089436,2.8093505572856943,4.260453496988319,7.39991216164084,0.7024243731534379,6.697487788487402,Severe_Fault,Severe_Fault_014_window_001.csv,3
0.111,3.2560929040799804,10.602141,3.257984346187072,8.62,-9.6,18.22,2.487,7.583972903432607,57.51664500000001,7.981341616545429,19.24,-15.82,35.06,7.340800000000001,2.4001665275559527,5.76079936,7.723221089674955,12.16,-0.5,12.66,0.5035000000000001,3.1314295058327595,9.80585075,3.171649886100293,4.37,-4.37,8.74,0.2032999999999999,1.673101942500815,2.79927011,1.6854082591467268,4.37,-4.37,8.74,-0.0521999999999999,2.293440899609144,5.259871159999999,2.294034873318189,4.37,-4.37,8.74,11.130409455124912,3.1746504313492525,10.078405361265997,11.574299978832414,20.37878308437479,1.6488480827535323,18.729935001621257,3.844915362888737,1.8382561987443908,3.3791858522221774,4.2617555068304895,7.39991216164084,0.6621933252457322,6.737718836395108,Severe_Fault,Severe_Fault_014_window_002.csv,3
1.3392000000000002,3.6512909169223975,13.331925360000003,3.889136407995996,11.81,-8.06,19.87,2.3642,6.683678804371137,44.67156236,7.0894995592072645,19.24,-13.09,32.33,7.505799999999999,2.335428945611491,5.454228360000001,7.860741822499961,13.87,-0.5,14.37,0.3505,3.1157998571795336,9.70820875,3.1354519610416616,4.37,-4.37,8.74,0.0542,1.5641107249808115,2.44644236,1.5650495199833134,4.2,-4.28,8.48,-0.1654,1.9270331704462171,3.71345684,1.9341184038212345,3.88,-4.37,8.25,10.90435222057254,2.8762389764577483,8.272750649694714,11.277306770678893,20.37878308437479,3.7862118271433256,16.592571257231462,3.655039763359732,1.6315444610120928,2.66193732825924,4.002655743378389,6.530382837169656,0.6621933252457322,5.868189511923924,Severe_Fault,Severe_Fault_014_window_003.csv,3
2.1189,3.7907690235623694,14.36992979,4.342771810721811,11.81,-8.84,20.65,1.556,7.958573490268214,63.33889199999999,8.109255699507816,19.61,-19.61,39.22,7.4884,3.595394198137389,12.926859439999998,8.306804078585216,19.61,-5.44,25.05,0.4422,3.260635085378307,10.631741159999995,3.290483551090934,4.37,-4.37,8.74,-0.1370999999999999,1.7925497454743062,3.2132345900000003,1.797785026080705,4.2,-4.28,8.48,0.0893999999999999,1.831311453576371,3.3537016400000006,1.8334922961387103,4.04,-4.37,8.41,11.576748924521308,4.427366411151745,19.601573338594683,12.394462029471065,27.751479239853143,2.401874268149772,25.34960497170337,3.8960478655709054,1.4972701924436966,2.2418180291803846,4.173847984773763,7.079442068411889,0.7048404074682438,6.374601660943645,Severe_Fault,Severe_Fault_014_window_004.csv,3
1.5419999999999996,3.2932691964065133,10.845622,3.636397393025135,9.97,-8.84,18.81,2.1305000000000005,9.382783635467677,88.03662875,9.621624550978906,19.61,-19.61,39.22,6.9534,3.680867348873088,13.548784439999997,7.867563536445067,19.61,-5.44,25.05,0.3669,3.4956460618889893,12.21954139,3.5148480763754217,4.37,-4.37,8.74,-0.2027,1.6422775983371387,2.6970757100000005,1.6547395565465886,4.37,-4.04,8.41,-0.0312,2.0980864043218053,4.401966560000001,2.0983183743178726,4.06,-4.37,8.43,12.002664000643602,4.861446069602556,23.633657887654135,12.94981084803944,27.751479239853143,1.871950854055736,25.879528385797407,4.089031305663504,1.6658580315572582,2.775082981303823,4.41534370123097,7.356215059390257,0.3848376280978771,6.97137743129238,Severe_Fault,Severe_Fault_014_window_005.csv,3
0.8122,3.571873900349787,12.758283159999998,3.663052279179209,11.79,-9.21,21.0,1.9786,7.80652150704781,60.94177804000001,8.053361782510457,19.61,-13.7,33.31,6.8233,2.6267333534258857,6.89972811,7.311439735100056,15.4,-1.32,16.72,-0.0239,3.2429193314049614,10.51652579,3.2430074005465976,4.37,-4.37,8.74,0.0858,1.8931007263217663,3.58383036,1.895044062812261,4.37,-3.5,7.87,-0.3984000000000001,1.9328185222622427,3.73578744,1.9734512915195044,4.06,-4.37,8.43,10.89528258202784,3.608955036816165,13.024556457760768,11.477444794029724,21.73657516721528,1.871950854055736,19.864624313159545,3.859350093431752,1.7630132887554566,3.108215856328331,4.242970539610191,7.356215059390257,0.3848376280978771,6.97137743129238,Severe_Fault,Severe_Fault_014_window_006.csv,3
0.6223,2.9315302676247432,8.59386971,2.996852849240349,11.79,-9.21,21.0,1.2969000000000002,7.672925086953476,58.87377939,7.781756164260096,16.05,-12.55,28.6,6.938899999999999,2.714779878737869,7.37002979,7.451064554813628,15.4,-2.4,17.8,0.0807,3.272467648426795,10.709044509999998,3.2734625398803634,4.37,-4.37,8.74,0.1517999999999999,1.6732694821815164,2.7998307600000003,1.6801410655061078,4.37,-3.5,7.87,-0.3387,2.082294241936043,4.33594931,2.1096603992112097,3.58,-4.37,7.95,10.75722667604667,3.055698486459346,9.337293240149938,11.182809083588973,20.004352026496637,3.372402704304455,16.631949322192177,3.8679557991805016,1.7401195176153634,3.028015935585925,4.241355679496828,6.74817753174885,0.3280243893371345,6.420153142411716,Severe_Fault,Severe_Fault_014_window_007.csv,3
1.1114000000000002,1.2578481784380815,1.58218204,1.6785088620558426,7.3,-1.67,8.969999999999999,0.9862,7.891864517336825,62.28152556,7.953245626786589,16.05,-19.59,35.64,7.515499999999999,2.6530259610490057,7.03854675,7.970024278507563,14.14,-2.4,16.54,0.3369,3.453488003453899,11.92657939,3.4698819864658224,4.37,-4.37,8.74,0.1445999999999999,1.102385068839378,1.2152528400000002,1.1118282241425606,2.61,-3.16,5.77,-0.0670999999999999,2.1633711170300853,4.68017459,2.1644114673508823,3.58,-4.37,7.95,10.972077613278511,3.034189817429434,9.20630784819246,11.383883124839256,22.64028710065312,2.862743439430086,19.77754366122303,3.843254416901627,1.7861454271604371,3.1903154869661403,4.2380325624044,6.486501368226173,0.3280243893371345,6.158476978889039,Severe_Fault,Severe_Fault_014_window_008.csv,3
1.2060000000000002,2.7623714449725982,7.630695999999999,3.014155271382017,9.08,-13.56,22.64,0.4166,7.477195894183861,55.90845844,7.488792559551907,16.25,-19.59,35.84,8.0832,2.7759080964614085,7.70566576,8.546565860039927,14.43,-1.95,16.38,0.1954999999999999,3.136372227590341,9.836830749999995,3.142459387167955,4.37,-4.37,8.74,0.0784,1.3848687446830474,1.91786144,1.3870861544979822,3.28,-4.37,7.65,-0.0094,2.059012297194944,4.239531639999999,2.059033753972965,4.37,-4.37,8.74,11.29611469875401,3.257104037729461,10.608726712593558,11.75631464362876,22.64028710065312,2.6946428334753385,19.94564426717778,3.553038338357347,1.8478629727777072,3.4145975661628656,4.004831956524519,6.652954231016475,0.3367491648096547,6.31620506620682,Severe_Fault,Severe_Fault_014_window_009.csv,3
1.3895000000000002,3.285661691349248,10.795572750000003,3.567391624142211,9.08,-13.56,22.64,-0.6570999999999998,7.809078344465498,60.98170459000001,7.8366756344766495,16.25,-17.54,33.79,7.749199999999999,3.202435535650952,10.25559336,8.38484907437218,15.72,-2.47,18.19,0.3957,3.030108663068042,9.181558509999997,3.0558365466758857,4.37,-4.37,8.74,-0.0161,1.5934295685721411,2.5390177899999995,1.5935109036338595,3.73,-4.37,8.1,0.0398,1.891785918120758,3.57885396,1.892204534398964,4.37,-4.37,8.74,11.492724864809688,3.516068426777996,12.36273718178509,12.018546584342053,21.11500651195732,2.6946428334753385,18.42036367848198,3.4664239089807234,1.8551973704290348,3.441757283246805,3.9316474918283295,6.7322136032660165,0.3867815921162743,6.345432011149742,Severe_Fault,Severe_Fault_014_window_010.csv,3
1.5394,3.9664056323074166,15.732373639999995,4.254659328312902,10.37,-8.37,18.74,1.3245000000000002,7.750373200691693,60.06828475,7.862733939286005,16.16,-19.61,35.77,6.6764,2.765405402468144,7.647467039999999,7.22646414230362,13.77,-3.77,17.54,0.3094,3.430476299291397,11.76816764,3.4444006735570123,4.37,-4.37,8.74,0.1427999999999999,1.735079295017954,3.0105001600000003,1.740945720003929,4.1,-4.37,8.469999999999999,-0.2486,1.929539333623443,3.7231220400000007,1.9454881135591653,4.21,-4.37,8.58,10.902521231229455,3.644382773885174,13.281525802590997,11.495498901744108,20.74876622838091,2.240290159778416,18.50847606860249,3.9570338673301855,1.7382735609799482,3.0215949728019096,4.322003239239878,7.569062029075994,0.6022457969965419,6.966816232079452,Severe_Fault,Severe_Fault_015_window_001.csv,3
2.6967000000000003,3.917750133686425,15.34876611,4.756149387897735,19.61,-4.81,24.42,2.818199999999999,8.280484935074757,68.56643075999999,8.746924145092375,19.61,-19.61,39.22,6.376099999999997,3.1461121706004063,9.89802179,7.110040295244464,15.67,-3.77,19.44,0.4642,3.3684914071435594,11.346734359999996,3.400325866736893,4.37,-4.37,8.74,-0.0376,1.5489545635686026,2.3992602400000003,1.5494108557771242,4.1,-4.37,8.469999999999999,-0.0693,1.994883583069448,3.97956051,1.9960869219550537,4.37,-4.37,8.74,11.511356434644473,4.143788729480462,17.170985034569295,12.23447228122243,25.370128103736487,3.3035435520059364,22.06658455173055,3.860166332988215,1.74538502390284,3.0463688816643177,4.236419832830547,7.569062029075994,0.3534119409414458,7.215650088134548,Severe_Fault,Severe_Fault_015_window_002.csv,3
2.4311000000000003,3.3655911501547537,11.32720379,4.151800934534314,19.61,-7.45,27.06,0.7143999999999999,7.849419764543109,61.61339064,7.881862597127661,19.61,-17.2,36.81,7.099899999999998,3.0595396696235206,9.36078299,7.731064803764097,15.67,-3.42,19.09,0.1503999999999999,3.245768297337319,10.53501184,3.249250990613067,4.37,-4.37,8.74,0.111,1.476068765335816,2.178779,1.480236467595634,3.96,-4.37,8.33,0.0975,1.7037936348044034,2.9029127500000005,1.70658108509382,4.37,-4.37,8.74,11.148017448107794,3.853865459079258,14.85227897668418,11.795362308975507,25.370128103736487,3.3035435520059364,22.06658455173055,3.5768625329539185,1.693282439627389,2.8672054203504818,3.957417213284442,7.569062029075994,0.3534119409414458,7.215650088134548,Severe_Fault,Severe_Fault_015_window_003.csv,3
1.0898,2.940605713114221,8.647161959999998,3.136052614354549,8.42,-7.45,15.87,-1.746,7.949788676436625,63.19913999999999,8.139266306000804,18.33,-18.67,37.0,7.383800000000001,2.8592452780410427,8.17528356,7.918067062105498,14.4,0.84,13.56,-0.1172999999999999,3.2943763764937364,10.85291571,3.296464014667838,4.37,-4.37,8.74,0.3869,1.3397773658335923,1.79500339,1.3945232160132723,3.96,-2.64,6.6,0.1098999999999999,2.2112048729143123,4.88942699,2.213934280867434,4.37,-4.37,8.74,11.32036870218018,3.2599877985507093,10.6275204466995,11.780418838054953,21.10220130697269,2.641457930764751,18.46074337620794,3.7779762765693223,1.85466176260778,3.4397702536793964,4.208666653466392,6.677926324840669,0.5135172830587107,6.164409041781958,Severe_Fault,Severe_Fault_015_window_004.csv,3
0.1382,2.494420726341088,6.222134759999999,2.4982461848264674,6.57,-6.28,12.85,-1.1353000000000002,9.984892533723134,99.69807891,10.04922807980792,18.83,-19.61,38.44,6.733099999999999,3.8549894150308632,14.860943389999996,7.758580991392691,14.05,-6.77,20.82,0.2823,3.510917787416846,12.326543710000005,3.522248855489913,4.37,-4.37,8.74,-0.1169999999999999,1.4103152129931804,1.988989,1.4151600616184727,2.82,-4.04,6.859999999999999,0.1381999999999999,2.996811765860512,8.98088076,2.999996666664815,4.37,-4.37,8.74,12.311582899482069,3.9810456552494777,15.848724509180744,12.93923483054543,21.952498718824696,2.641457930764751,19.311040788059945,4.361690624690572,2.0939316833379205,4.384549894486376,4.838273969092697,7.383454476056584,0.4346262762420146,6.948828199814569,Severe_Fault,Severe_Fault_015_window_005.csv,3
0.8895000000000001,2.64189832317597,6.979626750000001,2.787622104948948,7.26,-5.28,12.54,-0.2986999999999999,9.967188134574366,99.34483931000004,9.971662900439425,18.83,-19.61,38.44,6.695499999999998,4.123504668361611,17.00329075,7.863396912276526,14.05,-6.77,20.82,0.3794,3.529053646517718,12.454219640000002,3.549389243236081,4.37,-4.37,8.74,-0.1739999999999999,1.5867904713603491,2.517904,1.596301976444307,2.82,-4.04,6.859999999999999,0.0758,2.6657798783845603,7.106382360000001,2.6668573265174875,4.37,-4.37,8.74,12.247321520388184,4.363602247711913,19.041024576236463,13.00145795670624,21.952498718824696,1.8420912029538603,20.11040751587084,4.2967063348954175,1.948534493323018,3.79678667166959,4.717888510764111,7.383454476056584,0.4183300132670378,6.9651244627895466,Severe_Fault,Severe_Fault_015_window_006.csv,3
2.5253,2.4604822515108697,6.05397291,3.525778353782325,8.87,-5.28,14.15,1.0113,8.671200107828213,75.18971131,8.72997359675274,19.61,-19.61,39.22,6.767600000000001,3.641090803591693,13.257542239999998,7.684917175871189,12.88,-5.43,18.31,0.2932,3.531482657468389,12.47136976,3.54363316385881,4.37,-4.37,8.74,-0.1226999999999999,1.3285600136990423,1.76507171,1.3342140008259544,3.01,-3.66,6.67,-0.1365999999999999,1.867241398427102,3.48659044,1.8722312891306996,3.79,-4.37,8.16,11.460349401692312,4.044984003816415,16.36189559113068,12.15325075854193,21.621972620461808,1.8420912029538603,19.779881417507948,3.942429688735008,1.5165622800863745,2.299961149380783,4.224063564862632,6.404389119970772,0.4183300132670378,5.986059106703735,Severe_Fault,Severe_Fault_015_window_007.csv,3
2.2270000000000003,2.8719368029258585,8.248021000000001,3.634219310938733,8.87,-7.92,16.79,1.6065999999999996,8.193372348428943,67.13135044000002,8.34940201451577,19.61,-16.73,36.34,6.912099999999999,3.3006418451567874,10.894236590000002,7.659723428427426,13.89,-5.43,19.32,0.1616999999999999,3.436194713633091,11.80743411,3.4399972383709843,4.37,-4.37,8.74,0.279,1.5210374748835085,2.313555,1.546413916129831,4.37,-4.37,8.74,0.0266,1.9312173466495168,3.72960044,1.9314005281142492,4.37,-4.37,8.74,11.28264364773894,3.780658582593272,14.293379318136168,11.899219596259243,20.520394733045464,3.0551759360141606,17.465218797031305,3.9288470929744936,1.5872761322548343,2.519445520025866,4.237367697049668,7.187676954343455,0.4674398357008097,6.720237118642645,Severe_Fault,Severe_Fault_015_window_008.csv,3
-1.7192999999999998,3.8883542161176634,15.11929851,4.251504557212658,5.94,-11.33,17.27,0.9721,8.413104337282405,70.78032459,8.46907922976282,19.61,-19.61,39.22,6.510999999999999,2.8681455681328307,8.226258999999999,7.114729791074289,13.89,-1.54,15.43,0.0371999999999999,3.1320712252437684,9.80987016,3.1322921319698134,4.37,-4.37,8.74,0.4236,1.6376877113784545,2.6820210399999995,1.6915844643410511,4.37,-4.37,8.74,0.0678999999999999,2.6863988143981903,7.216738590000002,2.687256779691885,4.37,-4.37,8.74,11.263667018440604,3.681002485423411,13.54977929769333,11.8498934172422,20.502002341234867,3.0551759360141606,17.446826405220705,4.001179279914096,1.970945298577847,3.884625369986119,4.460275888327986,7.187676954343455,0.4674398357008097,6.720237118642645,Severe_Fault,Severe_Fault_015_window_009.csv,3
-3.2911,3.1491099996665723,9.91689379,4.555022831995466,5.82,-11.33,17.15,0.7493,8.37194484633051,70.08946051000001,8.405409627138942,19.61,-19.61,39.22,5.715600000000002,2.985461880513633,8.912982640000001,6.448338235545651,14.71,-1.19,15.9,0.3672999999999999,3.0142610553832263,9.08576971,3.0365570964498594,4.37,-4.37,8.74,-0.0254,1.612803410214649,2.6011348400000003,1.613003409791808,4.37,-3.95,8.32,0.1991,3.002273503530283,9.01364619,3.0088680595865283,4.37,-4.37,8.74,10.91833868116162,3.7108072495684703,13.770090443449917,11.531704557436424,25.09956772536133,3.6195303562755208,21.480037369085807,4.088690458927661,2.039204828131278,4.158356331073914,4.56899835850266,7.18257613951986,0.5617828762075256,6.620793263312335,Severe_Fault,Severe_Fault_015_window_010.csv,3
-1.9573,2.538578285182476,6.44437971,3.2055269457610245,5.82,-9.55,15.37,0.1509,8.135629305099883,66.18846419,8.137028634581545,19.61,-19.61,39.22,6.733199999999998,3.4924604163826967,12.19727976,7.585068358294472,14.71,-4.55,19.26,0.5202,3.110122177664408,9.67285996,3.153326497526065,4.37,-4.37,8.74,-0.0597,1.4030291907155743,1.96849091,1.4042987573874726,3.04,-3.95,6.99,0.1904,2.509900762978489,6.299601840000001,2.5171122342875374,4.37,-4.37,8.74,10.928087245058627,3.820577072169454,14.59680916438692,11.576696419963683,25.09956772536133,2.1899315057782056,22.909636219583124,3.761198798549026,2.0260208779263262,4.104760597793361,4.272163035278499,7.18257613951986,0.1496662954709576,7.032909844048902,Severe_Fault,Severe_Fault_015_window_011.csv,3
0.5103,1.9423606539466352,3.77276491,2.0082756284932604,5.72,-4.9,10.62,1.4698999999999998,9.084449845202515,82.52722899,9.202599361050115,19.61,-19.61,39.22,6.4116,3.850817762501882,14.82879744,7.479131767792301,15.65,-10.48,26.130000000000003,0.1969999999999999,3.269571072786154,10.690095,3.27550057243164,4.37,-4.37,8.74,-0.0609,1.2431549340287396,1.54543419,1.2446457327287954,2.9,-4.36,7.26,-0.1201,2.3927154009618445,5.725086989999999,2.3957276556403486,4.37,-4.37,8.74,11.341877277261364,4.002528929007555,16.020237827542363,12.027402795283775,22.31493222037656,1.1806354221350466,21.134296798241515,3.7677412957932246,1.954912665050384,3.821683527974395,4.244709412904493,7.563292933636776,0.3612478373637688,7.202045096273007,Severe_Fault,Severe_Fault_016_window_001.csv,3
1.8127000000000004,3.1248487499397477,9.76467971,3.612556020326882,12.41,-10.0,22.41,0.7752000000000001,8.539757195611594,72.92745296,8.574869561690136,19.61,-19.61,39.22,6.8253999999999975,4.036763163724125,16.29545684,7.929788269556761,16.16,-10.48,26.64,-0.0333999999999999,3.2827428227017723,10.77640044,3.2829127310971886,4.37,-4.37,8.74,-0.149,1.4080060369188765,1.982481,1.4158679316941958,2.9,-3.68,6.58,0.0008999999999999,2.318051809170796,5.373364189999998,2.31805198388647,4.37,-4.37,8.74,11.437582748589172,4.317660462469857,18.642191869175424,12.225403510723073,22.31493222037656,1.1806354221350466,21.134296798241515,3.744135989336198,2.033963788605259,4.1370086933574575,4.260934521909483,7.19278805471147,0.1536229149573721,7.039165139754098,Severe_Fault,Severe_Fault_016_window_002.csv,3
3.2044999999999995,3.257198604629444,10.609342749999998,4.569262850832725,12.41,-10.0,22.41,0.8889999999999999,7.930170931322982,62.88761100000001,7.979845361910216,19.61,-13.4,33.01,6.806200000000001,2.92242391859908,8.54056156,7.4070857967219474,16.16,-1.03,17.19,0.2553,3.395455626274624,11.529118909999998,3.4050399410285928,4.37,-4.37,8.74,0.1791,1.663770473953664,2.76813219,1.6733825025976576,4.37,-3.39,7.76,0.0864999999999999,1.6645121657711006,2.77060075,1.666758230818135,4.37,-4.36,8.73,11.098731012906946,4.029787203207827,16.239184903137563,11.80766763590507,20.881405604029627,1.6163539216396885,19.265051682389934,3.710604413952757,1.84499427726872,3.4040038831543256,4.143982263475557,7.213334873690532,0.1536229149573721,7.05971195873316,Severe_Fault,Severe_Fault_016_window_003.csv,3
1.1644999999999996,3.666727798732816,13.44489275,3.8472006706175335,9.38,-8.94,18.32,0.6361,9.4442498796887,89.19385579000001,9.46564731014208,19.61,-19.61,39.22,6.513299999999999,3.447509551835934,11.885322110000002,7.369423247446166,12.63,-6.16,18.79,0.2097,3.3937187435024727,11.51732691,3.400191318146672,4.37,-4.37,8.74,0.2909,1.7706603824562177,3.1352381899999995,1.7943971132388723,4.37,-4.37,8.74,-0.1193,2.1956248563905447,4.820768510000001,2.198863570119802,4.37,-4.37,8.74,11.820738178140347,4.356372335310102,18.977979923855187,12.59792963149104,23.158348386704954,2.339786315029644,20.81856207167531,4.041190232944397,1.812441585584156,3.284944501154809,4.429013772839276,7.213334873690532,0.6533758489567854,6.559959024733747,Severe_Fault,Severe_Fault_016_window_004.csv,3
-1.4463,2.980969525171299,8.88617931,3.313300922041341,3.86,-8.94,12.8,-0.3113999999999999,8.443066506903756,71.28537204,8.448807134738015,19.61,-19.61,39.22,7.413399999999999,3.117340603783937,9.717812440000005,8.042158416743604,12.63,-6.16,18.79,0.0408,2.677946108494344,7.171395360000002,2.6782568958186217,4.37,-4.37,8.74,-0.0871,1.5045692373566597,2.26372859,1.50708825222679,3.37,-4.37,7.74,0.0368999999999999,2.319996420255859,5.382383390000001,2.3202898525830777,4.37,-4.37,8.74,11.530478761411914,3.7529557061906273,14.084676532628787,12.12586561858575,23.158348386704954,3.3999117635609317,19.75843662314402,3.3090198978803635,1.969392626022508,3.8785073154318286,3.850729800959813,7.087644178427696,0.6533758489567854,6.43426832947091,Severe_Fault,Severe_Fault_016_window_005.csv,3
-1.2352,3.069820020782977,9.42379496,3.309004986396968,5.1,-8.11,13.21,0.1017999999999998,7.365370918018997,54.24868876000001,7.366074395497237,19.61,-13.91,33.52,7.633699999999999,2.5089661835106507,6.29491131,8.0354394403791,12.39,-1.69,14.08,0.5646000000000001,2.422366371959453,5.867858840000002,2.487294112082445,4.37,-4.37,8.74,-0.1386,1.5838383882202125,2.50854404,1.5898911912454892,3.82,-4.28,8.1,0.2872999999999999,2.1701068429918378,4.70936371,2.189042027919976,4.37,-4.37,8.74,10.944488801011806,3.161489820405433,9.995017884527178,11.391964404789896,20.60000485436836,3.69,16.91000485436836,3.1769376176023547,1.847527638186523,3.413358373863072,3.67509061112784,7.094765676186917,0.4704253394535631,6.624340336733354,Severe_Fault,Severe_Fault_016_window_006.csv,3
0.4711,2.920920366939161,8.531775790000001,2.958667098542856,9.39,-8.11,17.5,2.4861,9.372317311636436,87.84033179,9.696443935794196,19.61,-15.79,35.4,6.458599999999999,3.322804243406463,11.04102804,7.263232200611516,12.47,-4.1,16.57,0.35,3.214094584793671,10.330404,3.233095111499196,4.37,-4.37,8.74,-0.1110999999999999,1.5281772770199142,2.33532579,1.5322104946775428,3.82,-4.28,8.1,0.2316,2.8053868610229142,7.870195439999999,2.814930549764949,4.37,-4.37,8.74,11.66019502489217,4.423700937165602,19.569129981479826,12.471137798933986,22.012809906960992,1.900894526269146,20.111915380691848,4.141086041486146,1.8909821249838936,3.575813397008602,4.552406726117516,7.094765676186917,0.4704253394535631,6.624340336733354,Severe_Fault,Severe_Fault_016_window_007.csv,3
1.1512,2.6745239875536733,7.153078560000001,2.911758918591991,9.39,-6.79,16.18,2.6002,9.94694847478361,98.94178396,10.28118786911318,19.61,-15.79,35.4,5.960999999999999,3.9217680961525514,15.380265,7.135389688026857,12.47,-6.98,19.450000000000003,0.2159,3.387438588373227,11.474740190000002,3.3943118595674147,4.37,-4.37,8.74,0.2584,1.347606559794067,1.81604344,1.372156696591173,3.25,-3.27,6.52,0.3028,2.914544588782268,8.49457016,2.9302317314506032,4.37,-4.37,8.74,12.029020825947054,4.516371106201532,20.397607968932054,12.84892797084644,22.012809906960992,1.900894526269146,20.111915380691848,4.233376104658751,2.017164285948049,4.068951756504303,4.689394950310755,6.982571159680365,0.2720294101747089,6.710541749505656,Severe_Fault,Severe_Fault_016_window_008.csv,3
-1.6315,3.824924672460884,14.630048749999998,4.158345945204656,6.28,-9.69,15.97,0.9480999999999996,8.64564985353906,74.74726138999999,8.697479807392483,19.61,-15.16,34.77,6.325700000000001,3.3349804362244764,11.12209451,7.150984197996804,12.36,-6.98,19.34,0.2993,2.948854101172182,8.695740509999998,2.964004217270954,4.37,-4.37,8.74,0.1076999999999999,1.5443625578211877,2.3850557100000005,1.548113367941767,4.13,-4.37,8.5,0.2892,2.920601198383648,8.529911360000002,2.93488466553628,4.37,-4.37,8.74,11.478267106939184,3.510549133933039,12.32395522175801,12.003106722844716,21.746700899216872,3.227305377555709,18.519395521661163,3.9019571328740175,2.1378153646219253,4.570254533213575,4.4492161107323165,7.077873974577394,0.2565151067676132,6.821358867809781,Severe_Fault,Severe_Fault_016_window_009.csv,3
-0.9339,4.025883727829208,16.207739789999998,4.132784654443054,7.44,-9.69,17.13,0.2478,7.482495115935593,55.98773316,7.486597224373701,15.39,-12.96,28.35,7.4282,2.519392934815845,6.34734076,7.843818967824283,13.84,-0.83,14.67,-0.0438,2.966350545704267,8.799235560000001,2.9666738951222804,4.37,-4.37,8.74,-0.1706999999999999,1.4240472288516275,2.02791051,1.4342416114448775,4.13,-4.37,8.5,-0.1137999999999999,2.403519411196839,5.776905559999999,2.406211960738289,4.37,-4.37,8.74,11.246317140731994,2.859177114149761,8.174893770077755,11.604074413756576,18.18281056382649,3.7239092362730863,14.4589013275534,3.586384567800846,1.9457401501330904,3.78590473183994,4.080203303758282,7.077873974577394,0.2565151067676132,6.821358867809781,Severe_Fault,Severe_Fault_016_window_010.csv,3
-0.5354999999999999,3.5976598991566733,12.943156750000004,3.6372952863357138,10.41,-11.89,22.3,0.6914,8.548707156055821,73.08039404000002,8.57662101296309,19.61,-19.17,38.78,7.146999999999999,2.716261585341147,7.378077000000001,7.64576261729332,13.79,-0.77,14.56,-0.0440999999999999,3.2379966321786067,10.48462219,3.2382969289427432,4.37,-4.37,8.74,-0.1937,1.9282181697100564,3.71802531,1.9379228570817777,4.37,-4.37,8.74,-0.0256999999999999,2.4782902392577024,6.141922510000001,2.478423490850585,4.37,-4.37,8.74,11.37553240305218,3.980363494344448,15.843293547109942,12.051806130203056,23.1431393721768,4.185319581585139,18.957819790591657,4.073581078266201,1.946954595975872,3.7906321987915703,4.5149413063737605,7.569062029075994,0.4767598976424086,7.092302131433585,Severe_Fault,Severe_Fault_017_window_001.csv,3
0.8345,2.411632382847768,5.815970750000003,2.551932796920797,10.41,-9.77,20.18,0.3166,8.805841381719295,77.54284244,8.811530967998694,19.61,-18.97,38.58,7.0678,2.984717936422134,8.90854116,7.672179481737898,13.25,-5.93,19.18,0.2508000000000001,3.338299171734013,11.144241359999995,3.347706976424311,4.37,-4.37,8.74,-0.0565999999999999,1.587960465502841,2.52161844,1.5889688480269208,4.31,-4.37,8.68,-0.0044,2.4141886090361706,5.828306639999999,2.414192618661568,4.37,-4.37,8.74,11.358709454260833,3.741322832058944,13.997496533685556,11.959004013712848,23.1431393721768,4.389715252724258,18.75342411945254,3.959884539541245,1.9696711485682628,3.879604433502219,4.42270166301097,7.569062029075994,0.3880721582386451,7.180989870837348,Severe_Fault,Severe_Fault_017_window_002.csv,3
0.6033000000000001,2.700714370310196,7.293858109999999,2.7672782657333177,14.08,-7.57,21.65,1.154,8.299728067834513,68.88548600000001,8.379570514053809,18.67,-15.65,34.32,6.9698,2.873318631826272,8.25595996,7.538837576178438,13.25,-5.93,19.18,0.6278,3.305881601025663,10.92885316,3.3649644871825912,4.37,-4.37,8.74,0.2588999999999999,1.4451974916944743,2.08859579,1.4682046860026023,4.31,-3.12,7.43,0.2949,2.3764420863972258,5.64747699,2.394669705825837,4.37,-4.37,8.74,11.13998355062288,3.257279461736693,10.60986949185168,11.606425074069966,20.196363534062264,4.289254014394578,15.907109519667689,3.97118327226938,1.855466900283553,3.442757418047859,4.383269784076723,7.534580280281046,0.3880721582386451,7.146508122042401,Severe_Fault,Severe_Fault_017_window_003.csv,3
0.3789,2.6696815896282464,7.12719979,2.6964356102084097,14.08,-7.57,21.65,2.2833,8.434502600035167,71.14083411,8.738094357467194,18.44,-15.66,34.1,6.7342,2.525505961188767,6.378180359999999,7.19219229442595,11.26,-1.47,12.73,0.5751999999999999,3.2085094607932825,10.29453296,3.2596607185411184,4.37,-4.37,8.74,-0.0375,1.2270626512122351,1.50568275,1.2276355322325925,3.19,-3.12,6.3100000000000005,0.3726,2.6147139881830284,6.836729239999999,2.641128546663339,4.37,-4.37,8.74,11.21504146198119,3.0944358138508523,9.575533006042788,11.634117413882327,19.721838149624897,4.289254014394578,15.43258413523032,3.9486274461614976,1.875200866952692,3.516378291420127,4.371274070565698,6.74817753174885,0.3228002478313794,6.425377283917471,Severe_Fault,Severe_Fault_017_window_004.csv,3
1.0098,2.378129088169942,5.655497959999999,2.5836396807604576,8.76,-3.44,12.2,2.3975000000000004,9.266788696738477,85.87337275,9.571905714119838,19.61,-19.61,39.22,6.5543000000000005,3.463845335750429,11.99822451,7.413303784413533,19.61,-11.32,30.93,0.473,3.2768675591180068,10.737861000000004,3.3108292012726963,4.37,-4.37,8.74,-0.1086999999999999,1.0590379171682194,1.12156131,1.0646018034927425,2.54,-3.46,6.0,0.1555,2.8548615990972315,8.150234750000001,2.859093387771725,4.37,-4.37,8.74,11.816562267499917,3.6908674018849807,13.62250217829719,12.379565662817091,21.15403271246407,4.628887555341996,16.525145157122072,4.044142023679659,1.978458311996536,3.914297292308184,4.502153040490739,7.0827537017744735,0.3228002478313794,6.759953453943094,Severe_Fault,Severe_Fault_017_window_005.csv,3
0.1316,3.100583403167862,9.61361744,3.103374937064485,8.76,-13.35,22.11,1.8289,8.9623486759889,80.32369379,9.147052476071185,19.61,-19.61,39.22,6.792999999999999,3.4583355823285857,11.960085,7.622659247270601,19.61,-11.32,30.93,0.0500999999999999,3.3412921138385965,11.164232989999997,3.3416676974229502,4.37,-4.37,8.74,0.0672,1.4749909016668543,2.1755981600000003,1.4765209107899555,4.37,-4.2,8.57,-0.2262,2.760626298505468,7.62105756,2.769877975651635,4.37,-4.37,8.74,11.69982383426317,3.81032298463102,14.518561247207442,12.30465111248588,21.15403271246407,4.808544478321896,16.345488234142174,4.1103452365996285,2.0307986202385373,4.124143035962747,4.584657130037098,7.569062029075994,0.1435270009440732,7.425535028131921,Severe_Fault,Severe_Fault_017_window_006.csv,3
0.2809,2.996555721157209,8.97934619,3.0096928414707045,6.4,-13.35,19.75,1.1511000000000002,9.334732764787647,87.13723579000002,9.405438160979,19.09,-19.61,38.7,6.828399999999999,3.393937453754857,11.51881144,7.625343139820004,16.94,-5.2,22.14,0.0960999999999999,3.2894537221246933,10.82050579,3.29085718316672,4.37,-4.37,8.74,0.125,1.5639165578764105,2.445835,1.568904076098982,4.37,-4.33,8.7,-0.3035,2.6415110732306237,6.97758075,2.6588894298183967,4.37,-4.37,8.74,11.887303329476522,3.7892473597030345,14.358395553016418,12.47663319970576,23.909843161342568,4.5024993059410905,19.40734385540148,3.990287597432856,2.1067745227654338,4.438498889773522,4.512304732617246,7.569062029075994,0.1435270009440732,7.425535028131921,Severe_Fault,Severe_Fault_017_window_007.csv,3
0.8613000000000001,2.933783787193596,8.607087309999999,3.057601183934884,7.25,-9.52,16.77,0.7267,9.688855149603588,93.87391411,9.716069524246931,19.61,-19.61,39.22,6.918599999999999,3.823126474497019,14.616296040000003,7.904639270706791,16.94,-5.55,22.49,0.5787,3.1872996893922605,10.15887931,3.2394093597444584,4.37,-4.37,8.74,-0.0055,1.4520994284139084,2.10859275,1.4521098443299665,3.6,-4.33,7.93,0.2726,2.61363410599112,6.831083240000001,2.627811637085124,4.37,-4.37,8.74,12.268070863773753,3.965941411748978,15.728691281425476,12.893186340079012,23.909843161342568,2.5333969290263223,21.376446232316248,3.869377868526393,2.1297194440954303,4.535704910558149,4.416762388899816,7.376360891388111,0.2729468812791236,7.103414010108987,Severe_Fault,Severe_Fault_017_window_008.csv,3
0.8916999999999998,2.9951150411962475,8.97071411,3.125034879805344,11.75,-9.52,21.27,0.3925,9.756740887714503,95.19399275,9.764632558371051,19.61,-19.61,39.22,6.949700000000002,3.97474463456459,15.798594909999997,8.006055520666841,13.67,-8.9,22.57,0.4439999999999999,3.2730383438022845,10.71278,3.3030161973565924,4.37,-4.37,8.74,-0.0003999999999999,1.5748567680903556,2.48017384,1.5748568188886252,3.92,-4.11,8.030000000000001,0.3423,2.479639431449661,6.148611710000001,2.5031542101916133,4.37,-4.37,8.74,12.344069628293903,4.1030186462934894,16.83476201183206,13.008105819065282,23.5606578855515,2.5333969290263223,21.027260956525176,3.9287491613564898,2.0544588161218216,4.220801027140677,4.433494220138333,7.318483449458638,0.3128897569432403,7.005593692515397,Severe_Fault,Severe_Fault_017_window_009.csv,3
0.8645999999999999,3.1674754679397283,10.032900840000002,3.2833571234332704,11.75,-9.35,21.1,0.6300999999999999,10.01127798984725,100.22568698999996,10.031087328899098,19.61,-19.61,39.22,6.7329,4.553374198328092,20.73321659,8.128047674564908,18.05,-8.9,26.950000000000003,0.4204,3.36482300277444,11.322033839999996,3.390983633107066,4.37,-4.37,8.74,0.1838,1.7553237764013796,3.0811615600000004,1.7649203948053862,4.37,-4.37,8.74,0.0345999999999999,2.6214814208763717,6.872164839999999,2.621709747473965,4.37,-4.37,8.74,12.555865848555024,4.451801746831238,19.818538793089665,13.3217230867482,24.95735963598714,3.858523033493515,21.098836602493623,4.213286821583652,1.9326898765889813,3.7352901590695313,4.635415407490465,7.318483449458638,0.3841874542459709,6.934295995212667,Severe_Fault,Severe_Fault_017_window_010.csv,3
1.8003,3.0269160725068014,9.16222091,3.521832051645848,8.24,-7.53,15.77,0.8253999999999998,10.155458573594792,103.13333884,10.18894616729326,19.61,-19.61,39.22,6.078,4.543914831948328,20.647162,7.588757869374935,17.0,-9.75,26.75,0.5497,3.4409069894433357,11.839840909999998,3.484538850407612,4.37,-4.37,8.74,0.1607999999999999,1.814896514956156,3.2938493600000003,1.8220060373116216,4.37,-4.37,8.74,0.2304,2.589838187995536,6.70726184,2.600066537610144,4.37,-4.37,8.74,12.208297274680918,4.976409212777675,24.764648653018515,13.1835947677407,26.533422319783774,1.503795198821967,25.02962712096181,4.2439161051195615,2.052130379071176,4.211239092706809,4.714028319813108,7.569062029075994,0.4597825573029059,7.109279471773088,Severe_Fault,Severe_Fault_018_window_001.csv,3
1.6853,3.65840906816064,13.38395691,4.027926637862214,10.37,-7.53,17.9,1.0378,10.291256928091922,105.90996916,10.343451938303769,19.61,-19.61,39.22,5.5433,4.6806194152056415,21.908198110000004,7.255092900852476,13.62,-9.75,23.37,0.3484000000000001,3.49079438523669,12.18564544,3.508137397537332,4.37,-4.37,8.74,0.3161,1.9745778764080184,3.8989577900000008,1.9997192302920928,4.37,-4.37,8.74,0.2308999999999999,2.789712205586806,7.782494190000002,2.7992515070997106,4.37,-4.37,8.74,12.391351497963136,4.722496379450888,22.301972053926747,13.260752768979597,21.51127611277397,1.503795198821967,20.007480913952,4.499609286765283,1.9736337721207595,3.895230266455617,4.913421821907824,7.569062029075994,0.4688283267892417,7.1002337022867525,Severe_Fault,Severe_Fault_018_window_002.csv,3
2.160200000000001,3.4860734300929463,12.15270796,4.101118384050867,11.69,-7.52,19.21,-0.3831999999999999,10.674533889589746,113.94567375999998,10.681409832039964,19.61,-19.61,39.22,6.1791,4.554348272804793,20.74208819,7.676155613326244,16.91,-5.11,22.02,0.0377999999999999,3.503955359304682,12.277703160000003,3.5041592429568613,4.37,-4.37,8.74,0.1105,2.030811845051136,4.12419675,2.033815871705204,4.37,-4.37,8.74,-0.0374,2.787428786534286,7.769759240000001,2.787679680307621,4.37,-4.37,8.74,12.89183680872598,4.861645472180992,23.635596697177945,13.77806419639566,24.4195945912294,1.848810428356569,22.57078416287283,4.546020917265748,1.876270454860462,3.520390819782285,4.917997254980934,7.569062029075994,0.6964194138592059,6.872642615216788,Severe_Fault,Severe_Fault_018_window_003.csv,3
1.9629,2.985889246104082,8.915534590000002,3.573305332601736,11.69,-5.28,16.97,-0.5752999999999998,10.67580624168498,113.97283891,10.69129594576822,19.61,-19.61,39.22,6.666799999999999,3.916582918820946,15.339621760000002,7.732130624866602,16.91,-5.11,22.02,0.5388999999999998,3.4806375551039497,12.11483779,3.522108885312889,4.37,-4.37,8.74,0.0346999999999999,1.75214180647572,3.070000909999999,1.7524853779703842,3.13,-4.37,7.5,0.3881,3.0360805967562845,9.217785389999996,3.0607853567344447,4.37,-4.37,8.74,12.797241841491257,4.805077028559003,23.088765250385418,13.669607309648656,24.4195945912294,1.848810428356569,22.57078416287283,4.583211364313468,1.9593459597600127,3.839036590027885,4.984462157545185,7.569062029075994,0.3671511950137163,7.201910834062278,Severe_Fault,Severe_Fault_018_window_004.csv,3
1.1421,4.22032019993744,17.811102589999997,4.37212705670821,19.61,-11.62,31.23,0.2922,8.780513718456342,77.09742116000001,8.785374323271604,19.61,-19.61,39.22,8.025200000000002,4.391773782880899,19.28767696,9.148306509950352,19.61,-1.8,21.41,0.0938999999999999,3.0389152324472626,9.23500579,3.040365603015532,4.37,-4.37,8.74,0.0978999999999999,1.1819714844276068,1.3970565900000005,1.186018971180478,2.45,-4.37,6.82,0.1321,2.518581860889179,6.343254589999998,2.5220438140524046,4.37,-4.37,8.74,12.250748291843502,5.468909881310309,29.908975289893544,13.41602806347691,33.96551633642569,2.4792539200332024,31.486262416392485,3.621338549448503,1.974101342453881,3.897076110278215,4.124459843421923,6.648029783326787,0.3671511950137163,6.280878588313071,Severe_Fault,Severe_Fault_018_window_005.csv,3
0.6242000000000003,6.1383123380942415,37.67887836,6.169967909154796,19.61,-19.61,39.22,-0.3349,6.254740361517815,39.12177699,6.263699785270682,19.61,-19.61,39.22,7.9389,6.630304351234564,43.96093578999999,10.343455370426268,19.61,-19.61,39.22,-0.2351,1.8389146228142297,3.3816069900000003,1.8538821429637864,4.37,-4.12,8.49,-0.1407,1.1168654842907448,1.24738851,1.125693119815521,1.68,-4.37,6.05,-0.2068999999999999,1.2368764651330382,1.5298633899999996,1.2540618007099968,3.03,-3.67,6.699999999999999,11.604071322701657,7.045213746768304,49.63503673765308,13.575327178377693,33.96551633642569,1.6043378696521504,32.36117846677354,2.133479173323348,1.313393169235901,1.7250016169955245,2.5053412941154343,6.045940787007428,0.1445683229480096,5.901372464059419,Severe_Fault,Severe_Fault_018_window_006.csv,3
0.8849999999999999,5.796948938881556,33.604617,5.864114766953321,19.61,-19.61,39.22,1.8251,8.102780571507536,65.65505298999999,8.305783707754495,19.61,-19.61,39.22,6.2877,6.862520944230335,47.094193710000006,9.307489726021728,19.61,-19.61,39.22,0.535,2.6110505548533527,6.817585,2.665297356769034,4.37,-4.37,8.74,-0.0715,1.2622593830112732,1.5932987500000002,1.2642828006423246,4.06,-4.08,8.14,0.1945,1.940066171551888,3.76385675,1.9497915273177284,4.37,-4.37,8.74,11.766872257404746,7.179412739069858,51.54396727791856,13.784166641476734,33.96551633642569,1.6043378696521504,32.36117846677354,2.94677804818853,1.954586179914869,3.8204071347142,3.536086537402613,7.069186657600717,0.1445683229480096,6.924618334652708,Severe_Fault,Severe_Fault_018_window_007.csv,3
1.004,3.903907785796176,15.240495999999998,4.030944306238924,12.61,-19.61,32.22,3.0911,9.656087602647355,93.24002778999998,10.138783309648156,19.61,-19.61,39.22,6.1865000000000006,5.13478926052472,26.366060749999995,8.039828542947916,19.61,-9.0,28.61,0.5007999999999999,3.44464038181056,11.86554736,3.4808544927934,4.37,-4.37,8.74,-0.0849,1.2338204853219126,1.52231299,1.2367380482543584,4.06,-4.08,8.14,0.2808,2.703573812567358,7.309311359999998,2.7181169952744857,4.37,-4.37,8.74,12.34002015048953,5.604122115506798,31.406184685512397,13.552943665492007,30.080337431618016,2.522320360303187,27.55801707131483,4.185053847080311,1.875993949094263,3.519353297038288,4.586287060357212,7.069186657600717,0.6034069936618236,6.465779663938894,Severe_Fault,Severe_Fault_018_window_008.csv,3
0.4387,2.9229179444520845,8.54344931,2.955656779803772,10.13,-6.85,16.98,1.4941000000000002,8.351041024327447,69.73988619,8.48364432304891,19.61,-19.61,39.22,7.473399999999998,3.749597370385252,14.059480439999998,8.36129104863597,15.29,-3.28,18.57,0.0944999999999999,3.143137723676772,9.87931475,3.1445579975570497,4.37,-4.37,8.74,-0.125,0.9143144973147916,0.835971,0.9228195923364436,2.19,-2.98,5.17,0.0641,2.531684852030363,6.40942819,2.532496199404848,4.37,-4.37,8.74,11.662975964088366,3.8202496857007904,14.59430766109699,12.272706140049143,21.26008701769586,2.7748873851023217,18.485199632593535,3.726789861797937,1.8067693062480663,3.2644153260001194,4.141663675384567,6.8610640574185,0.2860069929215018,6.575057064496998,Severe_Fault,Severe_Fault_018_window_009.csv,3
0.3973,3.36075552666361,11.29467771,3.384157945486587,10.07,-13.32,23.39,0.5284,8.108091356170084,65.74114544000001,8.125290887100595,19.61,-19.61,39.22,8.5776,2.958775462923809,8.754352240000001,9.073564569671612,15.29,-1.33,16.619999999999997,0.2374,3.0693320511147046,9.42079924,3.078499309728687,4.37,-4.37,8.74,0.0631999999999999,0.7623763899806971,0.5812177599999999,0.7649915032207873,2.41,-2.7,5.11,0.0993999999999999,2.2053289187783305,4.863475640000001,2.207567892500704,4.37,-4.37,8.74,12.10461332238208,3.6442814539508728,13.280787315610286,12.641299418967971,24.58080958796923,3.4353165792980422,21.14549300867119,3.5004086651198776,1.6379454133620188,2.682865177153675,3.8646767005792353,6.376417489468518,0.2860069929215018,6.090410496547016,Severe_Fault,Severe_Fault_018_window_010.csv,3
0.2946999999999999,4.117005332763124,16.94973291,4.12753933960659,10.07,-19.61,29.68,-0.9552999999999996,8.82596753393077,77.89770290999999,8.877516600941954,19.61,-19.61,39.22,8.678300000000002,3.424074781601594,11.724288110000003,9.32937184380599,14.82,-8.95,23.77,0.2884,3.069228802158614,9.42016544,3.0827487734163483,4.37,-4.37,8.74,0.1665,0.7730373535606154,0.5975867499999999,0.7907648196524678,2.5,-1.7,4.2,0.1113999999999999,2.004987790486516,4.01997604,2.008080177682156,4.18,-4.37,8.55,12.995405678407987,3.742124029692413,14.00349225360138,13.523463350784072,24.58080958796923,4.060960477522528,20.519849110446703,3.4127952491679467,1.5855168202377086,2.5138635872566946,3.7631150660058217,6.376417489468518,0.2111871208194287,6.165230368649089,Severe_Fault,Severe_Fault_018_window_011.csv,3
0.3353000000000001,3.790382422658695,14.366998909999998,3.805183964015406,19.61,-6.93,26.54,-0.2722,9.36688225398398,87.73848316,9.370836462130796,19.61,-19.61,39.22,7.284700000000002,3.91311447698633,15.31246491,8.269178858871054,17.6,-4.77,22.37,0.1333999999999999,3.032614126459217,9.19674844,3.035546738233493,4.37,-4.37,8.74,0.0494999999999999,1.7184722139156046,2.95314675,1.7191849813210909,4.37,-4.37,8.74,-0.0908,2.420774537209114,5.860149359999999,2.4224768316745573,4.37,-4.37,8.74,12.224535358231394,4.6078254388974536,21.232055275350508,13.064123391946357,32.846068257860026,3.666142386760231,29.179925871099798,3.829789874406548,1.8360949098271255,3.3712445178930808,4.247179652428185,7.281229291816046,0.8339064695755753,6.44732282224047,Severe_Fault,Severe_Fault_019_window_001.csv,3
0.8044999999999999,4.259487850669374,18.143236750000003,4.334796073634837,19.61,-6.93,26.54,-0.6119999999999999,8.80443138425191,77.518012,8.825675951449838,19.61,-19.61,39.22,7.6765,3.3341152874488307,11.11632475,8.369287723576004,17.6,-4.77,22.37,0.5482,3.0518130283488865,9.31356276,3.100658962220773,4.37,-4.37,8.74,0.2182,1.6308846556393863,2.65978476,1.645416664556428,4.37,-4.37,8.74,0.0965,2.054739095359798,4.221952750000001,2.057003889155293,4.37,-4.37,8.74,11.991505873314743,4.788713490099187,22.93177689025793,12.912319311417294,32.846068257860026,4.921585110510637,27.924483147349388,3.7123186702216175,1.6647633737934056,2.7714370907240022,4.068506728518463,6.6741441398879005,0.469148164229596,6.204995975658305,Severe_Fault,Severe_Fault_019_window_002.csv,3
0.6154000000000001,3.826741543402167,14.64395084,3.875908667654593,13.68,-8.11,21.79,-0.2690999999999998,8.398309603128476,70.53160419,8.402619770047911,19.19,-19.61,38.8,7.808600000000001,3.147921860529578,9.90941204,8.419242602514789,15.62,-11.13,26.75,0.7067999999999999,2.9905500764909454,8.94338976,3.072939309521097,4.37,-4.37,8.74,0.0768,1.5879948866416416,2.52172776,1.5898509364088196,4.37,-4.27,8.64,0.2799,1.704838699114963,2.90647499,1.7276628722062646,4.37,-4.37,8.74,11.801904715963865,4.150346741575933,17.225378075309962,12.510408986120318,27.937376397936863,3.567043593790241,24.370332804146624,3.535011128082569,1.568150925240427,2.459097324332408,3.8672213538922233,7.511770763275461,0.469148164229596,7.042622599045865,Severe_Fault,Severe_Fault_019_window_003.csv,3
0.7574000000000001,3.680392267136752,13.54528724,3.7575180638288352,13.12,-8.11,21.23,0.2226999999999999,9.591416981343269,91.99527971000002,9.594002032520107,17.52,-19.61,37.13,7.386799999999999,4.145669518907652,17.186575760000004,8.47061922175705,18.59,-11.13,29.72,0.5849,3.1491924345774747,9.91741299,3.203048703969392,4.37,-4.37,8.74,-0.0551,1.3905844059243582,1.93372499,1.3916756087537066,4.37,-4.27,8.64,0.2224999999999999,2.173038138183497,4.72209475,2.18439945980583,4.37,-4.37,8.74,12.604981737532562,4.362297834452685,19.02964239647058,13.338485933568323,28.63781241645388,3.567043593790241,25.07076882266364,3.697125073389701,1.816356020088904,3.299149191713202,4.119209026014582,7.511770763275461,0.4219004621945798,7.0898703010808815,Severe_Fault,Severe_Fault_019_window_004.csv,3
0.8474,4.211251742653245,17.734641239999995,4.295663860219978,19.61,-19.61,39.22,0.4785999999999999,9.282304672870849,86.16118004,9.294634904072348,19.61,-19.61,39.22,7.7785,4.02222907726549,16.17832675,8.75690521816926,19.61,-5.39,25.0,0.2815,3.147618266245131,9.907500750000004,3.1601808492553083,4.37,-4.37,8.74,-0.0473,1.2736811649702604,1.62226371,1.2745591394674474,3.54,-4.37,7.91,-0.0711,2.0831350868342646,4.33945179,2.0843480995265646,4.37,-4.37,8.74,12.604594789017904,4.75925889237628,22.650545204662706,13.473171675592948,33.96551633642569,5.650212385388712,28.315303951036974,3.492557936727638,1.9385020140822111,3.7577900586007886,3.9944650455348834,6.769682415002937,0.1897366596101027,6.579945755392835,Severe_Fault,Severe_Fault_019_window_005.csv,3
0.2863000000000001,4.010988071535492,16.08802531,4.0211929821882455,19.61,-19.61,39.22,0.0499,8.146831469350523,66.37086299,8.146984288680075,19.61,-19.61,39.22,7.988999999999999,3.7033642812988297,13.714906999999998,8.805624793278442,19.61,-3.99,23.6,0.1791999999999999,3.096050283829382,9.58552736,3.101232013248928,4.37,-4.37,8.74,-0.0731,1.2799833553605295,1.63835739,1.282069030902783,3.54,-4.37,7.91,-0.1015,2.1613048720622454,4.67123875,2.163686899715391,4.37,-4.37,8.74,11.936958489072907,4.194209821903312,17.591396030150214,12.652366339938151,33.96551633642569,3.4742625116706423,30.491253824755045,3.4270125276312866,2.049016138408436,4.19846713545822,3.992853866597174,6.436909196190358,0.1897366596101027,6.247172536580256,Severe_Fault,Severe_Fault_019_window_006.csv,3
0.5376,3.608718919505923,13.022852239999995,3.64854299686875,19.61,-13.78,33.39,-0.7438999999999999,8.305767381163525,68.98577179,8.339014270283988,17.75,-19.61,37.36,8.0074,4.08102428809239,16.654759239999997,8.987391946499272,19.61,-3.99,23.6,0.5593,3.004379554916456,9.026296510000002,3.0559962369086784,4.37,-4.37,8.74,-0.0195999999999999,1.7144298877469444,2.93926984,1.7145419213305926,4.37,-4.37,8.74,0.0137999999999999,2.4194531530905903,5.85375356,2.419492508771209,4.37,-4.37,8.74,12.021833683072153,4.370326520587656,19.099753896551807,12.7915690593453,33.96551633642569,3.4742625116706423,30.491253824755045,3.792290188567532,1.936813394649685,3.7512461256944367,4.25825210620508,7.569062029075994,0.261725046566048,7.307336982509946,Severe_Fault,Severe_Fault_019_window_007.csv,3
0.5567999999999997,4.142431865462605,17.15974176,4.179685155606819,19.61,-8.98,28.59,0.1022,8.611086642230468,74.15081316,8.611693097178973,19.61,-19.61,39.22,8.2611,4.473849772846648,20.01533179,9.3947381549461,19.61,-9.27,28.88,0.6840999999999999,3.025897584188864,9.15605619,3.1022651401838623,4.37,-4.37,8.74,0.1882,1.7900566359755212,3.20430276,1.7999227761212424,4.37,-4.37,8.74,0.0673,2.29542887278173,5.268993710000002,2.296415249905818,4.07,-4.37,8.440000000000001,12.317934756563911,5.306657548121476,28.16061433303464,13.412387222265842,33.96551633642569,2.6420068130116547,31.32350952341403,3.892247031352836,1.7284984949154651,2.9877070469250286,4.258790203802014,7.569062029075994,0.6119640512317697,6.957097977844224,Severe_Fault,Severe_Fault_019_window_008.csv,3
0.4801999999999999,3.603387289759457,12.984399960000005,3.63524304551979,19.61,-8.98,28.59,0.8142,8.516408536466532,72.52921436000001,8.555240265474723,19.61,-19.61,39.22,8.137,4.310290129446044,18.578600999999995,9.20811435637069,19.61,-9.27,28.88,0.5000999999999999,3.1752236125980167,10.08204499,3.2143654117103737,4.37,-4.37,8.74,-0.0623,1.7227076681782083,2.9677217100000006,1.7238338086950262,3.77,-4.37,8.14,-0.1226,2.257650823311701,5.096987240000001,2.260977222353202,4.37,-4.37,8.74,12.184057994498898,4.769195821801353,22.74522878668748,13.084207962272687,33.96551633642569,2.6420068130116547,31.32350952341403,3.903311375088054,1.783234787992935,3.179926309108209,4.291359458260284,7.569062029075994,0.3753664875824692,7.193695541493525,Severe_Fault,Severe_Fault_019_window_009.csv,3
0.3531,2.748006439220985,7.551539389999999,2.7705990327003294,6.95,-8.26,15.21,0.5776999999999999,8.148251451078323,66.39400171,8.16870485450417,17.92,-18.46,36.38,7.7933,3.3504913236717986,11.22579211,8.483001650359382,19.61,-3.66,23.27,0.3853999999999999,3.1284591798519603,9.78725684,3.152108817918569,4.37,-4.37,8.74,-0.0707999999999999,1.729550045532074,2.99134336,1.73099855574752,2.73,-4.37,7.1,-0.1968999999999999,2.1423523029604628,4.589673389999999,2.1513816490804225,4.37,-4.37,8.74,11.550767094297187,3.597923641949796,12.94505453330128,12.098151718341112,22.595986369264786,4.0826829414001775,18.513303427864606,3.77286707274346,1.82374972279866,3.3260630514081884,4.190535645952675,7.569062029075994,0.3753664875824692,7.193695541493525,Severe_Fault,Severe_Fault_019_window_010.csv,3
1.1712,4.879996573769289,23.814366560000003,5.018573103980851,19.61,-10.78,30.39,0.8436,11.65412403572229,135.81860704,11.68461672456568,19.61,-19.61,39.22,6.8549,4.295719379801246,18.45320499,8.089676075097197,19.61,-13.84,33.45,0.2407999999999999,3.579759120387851,12.81467536,3.5878489377341407,4.37,-4.37,8.74,-0.0791,0.8729857902623617,0.7621041900000002,0.8765620343136019,2.39,-2.68,5.07,0.2072999999999999,3.0656346341336893,9.39811571,3.072635513691788,4.37,-4.37,8.74,13.988444192066977,5.610938610021288,31.482632085427618,15.071801584415846,33.96551633642569,5.190433507906637,28.77508282851905,4.461079860151221,1.7835011862494394,3.180876481353158,4.804384455890266,6.662874754938742,0.1933907960581371,6.469483958880605,Severe_Fault,Severe_Fault_020_window_001.csv,3
1.4241999999999997,5.414080010491164,29.31226236,5.598268303681059,19.61,-11.57,31.18,1.1177999999999997,12.201491841574128,148.87640316,12.252586665680026,19.61,-19.61,39.22,6.378800000000001,4.0980198340174,16.793766559999998,7.581744917893241,19.61,-8.74,28.35,0.4497999999999999,3.600155824405383,12.961121960000003,3.6281458074338735,4.37,-4.37,8.74,-0.0071999999999999,1.0351763907663274,1.07159016,1.0352014296744378,4.37,-2.68,7.050000000000001,0.2289,2.958104763188755,8.75038379,2.9669477582188737,4.37,-4.37,8.74,14.36339454170106,5.713338887151036,32.642241239432245,15.457986414795426,33.96551633642569,5.190433507906637,28.77508282851905,4.386187319537995,1.9491597671622736,3.799223797924088,4.799777390671363,7.563292933636776,0.1933907960581371,7.369902137578639,Severe_Fault,Severe_Fault_020_window_002.csv,3
0.9382,5.677583179487553,32.23495075999999,5.754578177416655,13.65,-19.61,33.26,1.5543,12.815225417837954,164.23000250999996,12.909138274881093,19.61,-19.61,39.22,5.1039,5.480045966048095,30.030903790000004,7.488704761171988,19.61,-19.61,39.22,0.7360000000000001,3.63286085612978,13.197677999999998,3.706666157074306,4.37,-4.37,8.74,0.0567,1.0631594941493965,1.13030811,1.064670371523506,4.37,-3.32,7.689999999999999,0.3606,2.9363551624420365,8.622181639999999,2.958414102183804,4.37,-4.37,8.74,15.011329275547894,5.522835628649358,30.501713381078748,15.995052985220148,33.96551633642569,1.918488988761729,32.04702734766396,4.481568635660716,1.881662446843789,3.540653563862155,4.86056694224038,7.563292933636776,0.4522167621838005,7.111076171452976,Severe_Fault,Severe_Fault_020_window_003.csv,3
1.5318,6.187448647059626,38.28452076,6.37423971937046,19.46,-19.61,39.07,1.1618999999999997,12.810786446975063,164.11624938999998,12.863368959957574,19.61,-19.61,39.22,5.360600000000002,5.865235343956796,34.400985639999995,7.945880567942108,19.61,-19.61,39.22,0.4862999999999999,3.547280269445876,12.583197310000005,3.580458769487508,4.37,-4.37,8.74,-0.0356999999999999,0.9898002374216728,0.9797045099999998,0.9904438399020916,3.04,-3.32,6.359999999999999,0.0812,3.028624862870937,9.172568560000002,3.029713187745665,4.37,-4.37,8.74,15.414919624405506,5.622674094513932,31.614463973118067,16.408357961721823,33.96551633642569,1.918488988761729,32.04702734766396,4.430976796859507,1.8292814506501365,3.346270625692668,4.793727777001944,7.015425860202644,0.3668787265568828,6.648547133645761,Severe_Fault,Severe_Fault_020_window_004.csv,3
2.1509,5.4176629823199605,29.351072190000004,5.829017327131564,19.46,-15.56,35.02,0.9501000000000002,10.694843196138969,114.37967099,10.736962373036423,19.61,-19.61,39.22,7.378499999999999,4.404136549881258,19.396418749999995,8.592943674899773,19.61,-13.2,32.81,0.1976,3.115756768427215,9.70794024,3.1220163356395174,4.37,-4.37,8.74,0.129,0.7890367545304845,0.6225790000000001,0.7995123513742611,3.04,-1.69,4.73,-0.2163999999999999,3.0534788422388,9.32373304,3.0611373703249583,4.37,-4.37,8.74,14.025271860135378,5.137142615238039,26.39023424929472,14.936481680770743,32.30073992960533,5.505442761486127,26.7952971681192,4.05465081687102,1.821146549085816,3.3165747532471754,4.444858602925407,6.622552378048814,0.3668787265568828,6.255673651491931,Severe_Fault,Severe_Fault_020_window_005.csv,3
1.9557,4.254806048458613,18.10337451,4.682748872190349,16.56,-7.15,23.71,0.7142000000000001,10.82456199390996,117.17114235999998,10.84809771342423,19.61,-19.61,39.22,7.4951,3.712497944780576,13.78264099,8.36415955132373,19.61,-4.49,24.1,0.1639999999999999,3.1178197510439887,9.7208,3.1221300421346965,4.37,-4.37,8.74,0.1353999999999999,0.8393740763211597,0.7045488400000001,0.8502246761885943,2.38,-2.39,4.77,-0.1023,3.119447019905932,9.73094971,3.1211239962551955,4.37,-4.37,8.74,13.700318997099265,4.676514233670309,21.869785377720994,14.476481823979196,32.30073992960533,5.505442761486127,26.7952971681192,4.057604245947077,1.9359340854668203,3.747840783272254,4.49577501661282,6.626152729902926,0.3261901286060018,6.299962601296924,Severe_Fault,Severe_Fault_020_window_006.csv,3
1.3392000000000002,5.0905364511021824,25.91356136,5.263745624552919,19.61,-19.61,39.22,0.7987999999999998,11.528332514288438,132.90245055999998,11.555973866360205,19.61,-19.61,39.22,6.9851,4.58602692861697,21.031642990000005,8.356031653841434,19.61,-13.46,33.07,0.3924,3.307066409977278,10.936688240000002,3.3302651546085635,4.37,-4.37,8.74,-0.0124999999999999,1.1711057808754937,1.3714887499999997,1.1711724894309976,4.37,-4.37,8.74,0.1009,2.681518635027547,7.19054219,2.6834162927134506,4.37,-4.37,8.74,14.21628775290431,5.382190773897085,28.967977526622896,15.201013617519065,33.96551633642569,5.341207728594723,28.62430860783096,4.002416852907175,1.9088460743508435,3.643693335564626,4.434301974381087,7.569062029075994,0.3261901286060018,7.242871900469992,Severe_Fault,Severe_Fault_020_window_007.csv,3
0.8744999999999998,5.130937999040721,26.32652475,5.204927953391863,19.61,-19.61,39.22,1.9267,10.531703096365751,110.91677011,10.70649069490092,19.61,-19.61,39.22,7.385200000000001,4.617171749025587,21.31827496,8.709733290979695,19.61,-13.46,33.07,0.5792,3.2044911234078963,10.26876336,3.25641459276917,4.37,-4.37,8.74,-0.0588999999999999,1.193727686702457,1.42498579,1.195179902776147,4.37,-4.37,8.74,0.2054,2.429001202140501,5.900046840000001,2.4376701991861,4.37,-4.37,8.74,13.70178921130487,5.462659096902305,29.840644408969517,14.750582090209186,33.96551633642569,5.341207728594723,28.62430860783096,3.85875329139232,1.756402583740112,3.0849500361689413,4.239684776018142,7.569062029075994,0.4109744517606903,7.158087577315303,Severe_Fault,Severe_Fault_020_window_008.csv,3
1.2168,4.335178169348984,18.793769760000004,4.502707185682853,19.61,-12.31,31.92,1.6288999999999998,10.731662210021335,115.16857379,10.854579171943978,19.61,-19.61,39.22,7.0752,4.352022858395852,18.94010296,8.306537064264507,19.61,-6.7,26.31,0.6038999999999999,3.367465187644855,11.339821789999998,3.4211864900937514,4.37,-4.37,8.74,-0.0358999999999999,0.9320752061931484,0.8687641899999999,0.932766315858372,3.91,-2.23,6.140000000000001,0.3118999999999999,2.783042470031674,7.74532539,2.800465497020093,4.37,-4.37,8.74,13.40146264611736,5.243626411627836,27.49561794472101,14.39078938071154,33.96551633642569,4.263613490925274,29.701902845500413,4.139335554316207,1.8119266455278296,3.2830781687737334,4.518537042008177,7.3131320239689375,0.4109744517606903,6.902157572208247,Severe_Fault,Severe_Fault_020_window_009.csv,3
1.3928000000000005,5.750674061360111,33.070252159999995,5.916937045465331,19.61,-19.61,39.22,0.9863000000000004,10.801378491192688,116.66977731,10.846315733925508,19.61,-19.61,39.22,6.464600000000001,5.391105159426961,29.06401484,8.417545247873635,19.61,-19.26,38.870000000000005,0.1829,3.381825925443236,11.43674659,3.386768223542911,4.37,-4.37,8.74,-0.0962,1.211075373376901,1.4667035600000002,1.2148901184880878,3.77,-4.37,8.14,-0.0141,2.735334017994877,7.482052190000001,2.735370358836258,4.37,-4.37,8.74,13.928498183388136,5.431824311900503,29.504715355353365,14.950176487252584,33.96551633642569,4.263613490925274,29.701902845500413,4.095916819767302,1.910987547198388,3.651873405547312,4.519779640646212,7.563292933636776,0.298496231131986,7.264796702504791,Severe_Fault,Severe_Fault_020_window_010.csv,3
1.5555000000000003,3.73071397322282,13.91822675,4.042005319145436,18.49,-9.23,27.72,1.0580999999999998,10.974831998258562,120.44693739000002,11.025720520673469,19.61,-19.61,39.22,6.781200000000001,5.193499837296618,26.97244056,8.541493663288641,19.61,-14.01,33.62,0.8086,3.530296593772257,12.462994040000002,3.621716167785654,4.37,-4.37,8.74,0.1073,1.073209070964274,1.1517777100000002,1.0785596877317454,4.31,-2.56,6.869999999999999,0.1936999999999999,2.6473430661703063,7.008425309999999,2.6544198989609766,4.37,-4.37,8.74,13.5436630328737,5.237425479371557,27.430625651970377,14.521068624588205,27.14170591543575,2.651716425261193,24.48998949017456,4.248130844340007,1.8109247166481173,3.2794483293670647,4.618015158052213,7.036092665677449,0.250798724079689,6.78529394159776,Severe_Fault,Severe_Fault_021_window_001.csv,3
1.6528999999999998,4.612160295349675,21.272022589999995,4.899398024247469,19.61,-6.96,26.57,0.8387,11.785478238493337,138.89749730999998,11.815283111292764,19.61,-19.61,39.22,6.281100000000001,5.657823061036816,32.01096179,8.453589710886138,19.61,-14.01,33.62,0.8396999999999999,3.510880076277172,12.32627891,3.60989958309092,4.37,-4.37,8.74,0.0524999999999999,1.2331491191255013,1.52065675,1.234266178747518,4.31,-3.41,7.72,0.2774,2.672566788688357,7.14261324,2.686924636084905,4.37,-4.37,8.74,14.223937280906071,5.722569635124626,32.747803228850394,15.331933831059928,33.96551633642569,2.651716425261193,31.31379991116449,4.279359091647912,1.8604939571872725,3.461437764730356,4.666299604611774,7.058463005499143,0.250798724079689,6.807664281419454,Severe_Fault,Severe_Fault_021_window_002.csv,3
1.5909,5.235325795974879,27.408636190000003,5.471708965213701,19.61,-19.26,38.870000000000005,-0.4301,11.681614485592307,136.46011699000002,11.689529631255484,19.61,-19.61,39.22,6.116499999999999,6.3163241485851565,39.89595075,8.792469675807816,19.61,-19.61,39.22,0.6666,3.6959202426459368,13.659826440000002,3.755553487836381,4.37,-4.37,8.74,-0.06,1.427706552481987,2.0383460000000007,1.4289667595854008,3.61,-4.37,7.98,0.1003999999999999,2.628692420196779,6.910023840000001,2.630609054952864,4.37,-4.37,8.74,14.498655610020236,5.803551542118738,33.68121050202878,15.617049177101288,33.96551633642569,3.800684148939504,30.164832187486184,4.519378403372791,1.625254086943822,2.6414508471275973,4.802731722676168,7.058463005499143,0.310805405358401,6.747657600140742,Severe_Fault,Severe_Fault_021_window_003.csv,3
1.2558,5.402995128630045,29.19235636,5.547016315101299,19.61,-19.61,39.22,0.0564,12.133011705260982,147.20997304,12.13314279154416,19.61,-19.61,39.22,5.7017,6.790455368382889,46.11028411,8.866773201114372,19.61,-19.61,39.22,0.4396000000000001,3.741035396785227,13.99534584,3.7667750131909927,4.37,-4.37,8.74,0.0634,1.6318524565658503,2.66294244,1.6330835863482311,3.9,-4.37,8.27,-0.029,2.8110828874296825,7.902187000000001,2.8112324699320053,4.37,-4.37,8.74,14.886397457265756,5.915858495967564,34.9973817443116,16.018808039301803,33.96551633642569,2.723343533232633,31.242172803193053,4.723964137155856,1.5629289270038238,2.442746830865324,4.975799835202377,7.307790363714602,1.1813128290169377,6.126477534697665,Severe_Fault,Severe_Fault_021_window_004.csv,3
1.3438,4.870556391214457,23.722319559999995,5.052535798982527,16.96,-19.61,36.57,-0.0685999999999998,12.357086146822802,152.69757804,12.357276560796072,19.61,-19.61,39.22,5.9435,6.006351367510895,36.07625675,8.449937810422039,19.61,-16.09,35.7,0.7437000000000001,3.672485984997084,13.487153310000004,3.747031224849881,4.37,-4.37,8.74,0.1565,1.4852907964435784,2.20608875,1.4935129728261485,3.9,-3.9,7.8,0.174,2.9107480138273734,8.472453999999999,2.9159441009731317,4.37,-4.37,8.74,14.72934597097683,5.716486531714094,32.67821826726863,15.79974211814864,33.96551633642569,2.723343533232633,31.242172803193053,4.702934846026316,1.6297109664082867,2.655957834031432,4.977303888652973,7.307790363714602,0.4352011029397789,6.872589260774824,Severe_Fault,Severe_Fault_021_window_005.csv,3
1.3694,4.985118819045339,24.85140964,5.169783941326756,18.34,-18.44,36.78,-0.0569999999999999,11.573618060053647,133.948635,11.57375842153274,19.61,-19.61,39.22,6.074299999999999,5.70255526145955,32.51913651,8.331641915012911,19.61,-12.2,31.81,0.7977999999999998,3.59185567081975,12.90142716,3.679390166861895,4.37,-4.37,8.74,-0.1008,1.4186399684204587,2.01253936,1.422216579849919,3.77,-4.37,8.14,0.0806,2.824515469952324,7.977887639999999,2.825665231410119,4.37,-4.37,8.74,14.225496003812763,5.265934907070828,27.730070445507053,15.168876260290348,28.668915221891464,3.682471995820199,24.986443226071263,4.580999452512743,1.5998249954535455,2.5594400160779376,4.852318621030569,7.569062029075994,0.4352011029397789,7.133860926136215,Severe_Fault,Severe_Fault_021_window_006.csv,3
1.7291000000000003,5.5838250500888735,31.17910219000001,5.845416067312917,19.61,-18.44,38.05,0.7465,11.942147242016404,142.61488075,11.965456238689772,19.61,-19.61,39.22,6.1074,6.750712054294717,45.57211324,9.103430562156223,19.61,-18.32,37.93,0.7787,3.5169969164046764,12.369267310000003,3.6021717060684377,4.37,-4.37,8.74,-0.1724,1.3756839171844673,1.89250624,1.3864443732079554,3.77,-4.37,8.14,0.0436,2.926417782887468,8.563921040000002,2.926742557861897,4.37,-4.37,8.74,14.898874269725267,6.183609422895205,38.23702549491837,16.131133872112027,33.96551633642569,3.682471995820199,30.28304434060549,4.551411870209264,1.6578121086897069,2.7483409877182123,4.843933422333548,7.569062029075994,0.8989438247187641,6.670118204357229,Severe_Fault,Severe_Fault_021_window_007.csv,3
2.2273,5.243709537150203,27.49648971,5.697135683832711,19.61,-15.08,34.69,1.1035,12.085697693968685,146.06408875,12.135971366149477,19.61,-19.61,39.22,6.417699999999999,6.398614983728901,40.94227371,9.062513282748888,19.61,-18.32,37.93,0.9807,3.5082512039476303,12.307826509999998,3.6427460795394455,4.37,-4.37,8.74,-0.0260999999999999,1.043485404785328,1.08886179,1.0438117646395828,2.11,-3.77,5.88,0.3251000000000001,3.001081303463803,9.00648899,3.018638600429008,4.37,-4.37,8.74,15.032266884299991,5.99159872815076,35.899255319177804,16.1823454109718,33.96551633642569,6.34175054697045,27.62376578945524,4.5290357673798125,1.7202197585757333,2.959156017794354,4.844720941395903,6.74817753174885,0.7495998932764064,5.998577638472444,Severe_Fault,Severe_Fault_021_window_008.csv,3
1.2744999999999995,5.066601301661697,25.67044875,5.224442458291602,17.34,-17.46,34.8,0.2690000000000001,11.47366815800422,131.64506099999997,11.47682107554178,19.61,-19.61,39.22,6.316599999999999,5.875220884358306,34.51822043999999,8.62656687216879,18.5,-14.66,33.16,0.7418,3.4646158170856407,12.00356276,3.543138439293616,4.37,-4.37,8.74,-0.1311,0.967959601429729,0.93694579,0.9767973177686352,2.09,-2.71,4.8,0.3737,2.9564528256003006,8.740613310000002,2.979977348907203,4.37,-4.37,8.74,14.414261268977487,5.065466323020575,25.658949069655577,15.278412122992362,28.55170923079737,5.286444930196473,23.2652643006009,4.3678285148039455,1.8194235530149556,3.3103020652655646,4.731620018556012,6.74817753174885,0.7495998932764064,5.998577638472444,Severe_Fault,Severe_Fault_021_window_009.csv,3
0.577,4.533623826477005,20.553745,4.570194087782268,17.34,-17.46,34.8,-0.2013999999999996,9.52245882322418,90.67722204,9.524588390056548,19.61,-19.61,39.22,7.255699999999999,5.017356326792029,25.17386451000001,8.821510471568914,17.39,-14.66,32.05,0.4282999999999999,3.0879278019409715,9.53529811,3.117489214095215,4.37,-4.37,8.74,-0.0566999999999999,0.9852776816715176,0.9707721100000002,0.9869077971117668,3.15,-2.33,5.48,0.0412,2.7432481768881214,7.525410560000001,2.743557544503122,4.37,-4.37,8.74,13.01667897545605,4.470970079291561,19.98957344992039,13.763121193973408,28.55170923079737,5.175519297616424,23.376189933180957,3.8337526517235623,1.8767457487370405,3.5221746054025544,4.2684697492192685,6.604748291948756,0.3618010503025109,6.242947241646244,Severe_Fault,Severe_Fault_021_window_010.csv,3
2.1472,4.882073756099962,23.83464416,5.333395916299484,19.61,-8.65,28.26,0.5302,11.62370302270322,135.11047195999998,11.635788928989731,19.61,-19.61,39.22,5.9549,5.204942938207872,27.09143099,7.908998988494056,19.61,-13.29,32.9,1.1343,3.5270949108295917,12.44039851,3.70500134952742,4.37,-4.37,8.74,0.0085,1.6588938332515433,2.75192875,1.6589156096679545,3.84,-4.37,8.21,0.3858,2.90088096274218,8.415110359999998,2.926423072626376,4.37,-4.37,8.74,13.921435252842382,5.708117159004132,32.582601500917406,15.046227467375331,33.96551633642569,2.4942533953069006,31.471262941118788,4.707134163329281,1.6987866165055463,2.8858759684183624,5.00429695361896,7.569062029075994,0.5352569476429054,7.033805081433089,Severe_Fault,Severe_Fault_022_window_001.csv,3
1.3966,5.286998244750985,27.95235044,5.468349111020619,19.61,-12.27,31.88,0.9012000000000002,11.491213885399576,132.04799656000003,11.526498080509969,19.61,-19.61,39.22,5.680700000000001,5.285264280052607,27.93401851,7.759147569159901,17.62,-13.94,31.56,0.8756999999999998,3.4573811635398264,11.953484510000004,3.56655786438409,4.37,-4.37,8.74,0.0104999999999999,1.6767709294951412,2.81156075,1.676803804862095,4.0,-4.37,8.370000000000001,0.1182,2.6542431614303914,7.04500676,2.656873726769867,4.37,-4.37,8.74,13.888945102935695,5.483117263714004,30.064574927638542,14.93209198337594,29.078676035885817,2.4942533953069006,26.584422640578914,4.382219269674138,1.840417961360044,3.387138272496659,4.752997370081326,7.569062029075994,0.5376802023508026,7.031381826725191,Severe_Fault,Severe_Fault_022_window_002.csv,3
0.7123,4.10542491223503,16.854513710000003,4.16675953229845,19.61,-12.27,31.88,1.0234,10.66846654585372,113.81617844,10.7174402727517,19.61,-19.61,39.22,6.432300000000001,4.740386873452418,22.471267709999992,7.99035362171162,17.62,-13.94,31.56,0.6950999999999999,3.394365182180609,11.52171499,3.464805766561814,4.37,-4.37,8.74,0.1049,1.4809453028386967,2.1931989899999995,1.4846558523779172,4.0,-3.16,7.16,0.1564,2.4574338322730074,6.03898104,2.462405734236338,4.37,-4.37,8.74,13.077800433607122,5.004227994280979,25.042297818745425,14.00254126935536,29.078676035885817,2.752326288796443,26.32634974708937,4.092835782916774,1.87649120809985,3.5212192540760343,4.50250197112672,6.738026417282734,0.3698648401781386,6.368161577104596,Severe_Fault,Severe_Fault_022_window_003.csv,3
1.3088000000000002,4.3691157640877405,19.08917256,4.560935211116246,19.0,-11.93,30.93,0.3151000000000001,10.825610421126378,117.19384099,10.830195242930756,19.61,-19.61,39.22,5.984300000000001,5.567106655166578,30.99267651000001,8.173403391488762,19.61,-14.14,33.75,0.6399,3.394362530726499,11.521696990000002,3.4541524285995258,4.37,-4.37,8.74,0.0113,1.288557841154211,1.66038131,1.2886073878416189,2.75,-3.56,6.3100000000000005,0.1541,2.5942213070592106,6.72998419,2.5987941434442248,4.37,-4.37,8.74,13.171479839145944,5.604632088457903,31.411900846971992,14.31432087107174,27.65842547940862,2.752326288796443,24.906099190612174,4.07339065416974,1.9372396801951548,3.752897578522625,4.510588542529677,7.132138529221092,0.3698648401781386,6.762273689042954,Severe_Fault,Severe_Fault_022_window_004.csv,3
1.1905,5.550162767883479,30.80430675,5.676407050238733,19.0,-13.88,32.88,-0.0607999999999999,11.07143682454992,122.57671336,11.071603768199076,19.61,-19.61,39.22,6.176699999999999,5.8313420505060405,34.00455010999999,8.494478971661534,19.61,-14.14,33.75,0.5209999999999999,3.322546764155472,11.039317,3.363147038117721,4.37,-4.37,8.74,-0.0909,0.9826495764004584,0.9656001900000004,0.9868449726274132,1.48,-3.56,5.04,0.2036,2.608120978789136,6.802295040000001,2.61605580980223,4.37,-4.37,8.74,13.720842595346223,6.220663829024412,38.69665847373266,15.06513126394855,31.138558091215465,3.014067019825538,28.12449107138993,3.874833807825023,2.028307659536942,4.114031961736227,4.373599089994418,7.132138529221092,0.2004993765576342,6.9316391526634575,Severe_Fault,Severe_Fault_022_window_005.csv,3
0.9257,4.327082909998374,18.72364651,4.424993446322831,14.8,-13.88,28.68,-0.2206999999999999,9.41402275916093,88.62382450999999,9.416609421654908,19.61,-19.61,39.22,7.791499999999998,3.845145348358108,14.78514275,8.688648629102227,19.61,-4.62,24.23,0.5703999999999999,3.023375570451015,9.14079984,3.0767118812134493,4.37,-4.37,8.74,-0.0656999999999999,0.9700404682280014,0.9409785100000002,0.9722628245490004,2.33,-2.96,5.29,0.1841999999999999,2.1622466001823195,4.67531036,2.170078339599748,4.37,-4.37,8.74,12.515428910278606,5.206702813850857,27.109754191762438,13.55528365619842,31.138558091215465,3.032243393924703,28.106314697290763,3.404679989688862,1.8785220700892091,3.528845167812249,3.8885332710419234,6.489545438626654,0.2004993765576342,6.289046062069019,Severe_Fault,Severe_Fault_022_window_006.csv,3
1.3508000000000004,3.5255361804979395,12.42940536,3.775455734080324,19.61,-8.52,28.13,-0.4830999999999997,8.44073571378704,71.24601939,8.454549367056769,19.61,-16.55,36.16,8.207299999999998,3.3934006114810558,11.51516771,8.881156512526958,19.61,-2.02,21.63,0.2891,3.02768462525409,9.16687419,3.0414557369785937,4.37,-4.37,8.74,-0.1607,1.1615397152056404,1.3491745100000003,1.172603513554347,3.06,-3.67,6.73,-0.2586,1.9847508760547252,3.93923604,2.001526917131019,3.14,-4.37,7.51,12.105552927191036,4.250176505390874,18.06400032697658,12.82998098205917,33.96551633642569,5.879540798395738,28.08597553802995,3.4331624962342464,1.6867001139653253,2.8449572744506413,3.825122481699115,6.489545438626654,0.3318132004607411,6.157732238165913,Severe_Fault,Severe_Fault_022_window_007.csv,3
0.9222,4.1130024507651335,16.916789159999997,4.215120638842974,19.61,-10.29,29.9,-0.5035999999999998,9.261826765816773,85.78143503999998,9.275507964526794,19.61,-19.61,39.22,8.0347,4.135952479175746,17.10610291,9.036730990795288,19.61,-19.61,39.22,0.1433,3.2093167668524094,10.299714110000002,3.212514435765231,4.37,-4.37,8.74,-0.0979,0.9210019489664504,0.8482445900000001,0.9261905851389336,3.06,-3.67,6.73,-0.0076999999999999,2.19166916070834,4.80341371,2.19168268688695,4.37,-4.37,8.74,12.816175245109216,4.605480331805763,21.210449086649724,13.618546067770964,33.96551633642569,5.930750374109502,28.034765962316182,3.537101046387406,1.862918996533427,3.4704671876451108,3.997693209839895,6.359544008810695,0.2118962010041709,6.147647807806524,Severe_Fault,Severe_Fault_022_window_008.csv,3
0.2628,6.058480845888679,36.70519016,6.064177932745707,17.86,-19.61,37.47,0.0336999999999999,10.517669480925896,110.62137131,10.517723470409363,19.61,-19.61,39.22,7.873099999999999,4.49874397915685,20.23869739000001,9.06776714522379,19.61,-19.61,39.22,0.1956,3.291012099643512,10.830760639999996,3.296819679630659,4.37,-4.37,8.74,-0.1537,0.7032249355647168,0.49452531,0.7198256733404276,2.06,-1.98,4.04,0.1059,2.4562215270614334,6.033024189999999,2.4585034065463485,4.37,-4.37,8.74,14.03294855523644,5.718174258107874,32.69751684608753,15.153255821769788,32.62294591234826,4.18055020302352,28.44239570932473,3.6962475114928464,1.9414330618857156,3.769162333782944,4.175093771402027,6.434119986447254,0.1994993734326,6.234620613014654,Severe_Fault,Severe_Fault_022_window_009.csv,3
0.7209000000000003,5.980732579709613,35.76916219,6.024023489330034,17.86,-19.61,37.47,-0.5281000000000003,10.124999426666651,102.51561339,10.138762399819813,19.61,-19.61,39.22,8.019599999999999,3.869328086373653,14.97169984,8.904250894937766,19.61,-4.82,24.43,0.3945999999999999,3.256610329775424,10.605510839999996,3.280429849882481,4.37,-4.37,8.74,-0.3443,0.9852311962174156,0.97068051,1.0436584690405188,2.85,-3.99,6.84,0.0947,2.580903506526348,6.661062909999998,2.5826403156459867,4.37,-4.37,8.74,13.721005043468589,5.486626157950762,30.103066597109542,14.777315250071643,32.62294591234826,3.31748398639692,29.305461925951334,3.903981228502999,1.8109126338662,3.279404567496217,4.3035420295379945,6.80560798165748,0.1994993734326,6.60610860822488,Severe_Fault,Severe_Fault_022_window_010.csv,3
1.4553999999999996,4.5170256629777965,20.40352084,4.745704373430777,11.54,-16.81,28.35,0.0339999999999996,11.211294840472265,125.693132,11.211346395504869,19.61,-19.61,39.22,6.587700000000001,5.050183136283277,25.50434971,8.300731353320622,19.61,-19.09,38.7,0.5993999999999999,3.4509937177572487,11.909357639999998,3.5026615594430472,4.37,-4.37,8.74,-0.0072,1.186744353262319,1.4083621599999996,1.1867661943280992,4.37,-3.34,7.71,0.2781,2.7239874063585536,7.420107389999999,2.738146635956519,4.37,-4.37,8.74,13.694820479044974,5.437833304426535,29.570031046730413,14.734929215982003,28.03458934958741,1.895468279871758,26.139121069715653,4.209948711434144,1.8576412051561464,3.4508308470939806,4.601575708385118,7.563292933636776,0.2449489742783178,7.318343959358459,Severe_Fault,Severe_Fault_023_window_001.csv,3
0.8924999999999998,6.071025016420209,36.85734475,6.136277454613668,19.61,-19.61,39.22,-0.1185000000000002,11.81259703663847,139.53744874999998,11.813191397755308,19.61,-19.61,39.22,6.242700000000001,6.015717888165967,36.18886171,8.669496236806381,19.61,-18.0,37.61,0.7936,3.521303599521064,12.39957904,3.609623249038603,4.37,-4.37,8.74,-0.1863,1.1876217032371883,1.41044531,1.2021451659429487,4.37,-3.34,7.71,0.1438999999999999,2.6616419349717195,7.084337789999999,2.665529028166829,4.37,-4.37,8.74,14.549476538646251,6.377953390499357,40.67828945138225,15.886017657046716,33.96551633642569,4.07898271631543,29.886533620110256,4.305655316963791,1.7438206018686195,3.0409102915014343,4.645382438508158,7.563292933636776,0.8315046602394963,6.73178827339728,Severe_Fault,Severe_Fault_023_window_002.csv,3
1.4228999999999998,7.04863749883621,49.683290589999984,7.190822970981833,19.61,-19.61,39.22,-0.0956999999999999,13.254666518249335,175.68618450999998,13.255011995467976,19.61,-19.61,39.22,5.287999999999999,7.1135064490024895,50.60197400000001,8.86368535091358,19.61,-18.0,37.61,0.7022999999999999,3.6171999820303,13.08413571,3.68474707408799,4.37,-4.37,8.74,-0.2595,1.2737585132198332,1.62246075,1.2999234592851996,2.53,-3.53,6.06,0.1435999999999999,2.8377362527197625,8.05274704,2.8413672765061544,4.37,-4.37,8.74,16.21044184665539,6.571892507961752,43.1897711362038,17.491946604080404,33.96551633642569,4.362178354904806,29.60333798152088,4.432574947149072,1.9216683735510676,3.692809337906404,4.831203783737548,7.117211532615847,0.2903446228191595,6.826866909796687,Severe_Fault,Severe_Fault_023_window_003.csv,3
1.9987,5.774738202723999,33.347601309999995,6.110843067858967,19.61,-19.61,39.22,0.6524000000000001,12.779206948789897,163.30813024,12.795849170727202,19.61,-19.61,39.22,5.978899999999999,5.711576471518175,32.622105790000006,8.2685761168414,19.61,-14.75,34.36,0.3899,3.55819546821138,12.66075499,3.579493958648345,4.37,-4.37,8.74,-0.0844999999999999,1.4100718953301636,1.98830275,1.4126015007779087,3.35,-3.67,7.02,0.1634999999999999,2.783643790070849,7.748672750000001,2.7884413208816143,4.37,-4.37,8.74,15.307617169704516,5.926412623650805,35.122366585767615,16.41479546019383,33.96551633642569,4.249764699368661,29.715751637057025,4.31391287266153,1.9934344050119,3.9737807270851486,4.752223163951794,7.187676954343455,0.2903446228191595,6.897332331524295,Severe_Fault,Severe_Fault_023_window_004.csv,3
1.7391,4.933407969142629,24.33851419,5.230963869116284,19.61,-14.47,34.08,-0.5336,10.947536482697831,119.84855504,10.960533016236026,19.61,-19.61,39.22,7.2272,4.144569719524573,17.17745816,8.331259088517173,19.61,-6.46,26.07,0.0712999999999999,3.532585074700962,12.47915731,3.53330454390787,4.37,-4.37,8.74,0.0419999999999999,1.2516397245213975,1.5666020000000005,1.2523442018870052,4.37,-3.67,8.04,-0.0837999999999999,2.6770482924295558,7.166587559999999,2.678359572574228,4.37,-4.37,8.74,13.827218874112148,5.070913449014563,25.714163207396773,14.727733871848717,33.94820466534276,2.927609946697135,31.020594718645626,4.159391044302007,1.9813336772437564,3.925683140580266,4.607191877923038,7.569062029075994,0.1360147050873544,7.43304732398864,Severe_Fault,Severe_Fault_023_window_005.csv,3
1.9526,5.177067436300208,26.80202724,5.533052864377857,19.61,-10.83,30.44,-0.4091999999999999,11.65148906191822,135.75719735999996,11.658672394402371,19.61,-19.61,39.22,7.016800000000001,5.077569867564601,25.78171576,8.66124690792267,19.61,-16.58,36.19,0.1030999999999999,3.538390508409156,12.52020739,3.53989222999797,4.37,-4.37,8.74,0.0455,1.1209579608531268,1.25654675,1.121881009733207,4.37,-2.19,6.5600000000000005,-0.185,2.7250528435243235,7.425913000000001,2.731325319327597,4.37,-4.37,8.74,14.681742990672385,5.099307478064276,26.00293675584224,15.54208846970059,33.96551633642569,2.927609946697135,31.03790638972855,4.159836610463206,1.986290858421793,3.945351374249984,4.609727974620628,7.569062029075994,0.1360147050873544,7.43304732398864,Severe_Fault,Severe_Fault_023_window_006.csv,3
1.2519,5.570716236714988,31.03287939,5.709652616403208,19.61,-19.61,39.22,0.6166999999999999,11.490591634463389,132.03369611,11.507128877352509,19.61,-19.61,39.22,6.8875,4.674666913267725,21.85251075,8.324071539817519,19.61,-16.58,36.19,0.6486,3.493867490332168,12.207110039999998,3.553560468037656,4.37,-4.37,8.74,0.0867,1.0940293003388897,1.19690011,1.0974593386545126,4.14,-3.01,7.15,0.1445,2.442939366828412,5.96795275,2.4472092268541323,4.37,-4.37,8.74,14.240855991470468,5.612694150779971,31.5023356301997,15.307002155876244,33.96551633642569,4.799770827862513,29.165745508563173,4.061338172907832,1.8238898665439405,3.3265742452816727,4.452082883325511,7.438642349246265,0.4149698784249286,7.023672470821337,Severe_Fault,Severe_Fault_023_window_007.csv,3
1.6442,5.604901815375538,31.41492436,5.841088768371868,16.34,-19.61,35.95,-0.2298,11.810156474831317,139.47979596000002,11.81239196775996,19.61,-19.61,39.22,6.178000000000001,5.053593572894441,25.538808000000003,7.981634669665105,19.61,-12.45,32.06,0.8377000000000001,3.504107548292432,12.27876971,3.6028476237554097,4.37,-4.37,8.74,0.0003,1.1880315273594384,1.41141891,1.1880315652372206,1.95,-4.09,6.04,0.2951999999999999,2.632175328506823,6.92834696,2.6486770282539167,4.37,-4.37,8.74,14.259015474069509,5.834200177423318,34.03789171024627,15.406408212169378,31.826526671944585,4.799770827862513,27.02675584408207,4.26500615645958,1.7936394524435175,3.2171424853618813,4.626815319417882,7.410931115588649,0.8213403679352428,6.589590747653406,Severe_Fault,Severe_Fault_023_window_008.csv,3
1.7157,5.4699512347003605,29.92036651,5.73271253421973,16.34,-17.76,34.1,-0.3516999999999999,11.14704813437172,124.25668211000004,11.152594989508046,19.61,-19.61,39.22,6.559500000000002,5.020504631010712,25.205466750000006,8.26029702855775,19.61,-12.45,32.06,0.4581999999999999,3.4360484222432026,11.806428760000005,3.466464481283488,4.37,-4.37,8.74,-0.0625999999999999,1.1197549910583118,1.25385124,1.1215034551886145,4.37,-4.09,8.46,0.1589999999999999,2.821314764431647,7.959817,2.8257915705161274,4.37,-4.37,8.74,14.099701303719,5.164813466709588,26.67529814590471,15.015887419663214,31.826526671944585,6.834303183207488,24.992223488737096,4.224431806682047,1.8475442919435148,3.4134199106930634,4.610774772204776,7.569062029075994,0.6531462317123172,6.9159157973636765,Severe_Fault,Severe_Fault_023_window_009.csv,3
1.0199,5.749197943191729,33.05327699,5.838961637140631,19.61,-17.76,37.370000000000005,0.3078000000000002,9.855224663091148,97.12545316000002,9.860030121657845,19.61,-19.61,39.22,7.4167,5.108793997608437,26.099776109999997,9.005954419160693,19.61,-11.15,30.76,0.2625,3.2979306769548686,10.876346749999998,3.308361074610811,4.37,-4.37,8.74,-0.0578,1.0859848801894068,1.17936316,1.0875219538013934,4.37,-3.65,8.02,-0.0427999999999999,2.6970714043198782,7.274194159999999,2.697410980922262,4.37,-4.37,8.74,13.61612300311234,5.198276287781842,27.02207636411497,14.574665759460832,33.96551633642569,7.739857879832162,26.225658456593525,3.980362321059237,1.8869813971239675,3.56069879309192,4.404995232687544,7.569062029075994,0.438520238985614,7.13054179009038,Severe_Fault,Severe_Fault_023_window_010.csv,3
1.5598,6.002380691025853,36.02857396,6.201737659720862,19.61,-19.61,39.22,-0.0719000000000001,11.016894816144884,121.37197139,11.017129435565328,19.61,-19.61,39.22,6.189800000000002,7.334933398470636,53.80124796,9.59764929553065,19.61,-19.61,39.22,0.3473999999999999,3.42475272684029,11.728931240000003,3.4423274103431822,4.37,-4.37,8.74,-0.0549999999999999,1.2521329801582577,1.567837,1.2533403368598652,3.74,-3.65,7.390000000000001,-0.0389999999999999,2.711628846284093,7.352931000000002,2.7119092905183977,4.37,-4.37,8.74,14.722933671102773,5.932013748830011,35.18878711630828,15.873045170980898,33.96551633642569,5.467083317455479,28.498433018970207,4.126653315531131,1.935371905711128,3.745664413415922,4.557952610547854,7.223669427652404,0.3488552708502481,6.874814156802156,Severe_Fault,Severe_Fault_023_window_011.csv,3
0.7895,4.654111811076309,21.66075675,4.720600279625463,14.59,-17.15,31.74,0.6528,10.57491646113576,111.82885816000002,10.595046295321223,19.61,-19.61,39.22,7.005499999999999,5.4322336796201975,29.509162749999994,8.864885391250132,19.61,-17.91,37.52,0.4534,3.231574606906052,10.44307444,3.263226317618808,4.37,-4.37,8.74,-0.0644,1.0219288820656751,1.0443386400000003,1.0239560537444954,4.37,-2.36,6.73,0.0250999999999999,2.4372605502900178,5.94023899,2.4373897923803653,4.37,-4.37,8.74,13.531198946483824,5.480138782063377,30.031921070675068,14.598810430990602,26.34575108058224,3.309939576487764,23.03581150409447,3.635627379118697,2.1024306314840726,4.420214560202517,4.199762017067158,7.506090860094887,0.10770329614269,7.398387563952197,Severe_Fault,Severe_Fault_024_window_001.csv,3
1.1994999999999998,5.322240951892352,28.326248750000005,5.455735422470558,15.15,-13.97,29.12,0.4283000000000002,11.138513819626027,124.06649011,11.14674530973055,19.61,-19.61,39.22,7.476500000000001,5.02509609360856,25.25159075,9.008309663860365,19.61,-10.41,30.02,0.3975,3.2244048675685875,10.39678675,3.248814091326249,4.37,-4.37,8.74,0.0481,1.057006806979028,1.1172633900000002,1.0581006568375242,4.17,-2.23,6.4,-0.0233,2.648059310136388,7.01221811,2.6481618152975472,4.37,-4.37,8.74,14.273958734112306,5.605240856275402,31.418725056859,15.33507818695425,30.817154313790883,2.986419260586162,27.83073505320472,3.7457914876343015,2.157817677925177,4.656177131166405,4.3228614365949785,7.45538060731979,0.10770329614269,7.3476773111771,Severe_Fault,Severe_Fault_024_window_002.csv,3
2.2338000000000005,6.080100620877914,36.96762356,6.477459841635454,19.61,-13.47,33.08,0.218,13.133208214294024,172.48115800000002,13.135017396257988,19.61,-19.61,39.22,6.0681,6.299556443909364,39.68441139,8.746785066525872,19.61,-19.61,39.22,0.4169,3.681878513748112,13.556229390000004,3.705406185561848,4.37,-4.37,8.74,0.0365,1.1884833822986338,1.4124927500000004,1.1890437334261512,4.17,-3.99,8.16,0.0205999999999999,2.942052963493349,8.65567564,2.942125082317202,4.37,-4.37,8.74,16.03149985696406,5.829530798971835,33.983429336161194,17.058499846117773,33.96551633642569,2.986419260586162,30.97909707583953,4.496224165201561,1.8931265822066752,3.5839282562575274,4.878520267458156,7.45538060731979,0.2805352027821107,7.174845404537679,Severe_Fault,Severe_Fault_024_window_003.csv,3
1.7525999999999995,5.682525252033642,32.29109324,5.946654521661738,19.61,-19.61,39.22,0.4635000000000001,12.556057054266676,157.65456875,12.5646090667398,19.61,-19.61,39.22,6.185100000000001,6.284113858771179,39.49008699,8.817343647607254,19.61,-19.61,39.22,0.3897,3.5378856553031786,12.51663491,3.5592837762673546,4.37,-4.37,8.74,0.0149,1.277290487712173,1.6314709899999995,1.2773773913765656,3.83,-3.99,7.82,-0.004,2.6206751038615987,6.8679380000000005,2.6206781565083497,4.37,-4.37,8.74,15.42573512895854,5.7466812797661255,33.02434573121443,16.46139878625143,33.96551633642569,4.90645493202577,29.05906140439992,4.148962395548788,1.9885318806401016,3.95425904032206,4.6008855669316535,7.270673971510482,0.1204159457879229,7.150258025722559,Severe_Fault,Severe_Fault_024_window_004.csv,3
1.1786,4.737383037078593,22.442798039999992,4.881792293819966,19.61,-19.61,39.22,-0.3836999999999998,10.668149572910943,113.80941531,10.675047587715945,19.61,-19.61,39.22,7.1157,5.377207873050845,28.91436451,8.918943379122888,19.61,-19.61,39.22,0.575,3.2879770376327144,10.810793,3.3378762709243737,4.37,-4.37,8.74,-0.1704,1.1932677151419124,1.42388784,1.2053729713246435,3.83,-3.93,7.76,-0.0884,2.415293655024167,5.83364344,2.4169108382395903,4.37,-4.37,8.74,13.675738817061667,5.505475075550948,30.31025580751272,14.74232301911744,32.68629988236662,4.90645493202577,27.77984495034085,3.8837869741580295,1.8308464543375629,3.351998739360426,4.29369304911285,7.270673971510482,0.1204159457879229,7.150258025722559,Severe_Fault,Severe_Fault_024_window_005.csv,3
0.8173,4.689090712494268,21.98757171,4.759784764041332,19.61,-17.05,36.66,0.0616,9.725196935795182,94.57945544,9.72539202294694,19.61,-19.61,39.22,7.242099999999999,4.736049048521352,22.43016059,8.653217494088542,19.61,-19.61,39.22,0.4813000000000001,3.257109041773087,10.608759309999998,3.2924776384965773,4.37,-4.37,8.74,-0.3425999999999999,0.9222338315199676,0.8505152400000001,0.9838140068122632,1.61,-4.37,5.98,-0.0742,2.5334846279383663,6.418544360000001,2.534570969612017,4.37,-4.37,8.74,12.962073892806185,4.909339507248647,24.10161439743238,13.860626753505777,32.68629988236662,4.42147034367528,28.264829538691338,3.863845759849327,1.8174281124969929,3.303044944094381,4.26993547960622,6.570136984873299,0.2624880949681337,6.307648889905165,Severe_Fault,Severe_Fault_024_window_006.csv,3
1.1981,4.327419946111077,18.726563390000003,4.490212355780069,13.34,-17.05,30.39,0.3403,10.614327529806117,112.66394891,10.619781212435592,19.61,-19.61,39.22,6.1037,5.639919264493066,31.80868931,8.310465871417799,18.04,-19.61,37.65,0.3708999999999999,3.3213925076690347,11.03164819,3.342037552152878,4.37,-4.37,8.74,-0.2356999999999999,0.9534361593730332,0.90904051,0.9821379740138348,1.61,-4.37,5.98,0.0739,2.603438839304661,6.77789379,2.604487473573256,4.37,-4.37,8.74,13.342488627025467,4.897305405801859,23.98360023769611,14.212867515037209,28.660066294410417,3.899448678980145,24.76061761543027,3.866285794837527,1.9922347132397715,3.9689991526375534,4.349386738380481,6.536872340806419,0.076157731058639,6.460714609747781,Severe_Fault,Severe_Fault_024_window_007.csv,3
1.8688,4.301859895440575,18.50599856,4.690246475399774,19.61,-6.48,26.09,-0.4977,10.099958203378865,102.00915571,10.112213457003367,19.61,-19.61,39.22,6.7911,5.306221423009032,28.15598579,8.61829594525507,19.61,-17.05,36.66,0.6747,3.27457095052161,10.722814910000002,3.3433568460456025,4.37,-4.37,8.74,-0.1785999999999999,0.8817664316586339,0.7775120400000002,0.8996721625125454,2.54,-3.15,5.69,0.192,2.452766193504795,6.016062,2.4602694974331576,4.37,-4.37,8.74,13.197216033373046,4.935968696059716,24.36378696848145,14.090077998364665,30.28150920941689,3.899448678980145,26.382060530436743,3.7919798080552223,1.9134419602646648,3.661260135301482,4.247395790363785,6.936591381939691,0.076157731058639,6.860433650881053,Severe_Fault,Severe_Fault_024_window_008.csv,3
1.6123999999999996,4.752920601062046,22.59025424,5.018972803273594,19.61,-15.46,35.07,-0.8461,9.189583004141156,84.44843579,9.228451711961222,19.61,-19.61,39.22,8.1344,3.540392723978514,12.53438064,8.871462337179818,19.61,-7.28,26.89,0.5053,3.2925325981681635,10.840770909999998,3.331080755550667,4.37,-4.37,8.74,-0.1669,0.7766913093372424,0.6032493899999999,0.7944211729303292,2.54,-3.15,5.69,0.1566,2.504032835247972,6.270180439999999,2.508924869341448,4.37,-4.37,8.74,12.88194913784323,4.807560650685546,23.112639410020037,13.749809198676177,33.96551633642569,3.68001358693144,30.285502749494245,3.76209215052923,1.9668682342562631,3.868570650926351,4.245221784547893,6.936591381939691,0.09,6.846591381939692,Severe_Fault,Severe_Fault_024_window_009.csv,3
1.4775000000000005,4.225324928333914,17.853370749999996,4.476201179571803,19.61,-15.46,35.07,-0.9536000000000004,9.486555067040934,89.99472704,9.534363114545195,19.61,-19.61,39.22,7.878299999999999,3.6602912602687785,13.397732110000003,8.687079083328298,19.61,-7.04,26.65,0.0722999999999999,3.406536027990897,11.60448771,3.4073031858054548,4.37,-4.37,8.74,-0.1414999999999999,0.7948161737156585,0.6317327499999998,0.8073134459427763,3.75,-1.94,5.69,-0.0229999999999999,2.6134702982815776,6.830226999999999,2.6135715027525075,4.37,-4.37,8.74,12.78845708213159,4.781335112547374,22.86116545847841,13.653050941090054,33.96551633642569,2.03324863211561,31.93226770431008,3.9217808878862495,1.926618973074369,3.711860667410136,4.369465184665052,7.228851914377553,0.1122497216032182,7.116602192774335,Severe_Fault,Severe_Fault_024_window_010.csv,3
0.8164999999999998,4.137500302114794,17.118908750000006,4.217295460363194,11.65,-13.75,25.4,-1.0813,9.987835366584696,99.75685531000003,10.046196543966278,19.61,-19.61,39.22,7.736099999999999,3.824873042337485,14.629653790000004,8.629999826187715,19.61,-7.04,26.65,0.0387999999999999,3.447198363889145,11.883176559999995,3.4474167140048504,4.37,-4.37,8.74,-0.1233999999999999,0.7396015413721093,0.54701044,0.7498253129896323,3.75,-1.94,5.69,0.0259,2.5056456632971877,6.278260190000002,2.5057795194310293,4.37,-4.37,8.74,13.08710195932112,4.681485373931368,21.916305306333324,13.899228144037352,29.203196742822524,2.03324863211561,27.169948110706912,3.956649074555313,1.75236386085213,3.070779100820584,4.327337634157982,7.228851914377553,0.3702701716314723,6.858581742746081,Severe_Fault,Severe_Fault_024_window_011.csv,3
0.5317999999999999,5.275770157995892,27.83375076,5.302505256951661,19.61,-19.61,39.22,-0.4227000000000001,10.409375279525664,108.35509370999998,10.417954165765943,19.61,-19.61,39.22,6.6677,4.779612924704259,22.84469971,8.203835871103225,19.61,-9.29,28.9,0.7603,3.2398766812951387,10.49680091,3.3278907734479506,4.37,-4.37,8.74,0.1393,1.6087419028545256,2.5880505099999995,1.6147615923101466,4.37,-4.37,8.74,0.1837,2.212599220374083,4.89559531,2.2202119268214013,4.37,-4.37,8.74,13.259652341807724,5.304231685587738,28.134873774392943,14.281220326008558,33.96551633642569,3.536693370932798,30.428822965492888,3.946495975599843,1.7426481327491905,3.03682251457424,4.314122506373689,7.569062029075994,0.7148426400264607,6.854219389049533,Severe_Fault,Severe_Fault_025_window_001.csv,3
0.6302,5.929556641098895,35.15964196,5.962951785818832,19.61,-19.61,39.22,0.4865,10.463120507286536,109.47689075000002,10.474424709739433,19.61,-19.61,39.22,6.6183000000000005,5.655547021288038,31.98521211,8.70557907321506,19.61,-13.45,33.06,0.4533,3.3172582217849724,11.004202109999996,3.3480864684174456,4.37,-4.37,8.74,-0.1635,1.7663337028998796,3.11993475,1.773884720042427,4.37,-4.37,8.74,-0.0649,2.134808888401957,4.55740899,2.135795168081433,4.37,-4.37,8.74,13.782359692734907,5.577099183274055,31.10403530007613,14.868001681463449,33.04580306181104,3.536693370932798,29.50910969087824,3.9797164730422607,1.7549438151109182,3.079827794196065,4.34947939413443,7.569062029075994,0.6715653356152326,6.897496693460761,Severe_Fault,Severe_Fault_025_window_002.csv,3
0.9995,6.227816210358171,38.785694750000005,6.30751099880135,19.61,-19.61,39.22,0.7764000000000002,11.5608419693377,133.65306704,11.586883273771251,19.61,-19.61,39.22,6.510600000000002,5.843605705384305,34.14772764,8.748465008217156,19.61,-15.78,35.39,0.2774,3.5426743062268646,12.550541239999998,3.553518256601477,4.37,-4.37,8.74,-0.1324,1.3769314579891043,1.8959402400000005,1.383282328376966,4.37,-3.76,8.129999999999999,0.0103,2.523673693249585,6.368928909999999,2.5236947121234774,4.37,-4.37,8.74,14.63135468304768,6.041494776862654,36.49965913885873,15.829598826249514,33.96551633642569,3.6656377344194833,30.299878602006203,4.21854563596231,1.7646160254580447,3.113869717303347,4.572745018038946,7.569062029075994,0.6715653356152326,6.897496693460761,Severe_Fault,Severe_Fault_025_window_003.csv,3
0.8438,5.124193747312839,26.25736156,5.193203250403357,19.61,-19.61,39.22,1.221,10.909646327906328,119.02038300000002,10.977760427336715,19.61,-19.61,39.22,6.898000000000001,4.850469667980617,23.527056,8.432642527701503,19.61,-15.78,35.39,0.6601,3.385152727721454,11.45925899,3.448911567436892,4.37,-4.37,8.74,0.0291999999999999,1.031641100383268,1.06428336,1.0320542621393507,3.27,-2.24,5.51,0.0958999999999999,2.4419492603246287,5.963116190000001,2.443831622677798,4.37,-4.37,8.74,13.674080985040597,5.622237385112008,31.60955321455111,14.784790969100646,33.96551633642569,3.6656377344194833,30.299878602006203,3.971456838159645,1.777630609163498,3.159970582634989,4.35114237873228,6.818225575617164,0.6994998213009064,6.118725754316257,Severe_Fault,Severe_Fault_025_window_004.csv,3
1.1168,5.145915249982261,26.48044376,5.265708499337957,19.61,-19.61,39.22,0.1381,10.47245956736048,109.67240939000004,10.473370087989824,19.61,-19.61,39.22,7.196300000000001,4.4714052947591325,19.99346531,8.472319576125537,19.61,-10.86,30.47,0.5703,3.1141764416936946,9.69809491,3.165965413582404,4.37,-4.37,8.74,-0.0260999999999999,0.9681321139183432,0.93727979,0.9684838666699616,3.27,-3.07,6.34,0.0213999999999999,2.345410420374225,5.500950040000001,2.345508047310859,4.37,-4.37,8.74,13.365665091766608,5.527961889768376,30.55836265473155,14.463725868530556,32.75529117562535,5.464988563574493,27.29030261205086,3.570698524734538,1.926867417716796,3.712818045458593,4.057426031365205,6.90063040598466,0.3438022687534217,6.556828137231238,Severe_Fault,Severe_Fault_025_window_005.csv,3
0.7684000000000001,5.44029074958315,29.59676344,5.494288124953041,18.74,-19.61,38.35,-1.7827000000000002,10.329442371686866,106.69737971,10.482146678996628,19.61,-19.61,39.22,6.799600000000002,4.915365687311576,24.16081984,8.390195468521577,19.61,-11.9,31.51,0.2048,3.229917794619547,10.432368959999998,3.236404177478456,4.37,-4.37,8.74,-0.0522,0.9425365563202308,0.8883751599999999,0.9439809320108112,2.79,-3.07,5.859999999999999,0.0139999999999999,2.67458146258438,7.153386,2.6746181035803973,4.37,-4.37,8.74,13.43517903375564,5.473019763433431,29.953945330932928,14.507169985906968,29.200065068420653,2.471011938457603,26.72905312996305,3.725634523610368,2.153750541841499,4.63864139648255,4.303370074720509,6.90063040598466,0.2519920633670831,6.648638342617577,Severe_Fault,Severe_Fault_025_window_006.csv,3
0.0303999999999999,5.305109785857405,28.14418984,5.3051968860731264,15.44,-19.61,35.05,-0.5382999999999999,9.75015046601846,95.06543411,9.764998771121274,19.61,-19.61,39.22,6.9606,4.210280470467496,17.726461640000004,8.134888690080523,16.46,-11.9,28.36,0.0555,3.130561730744181,9.80041675,3.1310536565188407,4.37,-4.37,8.74,0.062,1.4337301001234506,2.055582,1.4350700331342718,4.37,-4.37,8.74,-0.0731999999999999,2.5200979663497214,6.350893760000002,2.521160843738456,4.37,-4.37,8.74,12.877918421460874,4.882207096201334,23.835946130198664,13.77231748835322,29.200065068420653,2.471011938457603,26.72905312996305,3.716776769522716,2.098748542712131,4.404745445536293,4.268392554580705,7.1673356276931806,0.2519920633670831,6.915343564326098,Severe_Fault,Severe_Fault_025_window_007.csv,3
0.5718,5.660832338093048,32.04502276,5.689637774059083,19.61,-19.61,39.22,0.1358999999999998,10.26115861830427,105.29137619,10.262058516691472,19.61,-19.61,39.22,7.437200000000001,5.037064637266431,25.37202016,8.982425284966194,19.61,-14.71,34.32,0.3158,3.0845963042187545,9.51473436,3.100719916406512,4.37,-4.37,8.74,0.0116999999999999,1.6257300237124244,2.64299811,1.6257721242535803,4.37,-4.37,8.74,-0.0076,2.255787720509179,5.08857824,2.255800523095959,4.37,-4.37,8.74,13.791814272358303,5.305812480362804,28.15164607677369,14.777204979291586,31.53417669767201,5.164436077637132,26.369740620034875,3.720497919992361,1.8719322176116628,3.504130227332518,4.164881150765289,7.1673356276931806,0.2922327839240491,6.875102843769131,Severe_Fault,Severe_Fault_025_window_008.csv,3
1.2046,4.833324822521242,23.36102884,4.981173556502523,19.61,-14.31,33.92,0.0486999999999998,10.128578148486588,102.58809531,10.128695226928292,19.61,-19.61,39.22,6.9308000000000005,5.2324121932431895,27.37813736,8.684130699154636,19.61,-14.71,34.32,0.5513,3.3808140010950027,11.429903310000002,3.425468581084929,4.37,-4.37,8.74,0.0768,1.3933491163380411,1.94142176,1.395464080512286,4.18,-3.82,8.0,0.1395999999999999,2.364015194536617,5.58856784,2.368133442186061,4.37,-4.37,8.74,13.38065088445395,4.875947590813687,23.7748649083618,14.241372230231184,31.53417669767201,5.963732053001711,25.570444644670296,4.018874976556886,1.7713991427131512,3.1378549228048875,4.391948428658971,7.460978488107307,0.3432200460346103,7.117758442072697,Severe_Fault,Severe_Fault_025_window_009.csv,3
0.5767,4.323546011088583,18.69305011,4.361838259266384,19.61,-19.61,39.22,0.5987,9.235173810492146,85.28843531000001,9.254559795041578,19.61,-19.61,39.22,7.232099999999999,3.70678925621622,13.740286589999997,8.126718710525179,19.61,-6.68,26.29,0.3786,3.147299801417081,9.90549604,3.169989589888269,4.37,-4.37,8.74,0.1196,1.2265919614933076,1.5045278399999995,1.2324090230114353,4.37,-2.07,6.44,0.1495,2.3462286227049574,5.50478875,2.350986814084673,4.37,-4.37,8.74,12.199611008290349,4.678200321320258,21.885558246400965,13.06583587069729,33.96551633642569,2.201045206259971,31.76447113016572,3.649070342314825,1.9439883324851437,3.779090636838368,4.1345864363924,7.460978488107307,0.182208671582886,7.278769816524421,Severe_Fault,Severe_Fault_025_window_010.csv,3
1.5817,5.006413497704719,25.06417611,5.250328656379522,19.61,-14.28,33.89,0.5802999999999997,11.198933025516316,125.41610091000004,11.2139577759148,19.61,-19.61,39.22,6.611399999999999,4.9058724035588215,24.067584040000007,8.232751301964612,15.61,-19.61,35.22,0.5598000000000001,3.3630176865428467,11.30988796,3.40929083534978,4.37,-4.37,8.74,-0.0782,1.0894928912113195,1.18699476,1.0922957474969863,4.37,-3.02,7.390000000000001,0.132,2.564507750037032,6.576700000000001,2.567902646129716,4.37,-4.37,8.74,13.899396797302904,5.282401222088843,27.903762671125705,14.869330650705162,28.210467915296974,4.472281297056346,23.738186618240626,3.99998950623302,1.846776096343496,3.410581950025722,4.405734671992857,7.569062029075994,0.4910193478876367,7.078042681188357,Severe_Fault,Severe_Fault_026_window_001.csv,3
1.7937,5.22699256838959,27.32145131,5.526193174328961,19.61,-7.64,27.25,0.2071000000000002,11.1662157685583,124.68437459,11.168136147092763,19.61,-19.61,39.22,7.078500000000002,4.772766990960276,22.77930475,8.537240010682611,19.61,-12.8,32.41,0.5193000000000001,3.445069594362355,11.86850451,3.483988662438499,4.37,-4.37,8.74,0.0374,1.3150677701168103,1.7294032399999997,1.3155994831254685,4.37,-3.02,7.390000000000001,-0.0110999999999999,2.438588073045548,5.94671179,2.4386133354839177,4.37,-4.37,8.74,14.034504263053725,5.584194936633828,31.183233090326876,15.10465302481325,33.96551633642569,4.929229148660062,29.036287187765623,4.078594891351411,1.7835015313259943,3.180877712242167,4.45149570369331,7.569062029075994,0.4910193478876367,7.078042681188357,Severe_Fault,Severe_Fault_026_window_002.csv,3
1.0477,4.941055728283177,24.414031710000003,5.050911501897454,19.61,-13.41,33.02,0.0290999999999999,10.385118978134049,107.85069619,10.38515974841023,19.61,-19.61,39.22,7.099,4.513677768738039,20.373287,8.412436507932764,19.61,-12.8,32.41,0.7671000000000001,3.4897619675272984,12.17843859,3.5730772451767674,4.37,-4.37,8.74,0.0118,1.0976113884248837,1.2047507600000005,1.097674815234457,4.37,-2.84,7.21,0.0907,2.3776712367356425,5.65332051,2.37940055476164,4.37,-4.37,8.74,13.288752340198537,5.247990019128069,27.541399240867825,14.287488862637828,33.96551633642569,5.4700182815051,28.49549805492059,4.092006705162047,1.6996467647452076,2.8887991249088514,4.430950011002156,7.569062029075994,0.8830628516702534,6.685999177405741,Severe_Fault,Severe_Fault_026_window_003.csv,3
0.4639999999999997,4.896914538768264,23.979772000000004,4.918848239171442,19.61,-17.72,37.33,0.0447,9.82232807994113,96.47812891,9.822429791044575,19.61,-19.61,39.22,7.428999999999999,3.7898969642986335,14.363319,8.33986570635283,19.61,-3.2,22.81,0.7888,3.354928398639828,11.25554456,3.4464111768620995,4.37,-4.37,8.74,-0.0291,0.8515199293028907,0.72508619,0.8520170186093704,3.48,-3.48,6.96,0.1114,2.308780639211963,5.33046804,2.311466633979388,3.86,-4.37,8.23,12.7966798507287,5.145244386611199,26.473539797954054,13.792336821583213,33.96551633642569,4.984546117752347,28.980970218673335,3.845208686617056,1.7779007723618148,3.1609311563647378,4.236338159306927,6.637032469409804,0.1987460691435179,6.438286400266286,Severe_Fault,Severe_Fault_026_window_004.csv,3
0.2252999999999998,4.304198521211585,18.52612491,4.310091066323309,19.61,-17.72,37.33,0.7447999999999998,9.006242332959957,81.11240096,9.03698666591912,19.61,-19.61,39.22,7.9133,4.106916618340334,16.866764110000002,8.915552759083422,19.61,-3.04,22.65,0.6341999999999999,3.3082273742897423,10.944368360000004,3.368468197860861,4.37,-4.37,8.74,0.0743999999999999,0.7938316194256815,0.6301686400000001,0.797310479048156,3.48,-3.48,6.96,0.0964999999999999,2.087517844235109,4.357730749999999,2.089747113887228,4.23,-4.37,8.600000000000001,12.304431474286536,5.322786872925392,28.332060094586872,13.406382584425971,33.96551633642569,4.034364881861828,29.93115145456386,3.6381860523202345,1.7643489588804453,3.112927248702511,4.043429855951504,6.361910090530988,0.1987460691435179,6.16316402138747,Severe_Fault,Severe_Fault_026_window_005.csv,3
0.375,3.983769948177229,15.870423,4.0013807616871455,18.95,-13.26,32.21,0.5706999999999999,8.436636563820915,71.17683650999999,8.455917159007651,19.61,-16.75,36.36,7.7517,5.55091056584413,30.81260811,9.534225768251977,19.61,-19.61,39.22,0.0846,3.1489193130342352,9.91569284,3.1500555550656566,4.37,-4.37,8.74,0.1422,0.9861527062275904,0.97249716,0.9963523473149448,4.37,-4.37,8.74,-0.0071999999999999,1.8722329342258672,3.5052561600000005,1.8722467786058543,4.23,-4.37,8.600000000000001,12.464354377669816,4.8015532849134654,23.05491394786329,13.35720943910067,30.50503728894623,4.034364881861828,26.4706724070844,3.3906399444979245,1.7100984669822712,2.924436766775114,3.797482850520855,6.991902459273871,0.2459674775249768,6.745934981748894,Severe_Fault,Severe_Fault_026_window_006.csv,3
0.1236999999999999,4.58842165782527,21.05361331,4.590088779097851,18.95,-19.61,38.56,0.7053999999999999,8.372297584295485,70.09536684,8.401961437664422,19.61,-19.61,39.22,8.0207,5.477104756164519,29.99867651,9.7123789567747,19.61,-19.61,39.22,0.0965,2.764486706424902,7.642386750000001,2.766170457509804,4.37,-4.37,8.74,0.2369999999999999,1.8167743393168008,3.300669,1.832167568755653,4.37,-4.37,8.74,-0.0188,1.7984127891004331,3.23428856,1.798511050841779,2.99,-4.37,7.36,12.79237570269426,4.727293081787664,22.347299881117507,13.63789485221235,30.50503728894623,5.697560881640493,24.80747640730573,3.3694964050064704,1.6999038139402105,2.8896729766484737,3.7740136459742697,6.991902459273871,0.494064773081425,6.497837686192446,Severe_Fault,Severe_Fault_026_window_007.csv,3
0.0206,5.702340189781736,32.516683640000004,5.70237739894511,19.61,-19.61,39.22,0.9051000000000003,9.3990151074461,88.34148499000001,9.442493897270996,19.61,-19.61,39.22,7.985100000000001,4.500350318586321,20.25315299,9.165968306731155,19.61,-11.31,30.92,0.4854,2.7883738701974674,7.775028840000002,2.8303077571175894,4.37,-4.37,8.74,0.0014999999999999,2.0634317895195857,4.25775075,2.063432334727747,4.37,-4.37,8.74,0.0836,2.1392865726685613,4.57654704,2.1409194286567628,4.37,-4.37,8.74,13.284132878420255,5.4059770318115445,29.22458766847396,14.341993376096642,33.96551633642569,5.697560881640493,28.267955454785195,3.626220326786562,1.92417700370833,3.702457141599967,4.105110351744518,7.569062029075994,0.3967366884975474,7.172325340578446,Severe_Fault,Severe_Fault_026_window_008.csv,3
0.6599,5.419334736847319,29.36918899,5.459364157115735,19.61,-19.61,39.22,1.3851999999999998,10.323953746506229,106.58402096,10.416467731433723,19.61,-19.61,39.22,7.345399999999999,4.700924253803714,22.09868884,8.720870942744193,19.61,-11.31,30.92,0.5602,3.255036706398255,10.59526396,3.3028908549935467,4.37,-4.37,8.74,-0.1152,1.410315907873126,1.98899096,1.4150130741445468,4.37,-4.37,8.74,0.1458,2.395729191707611,5.739518360000002,2.4001616612220107,4.37,-4.37,8.74,13.466697801318611,5.745354412737335,33.00909732796037,14.641073970170355,33.96551633642569,3.955780580365903,30.009735756059783,3.8230613080232807,2.014032828703474,4.056328235095318,4.321125547817373,7.569062029075994,0.1256980508997653,7.443363978176229,Severe_Fault,Severe_Fault_026_window_009.csv,3
1.0807,4.926697931677971,24.27235251,5.043834354932763,18.96,-19.61,38.57,1.2153999999999998,10.32048219997496,106.51235284,10.3918020573912,19.61,-19.61,39.22,6.918100000000001,5.658713580841497,32.02103939,8.937625355764247,19.61,-17.16,36.77,0.5597999999999999,3.434928232146926,11.798731960000003,3.4802453936468334,4.37,-4.37,8.74,-0.0472,0.7754058034345629,0.60125416,0.7768410390807118,1.69,-2.5,4.19,0.0837,2.3939209072147727,5.73085731,2.3953836853414527,4.37,-4.37,8.74,13.390354403391113,5.831755391953969,34.00937095158419,14.6051690164818,29.72891353547923,3.955780580365903,25.77313295511333,3.8151527532439182,1.9743511514964476,3.898062469415348,4.295748246813353,6.666618333158124,0.0640312423743284,6.602587090783795,Severe_Fault,Severe_Fault_026_window_010.csv,3
1.7669,4.111682306550446,16.90593139,4.475250495782331,19.61,-5.78,25.39,0.8412000000000001,9.724307716233584,94.56216056,9.760623853012676,19.61,-19.61,39.22,7.9364,3.536450061855815,12.50647904,8.688666410905645,19.61,-1.36,20.97,0.2643,3.385728948099655,11.463160509999996,3.396029299049112,4.37,-4.37,8.74,-0.0152999999999999,1.2631638492293864,1.59558291,1.2632565060192644,4.15,-4.37,8.52,-0.0709999999999999,2.2711140438119792,5.157959,2.2722235805483577,4.37,-4.37,8.74,12.97676925449473,4.732232952380965,22.394028715600268,13.812695935261878,30.77396627020963,2.9801677805116946,27.79379848969793,3.9197337719773615,1.710999461373416,2.927519156820119,4.276895135492569,6.361910090530988,0.1920937271229854,6.169816363408002,Severe_Fault,Severe_Fault_027_window_001.csv,3
1.4543000000000004,4.775961527273854,22.80980851,4.992474035986567,19.61,-19.61,39.22,-0.3620999999999999,10.82634142219799,117.20966858999998,10.8323951645054,19.61,-19.61,39.22,7.750199999999999,3.999711484594857,15.997691959999996,8.721427176787065,19.61,-11.57,31.18,0.1710999999999999,3.3050697103086946,10.92348579,3.309495580900509,4.37,-4.37,8.74,-0.0790999999999999,0.8969281966802025,0.80448019,0.9004093513508177,3.02,-2.9,5.92,0.0056,2.2333030784020336,4.98764264,2.233310099381633,4.37,-4.37,8.74,13.805463910186116,5.266691582440409,27.73804022454866,14.775955942002534,33.96551633642569,2.590559785065768,31.37495655135992,3.653471269451042,1.8448088473594733,3.403319683295789,4.092819566020472,6.536872340806419,0.1920937271229854,6.344778613683434,Severe_Fault,Severe_Fault_027_window_002.csv,3
0.5797,4.787266956207894,22.91792491,4.8222377585515215,19.61,-19.61,39.22,0.2874999999999999,9.251256279554688,85.58574275000001,9.255722500161724,19.61,-19.61,39.22,8.4957,3.706121761356472,13.735338509999998,9.268886502703548,19.61,-11.57,31.18,0.2532,2.698790795893598,7.28347176,2.7106423592941957,4.37,-4.37,8.74,-0.0532999999999999,0.5827264452554046,0.3395701100000001,0.5851589527641187,2.13,-2.63,4.76,0.0797,1.8382880378221471,3.3793029099999994,1.8400149455914756,4.37,-4.37,8.74,12.953162829216083,5.20098122663548,27.050205719814706,13.958317699493731,33.96551633642569,2.590559785065768,31.37495655135992,2.712785033787785,1.9278084345849824,3.716445360457,3.328009615370725,6.536872340806419,0.14,6.39687234080642,Severe_Fault,Severe_Fault_027_window_003.csv,3
0.6822000000000001,4.461813438502332,19.90777916,4.513665472761578,19.61,-16.21,35.82,0.5622999999999998,8.371452783716814,70.08122171,8.390316025037436,19.61,-19.61,39.22,8.595799999999999,3.6458165559994926,13.29197836,9.337010013917732,19.61,-4.54,24.15,0.3404,2.683244647809812,7.199801840000001,2.704750265736192,4.37,-4.37,8.74,0.1213,0.8348145362893484,0.6969153099999998,0.8435810571604843,4.37,-1.49,5.86,0.0271,1.7353289572873496,3.01136659,1.735540549799975,4.2,-4.37,8.57,12.395986545455916,4.928473654680105,24.289852564875872,13.339802659709774,30.17409982087287,2.2436354427580256,27.93046437811484,2.660152077715477,1.9907272348129543,3.962994923426032,3.3225598564961927,7.569062029075994,0.14,7.429062029075994,Severe_Fault,Severe_Fault_027_window_004.csv,3
0.9303,4.67439139460957,21.84993491,4.766066827059814,19.61,-15.94,35.55,-0.4852000000000002,9.319589527441645,86.85474896,9.332211313509784,19.61,-19.61,39.22,8.4546,3.859711756077129,14.897374839999998,9.293956961380877,19.61,-4.54,24.15,0.2416999999999999,3.0868706014344043,9.528770110000002,3.096318620555708,4.37,-4.37,8.74,0.0187,1.068319853789117,1.1413073100000002,1.068483504786106,4.37,-4.37,8.74,-0.0078,1.9105237920528493,3.65010116,1.910539714321584,4.2,-4.37,8.57,12.98532131063978,5.250202611275523,27.564627459444328,14.006541221872014,33.17143650793556,2.2436354427580256,30.927801065177533,3.2765511862194683,1.9087221704805013,3.643220324083796,3.791966244575498,7.569062029075994,0.189208879284245,7.379853149791749,Severe_Fault,Severe_Fault_027_window_005.csv,3
1.0730000000000002,4.203657811953775,17.670738999999998,4.338440733719892,19.61,-12.07,31.68,-0.9504000000000002,9.104505249600331,82.89201584,9.153975966758926,19.61,-19.61,39.22,7.8584,3.759263417213537,14.13206144,8.711286472157829,19.61,-5.9,25.51,0.1559999999999999,3.259672069395938,10.625461999999995,3.263402825273031,4.37,-4.37,8.74,-0.0096999999999999,0.9822102168069724,0.9647369099999998,0.9822581127178336,4.37,-4.37,8.74,-0.0638999999999999,2.161868587588061,4.67367579,2.1628127519505704,4.37,-4.37,8.74,12.538023262046114,4.615390414730978,21.30182868039059,13.36053352228121,33.17143650793556,4.773698775582725,28.39773773235284,3.560660958859533,1.901073785010332,3.614081536053511,4.036383034351423,7.569062029075994,0.4980963762164909,7.070965652859503,Severe_Fault,Severe_Fault_027_window_006.csv,3
1.2443,5.204041747526627,27.082050509999995,5.350732005996937,19.61,-19.61,39.22,-1.0893000000000002,10.849444341071113,117.71044251,10.903990874904473,19.61,-19.61,39.22,6.164699999999999,5.641804756458699,31.82996091,8.356643285434648,19.61,-19.61,39.22,0.4590000000000001,3.519711777972736,12.388371,3.549514332975711,4.37,-4.37,8.74,0.0191999999999999,1.1164628789171631,1.24648936,1.11662795952815,4.37,-4.37,8.74,-0.0502999999999999,2.432517401787704,5.91714091,2.4330374020964003,4.37,-4.37,8.74,13.61215636796292,5.663041233659395,32.070036014126515,14.743162381253216,33.96551633642569,4.773698775582725,29.191817560842964,4.035886475948799,1.864725543680245,3.477201353253585,4.445849862512229,7.569062029075994,0.4976946855251721,7.071367343550822,Severe_Fault,Severe_Fault_027_window_007.csv,3
0.28,5.51725620213526,30.440115999999996,5.524356614122589,19.61,-19.61,39.22,-1.0810000000000002,10.747590101971698,115.510693,10.801817161940855,19.61,-19.61,39.22,6.393999999999998,6.571446872645323,43.183914,9.168813990915073,19.61,-19.61,39.22,0.5301000000000001,3.402746683195797,11.578684989999998,3.4437902084767016,4.37,-4.37,8.74,-0.0901,1.2484690584872338,1.55867499,1.251716022107251,2.36,-4.37,6.73,0.1209,2.1259257254193997,4.51956019,2.1293607021827,4.37,-4.37,8.74,13.990838264028932,5.959980257499509,35.52136466978391,15.207396884411216,33.96551633642569,5.579292069788066,28.38622426663762,3.778539194682355,1.9191932039920376,3.6833025542492233,4.238002005662574,7.187676954343455,0.1811077027627483,7.006569251580706,Severe_Fault,Severe_Fault_027_window_008.csv,3
0.2443000000000001,4.712297158499239,22.20574451,4.718625541405039,19.61,-19.61,39.22,-0.4062,10.598660649346218,112.33160756,10.606441721897124,19.61,-19.61,39.22,6.926400000000001,6.0891952703128185,37.07829904,9.2224354700914,19.61,-19.61,39.22,0.3363999999999999,3.413626376743653,11.65284504,3.430161803763782,4.37,-4.37,8.74,0.0525999999999999,1.6255765869376932,2.64249924,1.6264273731095402,4.37,-4.3,8.67,0.1299999999999999,2.172980441697532,4.721844000000001,2.1768656366436585,4.34,-4.37,8.71,13.792130252915156,5.43989816877325,29.59249208662256,14.826171083594035,33.96551633642569,5.579292069788066,28.38622426663762,3.8822031187254673,2.019534338643008,4.078518944958251,4.3760735825623405,7.218240782905486,0.1811077027627483,7.037133080142738,Severe_Fault,Severe_Fault_027_window_009.csv,3
1.2302000000000002,4.971342671753779,24.71424796,5.121292805532603,19.61,-11.44,31.05,0.6093000000000001,11.786662314243165,138.92540851,11.802400391445802,19.61,-19.61,39.22,5.8592,6.062154349734095,36.74971536,8.430892005001606,19.61,-17.15,36.76,0.6595,3.607539708721167,13.01434275,3.6673264103431,4.37,-4.37,8.74,0.0773,1.6658318372512877,2.77499571,1.667624358181422,4.37,-4.3,8.67,0.0982,2.38652063892186,5.6954807600000015,2.388540139918105,4.37,-4.37,8.74,14.264753716864115,5.755087870503052,33.12103639721136,15.381945098068709,32.80861319836607,4.531953221294324,28.276659977071745,4.356632515380322,1.7190494832700236,2.955131125930935,4.683521965358976,7.569062029075994,0.5200961449578337,7.04896588411816,Severe_Fault,Severe_Fault_027_window_010.csv,3
0.8111999999999999,5.146274823598134,26.48414456,5.209816695431807,19.61,-14.13,33.74,1.0315000000000003,11.39781148949218,129.91010674999998,11.444391595886607,19.61,-19.61,39.22,7.2544,5.655293859738856,31.98234864,9.198297016296005,19.61,-19.61,39.22,0.4858,3.3903448733130377,11.494438359999998,3.4249729925942485,4.37,-4.37,8.74,-0.1411,0.986126660221698,0.97244579,0.9961701661864804,3.68,-4.37,8.05,0.1473,2.7111694358708016,7.35043971,2.715167950606371,4.37,-4.37,8.74,14.448814525821543,5.827239123153298,33.95671579840841,15.579632762039031,33.96551633642569,4.807088515931447,29.15842782049424,4.029231356286403,1.9647459575014856,3.860226677518431,4.482737110293219,7.569062029075994,0.1933907960581371,7.375671233017856,Severe_Fault,Severe_Fault_028_window_001.csv,3
0.5785999999999999,5.204311293533468,27.08485604,5.236376036917135,19.61,-16.55,36.16,1.2532999999999996,10.801920019607625,116.68147611,10.87438444234891,19.61,-19.61,39.22,6.460800000000001,6.157529647512873,37.91517136,8.925083080845804,19.61,-19.61,39.22,0.6324,3.4349832954470094,11.799110239999996,3.49271241301084,4.37,-4.37,8.74,-0.0445,0.885948503018093,0.78490475,0.8870653865414883,4.11,-2.03,6.140000000000001,0.1422999999999999,2.6206208634596497,6.86765371,2.6244814725960635,4.37,-4.37,8.74,14.085124029051531,5.190208096621476,26.93826008623513,15.010961961180238,30.875781771479083,4.807088515931447,26.06869325554764,4.021323792291289,1.924261665562147,3.702782957552008,4.458007178100996,6.448209053683046,0.2387467277262664,6.209462325956779,Severe_Fault,Severe_Fault_028_window_002.csv,3
0.9604,5.6392600436582105,31.80125384,5.720456450319327,19.61,-19.61,39.22,0.5384999999999998,10.715244315926723,114.81646075,10.728767077348635,19.61,-19.61,39.22,7.096400000000001,5.684597526650413,32.31464904,9.092499216387097,19.61,-19.57,39.18,0.8445000000000001,3.386678424356231,11.469590750000002,3.4903826437799053,4.37,-4.37,8.74,-0.014,1.075369703869325,1.15642,1.0754608314578455,4.11,-4.37,8.48,0.2709,2.202459123343723,4.85082619,2.2190567816078977,4.37,-4.37,8.74,14.175537874556582,5.436702398238456,29.557732967011773,15.18234524044293,32.62821325172435,7.108431613232275,25.51978163849207,3.832024750685557,1.8918737563942487,3.579186310133285,4.273593335824081,7.569062029075994,0.0707106781186547,7.498351350957339,Severe_Fault,Severe_Fault_028_window_003.csv,3
0.7372,5.1850535349213125,26.88478016,5.2371981058577495,17.78,-19.61,37.39,0.5997000000000002,11.317285050311314,128.08094090999998,11.333162885973184,19.61,-19.61,39.22,6.259599999999999,5.864410613181857,34.39131184,8.577523185628822,19.61,-19.61,39.22,0.4226,3.53658412030592,12.507427239999997,3.561743674101212,4.37,-4.37,8.74,-0.1286999999999999,1.1947164140497943,1.4273473099999998,1.2016284783575994,2.95,-4.37,7.32,0.1268,2.2350713098243644,4.99554376,2.238665227317385,4.37,-4.37,8.74,13.96965538941175,5.855890820454163,34.291457301079326,15.147367064939042,32.62821325172435,4.5966183222016594,28.031594929522686,3.960277432293534,1.859503605607296,3.457753659266534,4.375105827291495,7.569062029075994,0.0707106781186547,7.498351350957339,Severe_Fault,Severe_Fault_028_window_004.csv,3
0.1944999999999999,4.321005525337824,18.67108875,4.325380792485212,17.78,-11.9,29.68,0.4101000000000002,10.449425868917391,109.19050098999998,10.457470200770356,19.61,-19.61,39.22,6.5852,5.401026657960503,29.17108896,8.516803860604048,19.61,-19.61,39.22,0.0173,3.368985264141118,11.35006171,3.369029682267582,4.37,-4.37,8.74,-0.1455,1.0958999726252392,1.20099675,1.1055166213133116,2.95,-4.19,7.140000000000001,-0.0968,2.093346067901817,4.382097760000001,2.0955829737808047,4.01,-4.37,8.379999999999999,13.012377728529762,5.592993460577493,31.281575850062605,14.16345826413874,30.186430726404208,2.7233802525538,27.46305047385041,3.6909644528562655,1.8277793651727896,3.3407774077514456,4.118737185109048,6.51124412074989,0.4029888335921977,6.108255287157692,Severe_Fault,Severe_Fault_028_window_005.csv,3
0.944,3.956903587402655,15.657086,4.0679505896704296,17.52,-13.39,30.91,-0.2876999999999998,9.43754818318826,89.06731571,9.441932376372964,19.61,-19.61,39.22,7.4029,4.865723439530858,23.67526459,8.858791847650558,19.61,-17.15,36.76,0.5105,3.0617963273215936,9.37459675,3.1040629826084394,4.37,-4.37,8.74,-0.0167999999999999,0.9299633111042608,0.8648317599999998,0.9301150466474564,2.24,-3.29,5.53,0.0841999999999999,1.851752780475839,3.4289883599999995,1.8536660972246324,4.37,-4.37,8.74,12.551284107450511,5.161566550385669,26.64176925406021,13.571164356826577,31.394665151901208,2.7233802525538,28.67128489934741,3.2223698795221067,1.884869056340169,3.5527313595486816,3.733148671028252,6.270358841406129,0.201246117974981,6.069112723431148,Severe_Fault,Severe_Fault_028_window_006.csv,3
0.9541,5.639552658677815,31.804554190000005,5.719690638487365,19.61,-19.61,39.22,0.0328999999999999,11.149712040676206,124.31607858999996,11.14976058038916,19.61,-19.61,39.22,6.291,6.097413468020682,37.178451,8.761000627782193,19.61,-17.15,36.76,0.6218,3.2197277462543323,10.366646760000004,3.279219724263686,4.37,-4.37,8.74,0.0431,0.9527136978127267,0.9076633899999998,0.9536881041514568,2.91,-3.29,6.2,0.1387999999999999,2.25489125236673,5.08453456,2.25915913560776,4.37,-4.37,8.74,14.028335630333132,6.082183279277752,36.99295344272586,15.2900998688694,33.96551633642569,6.1107200885002095,27.85479624792548,3.572502131715332,2.000957650448758,4.003831518889414,4.0947042628253385,6.830951617454189,0.201246117974981,6.629705499479208,Severe_Fault,Severe_Fault_028_window_007.csv,3
0.3139,5.574866257588607,31.07913379,5.583696535450328,19.61,-19.61,39.22,0.3973,11.12189416016894,123.69652971,11.128988139089731,19.61,-19.61,39.22,6.494900000000001,5.269713748392792,27.769882990000006,8.36382741333177,19.61,-11.81,31.42,0.2865,3.2602231135307287,10.629054749999998,3.27278734414566,4.37,-4.37,8.74,0.0533,0.9132568696703024,0.8340381099999999,0.9148109094233629,2.91,-2.84,5.75,-0.0374,2.348015170308744,5.513175240000002,2.348313011504216,4.37,-4.37,8.74,13.908821342026156,5.61518849867017,31.530341875597752,14.999521759042851,33.96551633642569,2.0722210306818143,31.893295305743877,3.680181853124555,1.875860210125668,3.5188515279327146,4.130688804545799,6.830951617454189,0.19672315572906,6.634228461725129,Severe_Fault,Severe_Fault_028_window_008.csv,3
0.6283000000000001,4.538521577562455,20.59817811,4.58180521192248,17.6,-17.17,34.77,0.0998000000000001,9.917161285367907,98.35008796000002,9.917663434499076,19.61,-19.61,39.22,7.4436,3.777979756430677,14.27313104,8.347473390194185,19.61,-8.42,28.03,0.4138,3.1580205129162797,9.97309356,3.1850155415633377,4.37,-4.37,8.74,0.1011,0.9100031813131204,0.8281057900000001,0.9156019877654265,3.94,-2.19,6.13,0.0401999999999999,2.117807819420828,4.48510996,2.1181893210947886,4.37,-4.37,8.74,12.946942363944997,4.627092221329324,21.409982424686334,13.748938104450104,32.846068257860026,2.0722210306818143,30.77384722717821,3.503193269858605,1.7880195507928247,3.1970139140173743,3.933112889302823,6.536872340806419,0.19672315572906,6.340149185077359,Severe_Fault,Severe_Fault_028_window_009.csv,3
0.7759999999999998,3.89474466428802,15.169036,3.971298528189489,17.6,-17.17,34.77,0.2914000000000001,9.450103070337384,89.30444804000003,9.45459475599034,19.61,-19.61,39.22,8.064799999999998,3.1007107185289,9.614406960000002,8.640335988837471,19.61,-8.42,28.03,0.5469999999999999,3.2573767052645293,10.610503,3.302985316346411,4.37,-4.37,8.74,0.1207999999999999,0.9003751218242317,0.8106753600000001,0.9084426233945654,3.94,-2.19,6.13,0.1653,2.1056754047098525,4.43386891,2.1121536402449514,4.37,-4.37,8.74,12.606566186495511,4.5706092575835,20.89046898550799,13.409548090819465,32.846068257860026,5.222662156410272,27.623406101449756,3.61180821681617,1.7751096881430162,3.1510144049391964,4.024446918521848,6.536872340806419,0.3327160951922825,6.204156245614136,Severe_Fault,Severe_Fault_028_window_010.csv,3
0.9566,5.043842229887846,25.44034444,5.133753792304419,19.61,-19.61,39.22,0.8538,10.557365559646025,111.45796756,10.591833741142278,19.61,-19.61,39.22,7.069399999999998,5.4152971885206815,29.32544364,8.905159178813145,19.61,-19.61,39.22,0.4435,3.4675652481243957,12.02400875,3.495811922858552,4.37,-4.37,8.74,-0.0283,0.9887922481492256,0.97771011,0.989197149207376,4.37,-2.33,6.7,-0.0492,2.1807144150484263,4.75551536,2.1812693552149858,3.76,-4.37,8.129999999999999,13.58358367937553,5.773255963960263,33.33048442540274,14.75954707977179,33.96551633642569,5.06951674225463,28.89599959417105,3.880963915685032,1.701548437497651,2.8952670851506976,4.237587521220063,6.580379928241226,0.3327160951922825,6.247663833048943,Severe_Fault,Severe_Fault_028_window_011.csv,3
1.5850000000000002,4.634657160999074,21.480047000000003,4.898190686365732,19.61,-8.16,27.77,0.1954,9.253139620690916,85.62059284000001,9.255202536951852,19.61,-19.61,39.22,7.8887,4.147740265493972,17.203749310000003,8.912650391438003,19.61,-5.93,25.54,0.3334,3.437271365487456,11.81483444,3.453402669831597,4.37,-4.37,8.74,-0.0784,1.1021231510135334,1.21467544,1.1049081409782444,4.14,-2.92,7.06,0.0964999999999999,2.339055525206702,5.471180749999999,2.3410452793570653,4.37,-4.37,8.74,12.564509036496464,5.58744088754402,31.2194956717987,13.75086844530192,33.96551633642569,2.39716499223562,31.568351344190063,3.883041694655359,1.8839565275154408,3.549292197568038,4.315936167275878,7.260158400475847,0.1723368793961408,7.0878215210797055,Severe_Fault,Severe_Fault_029_window_001.csv,3
0.5767,4.101457559209896,16.82195411,4.141803592639323,19.34,-17.96,37.3,-0.3154999999999999,8.165255583874885,66.67139875,8.17134866469422,19.61,-19.61,39.22,7.294999999999999,4.461653393081987,19.906351,8.551220731568096,19.61,-19.61,39.22,0.1636,3.4401850299075485,11.83487304,3.444072879600547,4.37,-4.37,8.74,-0.0015,0.8316530226001707,0.69164675,0.8316543753266737,3.03,-2.24,5.27,-0.0472,2.2598035666845027,5.10671216,2.2602964407351527,4.37,-4.37,8.74,11.626593330570486,4.676663289732749,21.87117952553394,12.531913341545255,30.13570307791076,1.6713467623446667,28.464356315566093,3.746726491670605,1.903750928197719,3.624267596613677,4.202645238418299,6.882928155952233,0.1723368793961408,6.710591276556092,Severe_Fault,Severe_Fault_029_window_002.csv,3
0.4755,4.727941491812267,22.35343075,4.751792398663898,15.43,-19.61,35.04,-0.2800999999999998,9.148865338936846,83.70173698999999,9.153152080021396,19.61,-19.61,39.22,6.934,4.572611945048475,20.90878,8.305969901221651,17.23,-19.61,36.84,0.4375,3.340374342794532,11.15810075,3.368902937159217,4.37,-4.37,8.74,-0.0245,0.7726841204528536,0.59704075,0.7730724416249748,2.94,-2.24,5.18,0.0647,2.289673974608612,5.242606909999999,2.290587915798038,4.37,-4.37,8.74,12.213486806707976,5.1166004360678965,26.17960002237019,13.24193565910966,29.260857813809903,1.6713467623446667,27.58951105146524,3.7116686851045695,1.848636408819784,3.417456572014107,4.146557729008485,6.843785502191021,0.4482186966202994,6.395566805570722,Severe_Fault,Severe_Fault_029_window_003.csv,3
1.0706999999999998,4.723615194953966,22.31254051,4.843442887038104,19.61,-19.61,39.22,-0.0801,9.857234043584436,97.16506299,9.8575594849841,19.61,-19.61,39.22,7.819100000000001,4.493743004445181,20.193726190000003,9.018428410759826,19.61,-8.14,27.75,0.3663,3.061051667319583,9.37003731,3.0828903645767234,4.37,-4.37,8.74,-0.0424,0.6622690087872147,0.43860024,0.6636248940478349,2.4,-1.86,4.26,0.1678999999999999,2.12515236865501,4.51627259,2.131774612851931,4.37,-4.37,8.74,13.071627900039124,5.5762902581302844,31.09501304291872,14.211350006245008,33.96551633642569,4.37693957006491,29.588576766360777,3.294729254850946,1.9062615605496875,3.6338331372293298,3.806451628485511,6.420194701097468,0.1445683229480096,6.275626378149458,Severe_Fault,Severe_Fault_029_window_004.csv,3
1.0489000000000002,3.934314144803386,15.47882779,4.071734151439654,19.61,-12.57,32.18,-0.0648,8.445910309729793,71.33340096,8.446158890288531,19.61,-19.61,39.22,8.552499999999998,4.00405453883935,16.032452749999997,9.443394993327349,19.61,-8.14,27.75,0.2991,2.84920623858646,8.117976190000002,2.8648624748842657,4.37,-4.37,8.74,0.0294,0.8264536526629911,0.68302564,0.8269764204619138,4.37,-2.59,6.96,-0.0026999999999999,1.6733420779983992,2.8000737100000004,1.6733442562724503,4.37,-4.37,8.74,12.376163436932474,4.891309291215974,23.924906582335712,13.307679286787762,33.96551633642569,5.312927629847785,28.6525887065779,2.8662559092920907,1.86439938383603,3.475985062448168,3.4192700975500605,6.280780206311952,0.1445683229480096,6.136211883363942,Severe_Fault,Severe_Fault_029_window_005.csv,3
0.1174999999999999,4.414920242767699,19.49152075,4.416483555952632,14.62,-19.61,34.23,0.2562999999999998,7.100292903113223,50.41415931,7.10491724089732,19.61,-13.63,33.24,8.6076,3.0095976873994306,9.05767824,9.118577520644326,19.61,-2.11,21.72,0.2011999999999999,2.6685780033568443,7.121308560000001,2.6761520883537244,4.37,-4.37,8.74,-0.0025,0.779392551927461,0.60745275,0.7793965614499463,4.37,-2.59,6.96,-0.0489999999999999,1.44313443587214,2.082637,1.4439660660832718,4.37,-4.37,8.74,11.624572214151216,4.242988668142254,18.002952837983578,12.374717451319848,31.207055292032923,4.7724521998653895,26.43460309216753,2.559460692271422,1.8175389857489967,3.303447964717493,3.1391538668883374,6.209170637049686,0.0360555127546398,6.173115124295046,Severe_Fault,Severe_Fault_029_window_006.csv,3
-0.3851,5.028199179626837,25.282786989999995,5.042924647464009,14.62,-19.61,34.23,-0.1105999999999998,8.146331299425526,66.36271364,8.147082054330863,19.61,-19.61,39.22,7.835199999999999,4.393152963419325,19.29979296,8.982769728764064,19.61,-19.61,39.22,0.2236,2.787115899994114,7.768015039999999,2.79607081455388,4.37,-4.37,8.74,-0.0603,0.5736086732259197,0.3290269099999999,0.5767694513408282,1.8,-2.19,3.99,1.6653345369377347e-17,1.8688178081343296,3.4924800000000005,1.8688178081343296,4.37,-4.37,8.74,12.275460378835737,4.670038488881432,21.80925948763397,13.133780377332338,31.207055292032923,4.309767975193096,26.897287316839822,2.7879427358622872,1.9673663363879916,3.870530301552708,3.4122067639578937,6.436909196190358,0.0360555127546398,6.400853683435718,Severe_Fault,Severe_Fault_029_window_007.csv,3
0.0319999999999999,6.235068564177944,38.87608,6.235150679815203,19.61,-19.61,39.22,-0.7613000000000002,9.84440507648888,96.91231131,9.873798104073224,19.61,-19.61,39.22,6.9889,6.206884386711259,38.52541379,9.347199420147192,19.61,-19.61,39.22,0.2593,3.2501317680980257,10.563356509999998,3.260459016764357,4.37,-4.37,8.74,-0.0775999999999999,0.8307106836919819,0.6900802399999999,0.8343272739159376,1.87,-4.37,6.24,0.0363999999999999,2.1311731604916577,4.5418990400000006,2.131483990087657,4.37,-4.37,8.74,13.817042036510404,5.729614241928033,32.82847936130455,14.95791195321058,33.96551633642569,4.309767975193096,29.65574836123259,3.4527925284040912,1.9869933960123989,3.9481427557968862,3.9837066910102714,6.793099439872789,0.1835755975068582,6.60952384236593,Severe_Fault,Severe_Fault_029_window_008.csv,3
0.7837,5.69699844742826,32.45579131,5.750650137158407,19.61,-19.61,39.22,-0.4420000000000001,9.608489995831812,92.32308,9.618650840944378,19.61,-19.61,39.22,7.958099999999999,5.794243815201428,33.57326139,9.844014272643046,19.61,-16.89,36.5,0.0890999999999999,3.243491666399037,10.52023819,3.244715241743103,4.37,-4.37,8.74,-0.1658999999999999,0.857709851872998,0.7356661900000002,0.8736068909984627,2.31,-4.37,6.68,-0.0347,2.139114982884277,4.57581291,2.139396410205458,4.37,-4.37,8.74,13.715031757092918,5.86437907215528,34.39094190193282,14.916200521580556,33.96551633642569,2.7429910681589904,31.222525268266697,3.440683615369668,2.007505730733218,4.030079258926712,3.983513901067749,6.793099439872789,0.099498743710662,6.693600696162127,Severe_Fault,Severe_Fault_029_window_009.csv,3
0.9768,3.54602985887034,12.57432776,3.6781063062396657,19.61,-9.24,28.85,-0.3939999999999998,8.709541434541775,75.856112,8.718448715224516,19.61,-19.61,39.22,8.4395,4.156605195348723,17.277366749999995,9.407578168689325,19.61,-5.96,25.57,0.3436,3.020834825011126,9.12544304,3.0403131417668146,4.37,-4.37,8.74,-0.111,0.7670638826069182,0.588387,0.7750535465372699,2.31,-2.51,4.82,0.0882,2.250706724564531,5.06568076,2.2524342387736875,4.37,-4.37,8.74,12.384536292292232,4.966447606176524,24.66560182489652,13.343250765836638,33.96551633642569,2.7429910681589904,31.222525268266697,3.268120032552905,2.0584128480036257,4.237063452826398,3.862340223232541,6.6703748020632245,0.099498743710662,6.570876058352563,Severe_Fault,Severe_Fault_029_window_010.csv,3
0.6079999999999999,3.8003115661745417,14.442367999999998,3.848640279371404,19.08,-19.61,38.69,-0.5179,7.360803528827542,54.18142859,7.379000542078852,19.61,-19.61,39.22,8.484,3.4008892954637613,11.566048,9.140257326793376,14.88,-6.67,21.55,0.2729,2.472419177647674,6.11285659,2.4874346222564325,4.37,-4.37,8.74,0.0742,0.859476794334786,0.73870036,0.8626737506149124,4.37,-1.84,6.21,0.0529999999999999,1.6363871791235716,2.677763,1.637245247359112,4.37,-4.37,8.74,11.725374342329934,3.914279184247203,15.321581532230947,12.361471797484311,27.865796238399504,5.40397076231913,22.46182547608037,2.1350321337777696,2.248054000182456,5.053746787736342,3.100340142629515,7.569062029075994,0.03,7.5390620290759935,Severe_Fault,Severe_Fault_030_window_001.csv,3
0.7331,2.987637426127876,8.92597739,3.076266080819408,19.61,-5.98,25.59,-0.9363,6.424043688363272,41.26833731,6.491917667376876,19.61,-18.61,38.22,9.208,3.112035346842962,9.684763999999996,9.719672216695376,19.61,-6.14,25.75,0.2272999999999999,2.2508091234042924,5.06614171,2.262257058780014,4.37,-4.37,8.74,0.0417,0.5501091800724652,0.30262011,0.5516874114931389,3.92,-1.37,5.29,-0.0565,1.6165360342411177,2.61318875,1.6175231064810172,4.37,-4.37,8.74,11.473929454481056,3.7986022262922017,14.42937887359207,12.086373980644485,28.592757824316283,4.9950875868196745,23.597670237496608,1.887207264852576,2.1158912399950194,4.476995739487661,2.8352331473795944,7.318483449458638,0.03,7.288483449458638,Severe_Fault,Severe_Fault_030_window_002.csv,3
0.8712000000000002,3.997179075297978,15.97744056,4.091018210665897,19.61,-16.46,36.07,-0.1276999999999999,9.559339292545276,91.38096771,9.560192205180815,19.61,-19.61,39.22,7.850800000000001,4.472572342623426,20.00390336,9.035428268765129,19.61,-6.14,25.75,0.4946,3.220160995975202,10.369436840000002,3.257923571847565,4.37,-4.37,8.74,0.1369999999999999,0.7368629451940164,0.542967,0.7494904936021538,3.92,-1.37,5.29,0.0395,2.3248132720715446,5.404756750000002,2.325148812441905,4.37,-4.37,8.74,12.9131891892632,4.798146930044558,23.02221396229601,13.775800121952988,28.592757824316283,2.6658769664033635,25.92688085791292,3.611926897671847,1.8804528938196308,3.536103085874623,4.072114806829493,7.318483449458638,0.147648230602334,7.170835218856304,Severe_Fault,Severe_Fault_030_window_003.csv,3
0.5291,4.674781726455258,21.853584190000007,4.704628678227433,19.61,-16.46,36.07,1.007,9.051373984097664,81.92737100000001,9.107218016496583,19.61,-19.61,39.22,7.9571,5.1781082057060175,26.812804589999995,9.493589679357331,19.61,-19.61,39.22,0.5439,3.043612292983454,9.26357579,3.091828423441379,4.37,-4.37,8.74,0.0907,0.6406422636698268,0.4104225099999999,0.647030911162674,2.15,-2.1,4.25,0.1539,2.1747164849699376,4.72939179,2.1801552696998443,4.37,-4.37,8.74,12.87756243062528,5.419555502561842,29.371581845348334,13.971513733307498,33.96551633642569,2.6658769664033635,31.299639370022323,3.321516255755703,1.923189736544633,3.698658762750615,3.838115292692496,6.527158646762005,0.2165640782770771,6.310594568484928,Severe_Fault,Severe_Fault_030_window_004.csv,3
0.8136999999999999,4.830000342650092,23.32890331,4.89806196367502,19.61,-14.83,34.44,1.2096,7.497638817654528,56.21458783999999,7.59458491294949,19.61,-19.61,39.22,8.909799999999999,5.41822738171812,29.35718796,10.4279299959292,19.61,-19.61,39.22,0.3757999999999999,2.556833267931251,6.53739636,2.584303000810857,4.37,-4.37,8.74,0.0194,0.648402375072763,0.42042564,0.6486925311732824,3.81,-2.1,5.91,0.1317999999999999,1.8238033775602016,3.3262587599999995,1.8285595423720824,4.37,-4.37,8.74,12.754843842659511,5.265397757944858,27.724413549370738,13.798929487463877,33.96551633642569,2.6685201891685213,31.296996147257165,2.5209947081974136,2.0217912061438588,4.087639681240638,3.23157144435954,7.260158400475847,0.0883176086632784,7.171840791812568,Severe_Fault,Severe_Fault_030_window_005.csv,3
0.4842999999999998,4.699967288184036,22.08969251,4.724853331056955,19.61,-19.61,39.22,0.3663,6.657415963420042,44.321187310000006,6.667485508045743,19.61,-19.61,39.22,9.3022,3.913443644668976,15.31504116,10.091876237845964,19.61,-19.61,39.22,0.1851,2.200252028745798,4.84110899,2.2080242299395176,4.37,-4.37,8.74,0.0914999999999999,0.6847632802655236,0.46890075,0.6908494770932377,4.37,-1.6,5.970000000000001,0.0003999999999999,1.626898841354311,2.64679984,1.6268988905276198,4.37,-4.37,8.74,12.243720927959773,4.326299323699177,18.71686583823996,12.985590783633988,27.733854762726367,7.097407977564767,20.6364467851616,2.127392851772264,1.8637713524540167,3.4736436542282743,2.8283288351957943,7.569062029075994,0.0883176086632784,7.480744420412715,Severe_Fault,Severe_Fault_030_window_006.csv,3
-0.1405999999999999,5.454184599002861,29.74812964,5.455996517594197,19.61,-19.61,39.22,0.0020000000000001,8.300241080836146,68.89400199999999,8.300241321793,19.61,-19.61,39.22,8.8713,3.519431674290609,12.386399310000002,9.543917591848746,19.61,-12.58,32.19,0.0882,2.3943309629205403,5.732820760000001,2.395954924450792,4.37,-4.37,8.74,0.1522,0.7700137401371485,0.5929211600000002,0.7849114599749452,4.37,-0.97,5.34,0.1285,1.5779736214525262,2.49000075,1.5831970818568355,4.37,-4.37,8.74,12.84501232095534,4.975331694923017,24.753925474505536,13.774914409897434,27.733854762726367,3.658770285218792,24.075084477507573,2.2983406639778146,1.8923079010314408,3.580829192306017,2.9771125272653034,7.569062029075994,0.1122497216032182,7.456812307472775,Severe_Fault,Severe_Fault_030_window_007.csv,3
-0.3771,6.620576001376316,43.832026590000005,6.631306884770151,19.61,-19.61,39.22,-0.7658,10.02119685267184,100.42438635999996,10.0504147178114,19.61,-19.61,39.22,7.8877,6.351251349930973,40.33839371,10.12690500597295,19.61,-19.61,39.22,0.1225999999999999,2.8508464076480866,8.12732524,2.8534813824519687,4.37,-4.37,8.74,0.0793,0.9363912163193332,0.87682851,0.9397430499876016,4.37,-2.11,6.48,0.3166,1.9140069069885823,3.6634224400000006,1.9400149483960167,4.37,-4.37,8.74,14.496880481491676,6.1138963276576535,37.379728305345736,15.73338081913738,33.96551633642569,3.658770285218792,30.306746051206893,2.892160661578758,2.1034585110280446,4.424537707616319,3.576189452475917,7.569062029075994,0.1122497216032182,7.456812307472775,Severe_Fault,Severe_Fault_030_window_008.csv,3
0.4304000000000001,7.185930269631064,51.63759383999998,7.198808095789191,19.61,-19.61,39.22,-0.4077000000000001,9.3486073674104,87.39645971,9.357493200638729,19.61,-19.61,39.22,8.4487,6.166997268525421,38.03185531,10.46003761943522,19.61,-19.61,39.22,0.1168999999999999,2.8561196386005965,8.157419390000003,2.85851097601531,4.37,-4.37,8.74,0.0548,0.8200993598339167,0.6725629599999999,0.8219282207103003,4.37,-2.11,6.48,0.0334,2.222625123586972,4.940062440000001,2.2228760649212997,4.37,-4.37,8.74,14.304014495063718,6.64778709985564,44.19307332500707,15.773328881374406,33.96551633642569,3.066936582324453,30.898579754101235,3.220157493548894,1.8488955397049625,3.4184147167409047,3.713196601312675,7.569062029075994,0.1655294535724685,7.403532575503525,Severe_Fault,Severe_Fault_030_window_009.csv,3
0.3834,5.958157805899404,35.499644440000004,5.970480717664199,19.61,-19.61,39.22,0.8387999999999998,6.824902091605418,46.579288560000016,6.87625435829711,19.61,-19.52,39.13,8.6399,3.892722567818056,15.15328899,9.47634745036293,19.61,-7.64,27.25,0.1123999999999999,2.227924648636035,4.96364824,2.230758167081318,4.37,-4.37,8.74,0.1007,0.4914310836729805,0.2415045099999999,0.5016423028413772,1.89,-0.95,2.84,-0.0818,1.9460377077538864,3.78706276,1.9477561449011012,4.37,-4.37,8.74,12.068062060550275,5.20505073008006,27.092553102706965,13.142704249887084,33.96551633642569,3.066936582324453,30.898579754101235,2.6269494697323643,1.456302675776177,2.1208174834728526,3.003611326386954,6.206343529003209,0.1337908816025965,6.072552647400612,Severe_Fault,Severe_Fault_030_window_010.csv,3
