Mean,Std,Variance,RMS,Maximum,Minimum,Peak_to_Peak,Dominant_Frequency,Spectral_Energy,Label,File,Label_ID
17.58,33.53928442886044,1124.8836000000003,37.86740022763644,164.0,0.0,164.0,5.5,5624468.0,Minor_Fault,Minor_fault_001_window_001.csv,1
18.45,32.91424463663111,1083.3475,37.73261188945181,164.0,0.0,164.0,5.5,5416881.999999999,Minor_Fault,Minor_fault_001_window_002.csv,1
21.47,34.1483396375285,1166.1091,40.336955760195885,113.0,0.0,113.0,5.5,5830549.999999999,Minor_Fault,Minor_fault_001_window_003.csv,1
24.85,38.07318610255778,1449.5674999999994,45.46526146411126,121.0,0.0,121.0,5.5,7248521.999999999,Minor_Fault,Minor_fault_001_window_004.csv,1
23.73,36.78609927676486,1353.2170999999998,43.77590661539747,121.0,0.0,121.0,5.5,6773650.0,Minor_Fault,Minor_fault_001_window_005.csv,1
23.97,35.13159688940997,1234.2291000000002,42.52987185496801,116.0,0.0,116.0,5.5,6184429.999999999,Minor_Fault,Minor_fault_001_window_006.csv,1
21.08,32.333474913779376,1045.4536,38.59818648589594,117.0,0.0,117.0,5.5,5227430.0,Minor_Fault,Minor_fault_001_window_007.csv,1
20.26,31.65015639771785,1001.7324,37.57924959335936,117.0,0.0,117.0,5.5,5011862.0,Minor_Fault,Minor_fault_001_window_008.csv,1
22.58,33.39526313715764,1115.2436000000002,40.31252906975696,125.0,0.0,125.0,5.5,5578530.0,Minor_Fault,Minor_fault_001_window_009.csv,1
23.6,34.23769852078261,1172.2199999999998,41.58341015356966,125.0,0.0,125.0,5.0,5889421.999999999,Minor_Fault,Minor_fault_001_window_010.csv,1
26.36,39.672287556933234,1573.8903999999995,47.63129223525223,147.0,0.0,147.0,5.0,7884939.999999998,Minor_Fault,Minor_fault_001_window_011.csv,1
25.47,40.17199397590316,1613.7891,47.56584909365122,147.0,0.0,147.0,5.0,8069558.000000001,Minor_Fault,Minor_fault_001_window_012.csv,1
24.07,38.37245235843026,1472.4451,45.29690938684448,126.0,0.0,126.0,4.5,7384065.999999999,Minor_Fault,Minor_fault_001_window_013.csv,1
16.04,29.35061157795524,861.4584000000001,33.44757091329653,107.0,0.0,107.0,5.5,4308644.0,Minor_Fault,Minor_fault_002_window_001.csv,1
15.18,26.458412650799744,700.0476,30.50377025877293,113.0,0.0,113.0,5.5,3502975.999999999,Minor_Fault,Minor_fault_002_window_002.csv,1
15.83,27.3503400344493,748.0411000000001,31.601107575526527,113.0,0.0,113.0,5.5,3740350.0000000014,Minor_Fault,Minor_fault_002_window_003.csv,1
16.67,31.055452017318952,964.4411,35.246701973376176,136.0,0.0,136.0,5.5,4832430.0,Minor_Fault,Minor_fault_002_window_004.csv,1
12.88,28.4577862807352,809.8456000000002,31.236837227862875,136.0,0.0,136.0,5.0,4049428.000000001,Minor_Fault,Minor_fault_002_window_005.csv,1
10.53,23.689430132445143,561.1890999999999,25.92431291278517,129.0,0.0,129.0,5.0,2806058.0,Minor_Fault,Minor_fault_002_window_006.csv,1
13.2,25.289128098849115,639.5399999999998,28.5268294768276,129.0,0.0,129.0,5.0,3200012.0000000005,Minor_Fault,Minor_fault_002_window_007.csv,1
14.95,26.431184233779614,698.6075000000002,30.366264175890983,122.0,0.0,122.0,5.0,3494338.0,Minor_Fault,Minor_fault_002_window_008.csv,1
14.59,27.042224390756022,731.2819000000001,30.727023936593664,122.0,0.0,122.0,5.0,3657170.0,Minor_Fault,Minor_fault_002_window_009.csv,1
13.64,25.283006150376977,639.2304,28.72768699356076,95.0,0.0,95.0,5.5,3197720.0,Minor_Fault,Minor_fault_002_window_010.csv,1
17.25,29.406929455487187,864.7675,34.092961150360644,124.0,0.0,124.0,5.0,4337782.0,Minor_Fault,Minor_fault_002_window_011.csv,1
19.5,32.58327791981648,1061.67,37.97262171617862,124.0,0.0,124.0,5.0,5309317.999999998,Minor_Fault,Minor_fault_002_window_012.csv,1
19.26,29.95550700622508,897.3323999999998,35.61291900420408,108.0,0.0,108.0,5.0,4498519.999999998,Minor_Fault,Minor_fault_002_window_013.csv,1
17.02,25.424389864852216,646.3996000000001,30.595424494522053,89.0,0.0,89.0,5.0,3232880.0,Minor_Fault,Minor_fault_002_window_014.csv,1
18.77,25.84215741767704,667.8171000000002,31.9394740094448,104.0,0.0,104.0,5.5,3339198.0000000005,Minor_Fault,Minor_fault_003_window_001.csv,1
15.88,21.39545746180717,457.76560000000006,26.64469928522369,68.0,0.0,68.0,5.5,2289339.9999999995,Minor_Fault,Minor_fault_003_window_002.csv,1
12.42,19.728750593993524,389.2235999999999,23.312657506170336,73.0,0.0,73.0,5.0,1946766.0,Minor_Fault,Minor_fault_003_window_003.csv,1
12.2,20.022487357968288,400.8999999999999,23.44653492522936,73.0,0.0,73.0,5.5,2004550.0,Minor_Fault,Minor_fault_003_window_004.csv,1
12.5,20.90430577656192,436.99,24.35651863464892,89.0,0.0,89.0,5.0,2185288.0000000005,Minor_Fault,Minor_fault_003_window_005.csv,1
12.45,20.8707330968512,435.5875,24.30205752606145,89.0,0.0,89.0,5.5,2177950.0,Minor_Fault,Minor_fault_003_window_006.csv,1
13.82,24.097045462047834,580.6676000000001,27.778768871208097,120.0,0.0,120.0,5.0,2906700.0000000005,Minor_Fault,Minor_fault_003_window_007.csv,1
15.88,27.171043410218903,738.2656000000002,31.4712567273695,120.0,0.0,120.0,5.5,3696328.0,Minor_Fault,Minor_fault_003_window_008.csv,1
20.31,31.64101610252111,1001.1539,37.5985372055882,116.0,0.0,116.0,5.5,5005809.999999999,Minor_Fault,Minor_fault_003_window_009.csv,1
23.01,33.639707192542566,1131.6299,40.75647187870903,119.0,0.0,119.0,6.0,5663250.000000001,Minor_Fault,Minor_fault_003_window_010.csv,1
17.97,28.078623541762152,788.4090999999997,33.33661650497842,119.0,0.0,119.0,5.0,3950626.000000001,Minor_Fault,Minor_fault_003_window_011.csv,1
18.52,28.206906955566755,795.6296000000002,33.743443807649506,106.0,0.0,106.0,5.0,3978726.0,Minor_Fault,Minor_fault_003_window_012.csv,1
24.66,32.95336705103137,1085.9244,41.1587171811756,113.0,0.0,113.0,5.5,5430590.0,Minor_Fault,Minor_fault_003_window_013.csv,1
23.33,27.87294566420994,776.9010999999997,36.34817739584752,91.0,0.0,91.0,6.0,3885050.0,Minor_Fault,Minor_fault_004_window_001.csv,1
19.08,25.35613535221801,642.9336,31.73294817693433,91.0,0.0,91.0,5.5,3216467.9999999995,Minor_Fault,Minor_fault_004_window_002.csv,1
18.89,25.117681023534,630.8979,31.42817207538485,82.0,0.0,82.0,5.5,3154801.9999999995,Minor_Fault,Minor_fault_004_window_003.csv,1
19.49,25.664565065475006,658.6699000000001,32.226231551330976,82.0,0.0,82.0,5.5,3296314.0000000005,Minor_Fault,Minor_fault_004_window_004.csv,1
14.91,23.000476082029262,529.0219000000002,27.410399486326355,71.0,0.0,71.0,5.5,2647490.0,Minor_Fault,Minor_fault_004_window_005.csv,1
11.58,21.26460909586631,452.1836000000001,24.21321952983535,92.0,0.0,92.0,5.0,2261309.9999999995,Minor_Fault,Minor_fault_004_window_006.csv,1
6.15,15.389850551581066,236.84750000000005,16.5731710906513,92.0,0.0,92.0,5.5,1188378.0,Minor_Fault,Minor_fault_004_window_007.csv,1
7.84,24.21640766092279,586.4344,25.453879861427804,168.0,0.0,168.0,5.0,2933630.0,Minor_Fault,Minor_fault_004_window_008.csv,1
14.75,32.16562606261535,1034.6275,35.386296782794325,168.0,0.0,168.0,5.0,5173138.000000001,Minor_Fault,Minor_fault_004_window_009.csv,1
16.4,30.66724637133239,940.4799999999996,34.777003896253056,121.0,0.0,121.0,5.5,4715200.0,Minor_Fault,Minor_fault_004_window_010.csv,1
17.72,29.838927594670693,890.3616000000001,34.70389027184128,110.0,0.0,110.0,6.5,4476450.000000001,Minor_Fault,Minor_fault_004_window_011.csv,1
19.0,32.395678724175546,1049.48,37.55635765086918,140.0,0.0,140.0,6.0,5276682.0,Minor_Fault,Minor_fault_004_window_012.csv,1
22.93,37.61416089719402,1414.8250999999998,44.0523552151301,144.0,0.0,144.0,5.5,7084929.999999999,Minor_Fault,Minor_fault_004_window_013.csv,1
30.83,42.2343592351062,1783.7411000000002,52.28986517481184,160.0,0.0,160.0,6.0,8923410.000000002,Minor_Fault,Minor_fault_005_window_001.csv,1
26.77,38.73754122295322,1500.5971000000002,47.08747179452301,131.0,0.0,131.0,5.5,7503826.000000001,Minor_Fault,Minor_fault_005_window_002.csv,1
24.26,35.607476742953864,1267.8924000000002,43.08642477625639,117.0,0.0,117.0,5.5,6339661.999999999,Minor_Fault,Minor_fault_005_window_003.csv,1
25.98,38.75512353225054,1501.9596,46.65747528531736,160.0,0.0,160.0,6.0,7512248.0,Minor_Fault,Minor_fault_005_window_004.csv,1
25.05,40.054057222708416,1604.3275000000003,47.24224804134536,160.0,0.0,160.0,5.5,8021650.0,Minor_Fault,Minor_fault_005_window_005.csv,1
25.61,46.00367267947202,2116.3379000000004,52.65178059667118,247.0,0.0,247.0,5.0,10582374.0,Minor_Fault,Minor_fault_005_window_006.csv,1
23.66,45.69206057949236,2087.7644,51.45444587205269,247.0,0.0,247.0,5.5,10448344.000000002,Minor_Fault,Minor_fault_005_window_007.csv,1
16.27,31.90826068591016,1018.1371,35.81689545451978,172.0,0.0,172.0,5.0,5090770.0,Minor_Fault,Minor_fault_005_window_008.csv,1
12.88,24.92720602073164,621.3655999999999,28.058153895080125,86.0,0.0,86.0,5.5,3107406.0,Minor_Fault,Minor_fault_005_window_009.csv,1
13.17,26.331750796329512,693.3611,29.44163718273833,106.0,0.0,106.0,5.5,3467350.0,Minor_Fault,Minor_fault_005_window_010.csv,1
15.46,29.45145836796541,867.3883999999998,33.26259160077579,106.0,0.0,106.0,5.5,4339392.0,Minor_Fault,Minor_fault_005_window_011.csv,1
18.29,32.86587744150459,1080.1659,37.61236498812591,152.0,0.0,152.0,5.5,5401309.999999999,Minor_Fault,Minor_fault_005_window_012.csv,1
20.99,39.16439582069408,1533.8498999999997,44.434558622765685,183.0,0.0,183.0,5.5,7669361.999999998,Minor_Fault,Minor_fault_005_window_013.csv,1
18.9,37.92189341264488,1438.0699999999997,42.37074462409175,183.0,0.0,183.0,5.5,7192942.0,Minor_Fault,Minor_fault_005_window_014.csv,1
7.6,23.1771439137785,537.1799999999998,24.391391924201457,155.0,0.0,155.0,5.5,2692862.0,Minor_Fault,Minor_fault_005_window_015.csv,1
2.7,3.9306488014067096,15.450000000000005,4.768647607026545,16.0,0.0,16.0,3.5,78602.00000000001,Minor_Fault,Minor_fault_006_window_001.csv,1
1.92,3.363569532505609,11.3136,3.872983346207417,12.0,0.0,12.0,4.0,57079.99999999999,Minor_Fault,Minor_fault_006_window_002.csv,1
4.61,21.827457479056047,476.43789999999984,22.30896680709351,179.0,0.0,179.0,0.5,2382194.0,Minor_Fault,Minor_fault_006_window_003.csv,1
17.44,38.47085130329195,1480.0063999999998,42.2393181763153,186.0,0.0,186.0,6.0,7407232.0,Minor_Fault,Minor_fault_006_window_004.csv,1
20.52,36.70980250559788,1347.6096000000002,42.055677381300136,186.0,0.0,186.0,6.0,6742097.999999999,Minor_Fault,Minor_fault_006_window_005.csv,1
20.2,33.7295123000615,1137.68,39.31564574059544,132.0,0.0,132.0,5.5,5691762.0,Minor_Fault,Minor_fault_006_window_006.csv,1
23.88,34.21411404669132,1170.6056000000003,41.72361441677842,132.0,0.0,132.0,5.5,5853606.0,Minor_Fault,Minor_fault_006_window_007.csv,1
21.56,29.25724525651723,855.9863999999999,36.343087375730754,94.0,0.0,94.0,5.5,4280004.0,Minor_Fault,Minor_fault_006_window_008.csv,1
19.6,28.55555987894477,815.4200000000002,34.63495344301764,102.0,0.0,102.0,5.5,4078158.0,Minor_Fault,Minor_fault_006_window_009.csv,1
14.72,24.626847138844223,606.4816,28.69076506473817,102.0,0.0,102.0,6.0,3035608.0,Minor_Fault,Minor_fault_006_window_010.csv,1
13.28,20.679980657631187,427.6616,24.576818345750127,79.0,0.0,79.0,5.5,2145995.9999999995,Minor_Fault,Minor_fault_006_window_011.csv,1
14.6,21.59536987411885,466.3600000000001,26.067604416209782,79.0,0.0,79.0,5.5,2334841.9999999995,Minor_Fault,Minor_fault_006_window_012.csv,1
16.98,25.793789950296173,665.3195999999999,30.88106215789865,92.0,0.0,92.0,5.5,3327245.9999999995,Minor_Fault,Minor_fault_006_window_013.csv,1
5.05,8.513959126047059,72.48749999999998,9.898989847454132,33.0,0.0,33.0,6.0,363842.0,Minor_Fault,Minor_fault_007_window_001.csv,1
6.04,9.467755805891912,89.6384,11.230316113093169,33.0,0.0,33.0,6.0,449992.00000000006,Minor_Fault,Minor_fault_007_window_002.csv,1
6.85,9.958288005475636,99.16749999999996,12.0867696263311,32.0,0.0,32.0,6.0,495949.9999999998,Minor_Fault,Minor_fault_007_window_003.csv,1
8.41,16.39578909354472,268.8219,18.42688253612097,113.0,0.0,113.0,5.5,1346354.0,Minor_Fault,Minor_fault_007_window_004.csv,1
8.79,17.65179594262295,311.5859000000001,19.71927990571664,113.0,0.0,113.0,5.5,1558410.0,Minor_Fault,Minor_fault_007_window_005.csv,1
6.82,12.077565979948112,145.86759999999998,13.870111751532502,68.0,0.0,68.0,5.5,732076.0,Minor_Fault,Minor_fault_007_window_006.csv,1
8.19,13.932476448930387,194.11389999999992,16.161373703989398,61.0,0.0,61.0,5.5,971494.0,Minor_Fault,Minor_fault_007_window_007.csv,1
13.05,18.49722952228252,342.1475,22.637358503146963,64.0,0.0,64.0,5.5,1711937.9999999998,Minor_Fault,Minor_fault_007_window_008.csv,1
15.28,22.40896249271706,502.1616,27.1226842329442,105.0,0.0,105.0,5.5,2510810.0,Minor_Fault,Minor_fault_007_window_009.csv,1
12.8,25.13364279208249,631.7,28.20531864737571,114.0,0.0,114.0,5.0,3178499.9999999995,Minor_Fault,Minor_fault_007_window_010.csv,1
9.78,21.51119708430937,462.7316,23.63006559449212,114.0,0.0,114.0,5.5,2313858.0,Minor_Fault,Minor_fault_007_window_011.csv,1
11.86,21.75408927075551,473.2404,24.777005468780928,119.0,0.0,119.0,5.0,2375450.0,Minor_Fault,Minor_fault_007_window_012.csv,1
11.45,20.974448741266123,439.9275,23.896234012915087,119.0,0.0,119.0,5.5,2199817.9999999995,Minor_Fault,Minor_fault_007_window_013.csv,1
13.55,18.746933082507123,351.4475,23.13114783144148,61.0,0.0,61.0,6.0,1757261.9999999995,Minor_Fault,Minor_fault_008_window_001.csv,1
12.61,17.520214039788442,306.9579,21.58633827215723,61.0,0.0,61.0,5.5,1534794.0,Minor_Fault,Minor_fault_008_window_002.csv,1
8.77,13.796271235373707,190.3371,16.347782724271816,49.0,0.0,49.0,5.5,952166.0,Minor_Fault,Minor_fault_008_window_003.csv,1
9.09,14.75540240047692,217.72190000000003,17.33060876022536,67.0,0.0,67.0,6.0,1091422.0000000002,Minor_Fault,Minor_fault_008_window_004.csv,1
8.73,13.90816666566805,193.43709999999996,16.42102311063473,67.0,0.0,67.0,6.0,968198.0,Minor_Fault,Minor_fault_008_window_005.csv,1
6.82,10.81238179126135,116.9076,12.783583222242502,44.0,0.0,44.0,6.0,584876.0000000001,Minor_Fault,Minor_fault_008_window_006.csv,1
6.23,10.532668227946802,110.93710000000002,12.237238250520416,59.0,0.0,59.0,5.5,555790.0,Minor_Fault,Minor_fault_008_window_007.csv,1
8.57,14.853454143733703,220.6251,17.148469319446562,65.0,0.0,65.0,5.5,1103306.0,Minor_Fault,Minor_fault_008_window_008.csv,1
9.6,15.295751043999116,233.96,18.05879287217172,65.0,0.0,65.0,5.5,1169802.0,Minor_Fault,Minor_fault_008_window_009.csv,1
7.7,12.084287318663026,146.03000000000003,14.328991590478376,48.0,0.0,48.0,5.5,731302.0,Minor_Fault,Minor_fault_008_window_010.csv,1
7.77,12.040643670502003,144.9771,14.330038380967444,51.0,0.0,51.0,5.5,724910.0,Minor_Fault,Minor_fault_008_window_011.csv,1
9.45,15.372947017406908,236.3275,18.045220973986435,64.0,0.0,64.0,5.5,1181721.9999999998,Minor_Fault,Minor_fault_008_window_012.csv,1
10.86,18.088128703655336,327.1804,21.09786719078495,64.0,0.0,64.0,5.0,1645702.0000000002,Minor_Fault,Minor_fault_008_window_013.csv,1
25.38,37.14183086494256,1379.5155999999995,44.98510864719569,136.0,0.0,136.0,6.0,6904777.999999997,Minor_Fault,Minor_fault_009_window_001.csv,1
22.88,34.438722392098114,1186.0256,41.3463420389277,109.0,0.0,109.0,6.0,5930416.000000001,Minor_Fault,Minor_fault_009_window_002.csv,1
23.07,35.58321373906522,1266.1651000000002,42.407428594528106,109.0,0.0,109.0,5.5,6330850.000000002,Minor_Fault,Minor_fault_009_window_003.csv,1
30.03,41.35709249935252,1710.4091,51.10978379919055,137.0,0.0,137.0,5.5,8555010.0,Minor_Fault,Minor_fault_009_window_004.csv,1
37.18,48.23077440804781,2326.2076,60.89794742025383,149.0,0.0,149.0,4.5,11635087.999999998,Minor_Fault,Minor_fault_009_window_005.csv,1
34.69,48.379684786075245,2340.5939000000003,59.53142027534703,149.0,0.0,149.0,5.5,11704954.000000002,Minor_Fault,Minor_fault_009_window_006.csv,1
27.92,40.7000442260202,1656.4935999999998,49.35605332682102,130.0,0.0,130.0,5.5,8282565.999999998,Minor_Fault,Minor_fault_009_window_007.csv,1
26.39,36.38540778938722,1323.8979000000002,44.948081160378806,124.0,0.0,124.0,5.5,6652001.999999997,Minor_Fault,Minor_fault_009_window_008.csv,1
22.57,35.0143556273709,1226.0051,41.658252483751646,116.0,0.0,116.0,5.5,6131886.000000002,Minor_Fault,Minor_fault_009_window_009.csv,1
18.76,31.29189032321313,979.1823999999998,36.4845172641766,116.0,0.0,116.0,5.5,4905712.0,Minor_Fault,Minor_fault_009_window_010.csv,1
19.71,32.55404583150917,1059.7659,38.05587996617606,116.0,0.0,116.0,5.5,5301349.999999999,Minor_Fault,Minor_fault_009_window_011.csv,1
22.6,37.761620727929575,1425.9400000000005,44.007953826552765,132.0,0.0,132.0,5.0,7136198.000000001,Minor_Fault,Minor_fault_009_window_012.csv,1
24.73,37.44752461779015,1402.3170999999995,44.87638577247504,132.0,0.0,132.0,5.0,7013210.000000001,Minor_Fault,Minor_fault_009_window_013.csv,1
13.16,21.95664819593373,482.0944,25.598437452313373,89.0,0.0,89.0,6.5,2418922.0000000005,Minor_Fault,Minor_fault_010_window_001.csv,1
14.33,23.297233741369386,542.7611,27.35159958759268,89.0,0.0,89.0,6.0,2719318.0000000005,Minor_Fault,Minor_fault_010_window_002.csv,1
13.6,23.64402672981064,559.0399999999998,27.27636339397171,107.0,0.0,107.0,6.0,2795298.0,Minor_Fault,Minor_fault_010_window_003.csv,1
10.55,18.90839760529697,357.5275000000001,21.65248253665154,107.0,0.0,107.0,5.5,1789150.0,Minor_Fault,Minor_fault_010_window_004.csv,1
8.1,13.1190700889964,172.11,15.418171097766429,49.0,0.0,49.0,5.5,861431.9999999999,Minor_Fault,Minor_fault_010_window_005.csv,1
11.2,19.130081024397157,365.96,22.1675438422934,82.0,0.0,82.0,5.5,1830192.0,Minor_Fault,Minor_fault_010_window_006.csv,1
15.02,22.18331805659379,492.0996000000001,26.789923478800755,82.0,0.0,82.0,5.5,2461298.0,Minor_Fault,Minor_fault_010_window_007.csv,1
13.28,20.652399376343656,426.5215999999999,24.55361480515649,80.0,0.0,80.0,5.5,2132946.0,Minor_Fault,Minor_fault_010_window_008.csv,1
15.05,23.186795811409564,537.6275,27.64290143961013,86.0,0.0,86.0,5.5,2689762.0,Minor_Fault,Minor_fault_010_window_009.csv,1
17.38,23.797806621619568,566.3356000000001,29.468627385747038,86.0,0.0,86.0,5.5,2834416.0,Minor_Fault,Minor_fault_010_window_010.csv,1
17.1,23.9025103284153,571.3300000000002,29.3894538908092,78.0,0.0,78.0,5.5,2856651.9999999995,Minor_Fault,Minor_fault_010_window_011.csv,1
19.44,28.01439629904596,784.8063999999999,34.098680326370406,93.0,0.0,93.0,5.0,3924610.000000001,Minor_Fault,Minor_fault_010_window_012.csv,1
20.52,28.549423812049167,815.0696,35.15878268654932,97.0,0.0,97.0,5.5,4075740.0,Minor_Fault,Minor_fault_010_window_013.csv,1
19.27,29.517064555947968,871.2570999999998,35.25039006876378,129.0,0.0,129.0,6.0,4361386.000000001,Minor_Fault,Minor_fault_011_window_001.csv,1
14.85,21.39363223017541,457.68750000000006,26.042465321086635,84.0,0.0,84.0,5.5,2289950.0000000005,Minor_Fault,Minor_fault_011_window_002.csv,1
11.88,18.691324190650597,349.36560000000003,22.147234590350106,73.0,0.0,73.0,5.5,1752236.0000000005,Minor_Fault,Minor_fault_011_window_003.csv,1
12.87,19.898067745386737,395.9331,23.69746821920013,73.0,0.0,73.0,5.5,1980146.0000000007,Minor_Fault,Minor_fault_011_window_004.csv,1
14.02,20.66154882868175,426.8996000000001,24.96918100378945,75.0,0.0,75.0,5.5,2150340.0,Minor_Fault,Minor_fault_011_window_005.csv,1
14.28,20.73262163837463,429.8416,25.1745903640953,75.0,0.0,75.0,5.5,2152408.0,Minor_Fault,Minor_fault_011_window_006.csv,1
13.43,19.67447839206925,387.0851,23.82120903732638,73.0,0.0,73.0,5.5,1935606.0,Minor_Fault,Minor_fault_011_window_007.csv,1
8.27,14.762015445053564,217.91709999999995,16.920697385155258,57.0,0.0,57.0,5.0,1098698.0,Minor_Fault,Minor_fault_011_window_008.csv,1
10.59,18.27079363355626,333.8219,21.11800179941275,78.0,0.0,78.0,5.5,1672553.9999999998,Minor_Fault,Minor_fault_011_window_009.csv,1
15.39,21.650355655277348,468.7378999999999,26.56294411393436,78.0,0.0,78.0,5.5,2344002.0,Minor_Fault,Minor_fault_011_window_010.csv,1
12.14,18.31011742179717,335.26040000000006,21.969069165533615,75.0,0.0,75.0,5.5,1681103.9999999998,Minor_Fault,Minor_fault_011_window_011.csv,1
7.89,13.290519177218023,176.63790000000006,15.456066770042112,49.0,0.0,49.0,5.5,883454.0,Minor_Fault,Minor_fault_011_window_012.csv,1
20.01,33.63108532295679,1131.0499,39.13374502906667,141.0,0.0,141.0,6.0,5674654.0,Minor_Fault,Minor_fault_012_window_001.csv,1
17.42,28.48935941715784,811.6436,33.39311306242651,141.0,0.0,141.0,6.0,4066668.0,Minor_Fault,Minor_fault_012_window_002.csv,1
8.83,18.45971559910932,340.7611,20.462893246068603,92.0,0.0,92.0,6.0,1704026.0000000002,Minor_Fault,Minor_fault_012_window_003.csv,1
3.06,4.696424171643784,22.0564,5.605354582896608,21.0,0.0,21.0,4.5,110290.0,Minor_Fault,Minor_fault_012_window_004.csv,1
3.93,6.395709499344072,40.9051,7.506663706334526,34.0,0.0,34.0,4.5,205006.0,Minor_Fault,Minor_fault_012_window_005.csv,1
5.17,9.219604112975786,85.00110000000001,10.570241246064349,44.0,0.0,44.0,4.5,425118.00000000006,Minor_Fault,Minor_fault_012_window_006.csv,1
6.49,12.20941849557136,149.0699,13.827147211192914,55.0,0.0,55.0,5.5,745362.0,Minor_Fault,Minor_fault_012_window_007.csv,1
10.26,20.41010534024751,416.5724,22.843817544359787,82.0,0.0,82.0,6.0,2084013.9999999995,Minor_Fault,Minor_fault_012_window_008.csv,1
14.06,24.91618750932815,620.8164,28.60943900183993,99.0,0.0,99.0,6.0,3104131.9999999995,Minor_Fault,Minor_fault_012_window_009.csv,1
21.15,35.75790122476429,1278.6274999999996,41.5445543964549,159.0,0.0,159.0,6.0,6396102.0,Minor_Fault,Minor_fault_012_window_010.csv,1
30.99,45.79988973785854,2097.6299000000004,55.29927666796375,159.0,0.0,159.0,5.5,10490394.000000002,Minor_Fault,Minor_fault_012_window_011.csv,1
30.93,43.686440688158605,1908.5051,53.52728276309195,150.0,0.0,150.0,5.5,9555485.999999998,Minor_Fault,Minor_fault_012_window_012.csv,1
25.7,38.30835418025681,1467.5299999999995,46.130467155666224,123.0,0.0,123.0,5.5,7338041.999999998,Minor_Fault,Minor_fault_012_window_013.csv,1
19.82,31.428452077695457,987.7476,37.15615695951345,113.0,0.0,113.0,6.0,4939076.0,Minor_Fault,Minor_fault_013_window_001.csv,1
15.66,25.986234817687617,675.2844000000001,30.340072511449275,108.0,0.0,108.0,5.5,3378733.999999999,Minor_Fault,Minor_fault_013_window_002.csv,1
13.62,21.63505488784348,468.0755999999999,25.565210736467638,74.0,0.0,74.0,5.5,2343578.0,Minor_Fault,Minor_fault_013_window_003.csv,1
18.92,29.132003020733062,848.6736000000002,34.73672408273411,122.0,0.0,122.0,5.5,4244426.0,Minor_Fault,Minor_fault_013_window_004.csv,1
19.47,30.120908020841604,907.2691,35.86572179672395,122.0,0.0,122.0,5.0,4536386.0,Minor_Fault,Minor_fault_013_window_005.csv,1
18.45,29.89159580885571,893.5075,35.12705510002226,119.0,0.0,119.0,5.0,4473262.0,Minor_Fault,Minor_fault_013_window_006.csv,1
21.16,32.56554006922041,1060.5144000000005,38.83632320392856,119.0,0.0,119.0,5.5,5307179.999999999,Minor_Fault,Minor_fault_013_window_007.csv,1
22.27,31.963058364305507,1021.6371000000004,38.95625752045491,115.0,0.0,115.0,5.0,5110850.0,Minor_Fault,Minor_fault_013_window_008.csv,1
23.09,31.543333685582443,994.9819,39.09130338067535,99.0,0.0,99.0,5.0,4977429.999999999,Minor_Fault,Minor_fault_013_window_009.csv,1
23.18,34.42800604159352,1185.2876,41.50421665325103,124.0,0.0,124.0,5.0,5931240.0,Minor_Fault,Minor_fault_013_window_010.csv,1
23.06,35.588992680321816,1266.5764,42.40683907107437,124.0,0.0,124.0,5.0,6340081.999999998,Minor_Fault,Minor_fault_013_window_011.csv,1
21.92,31.5108489254098,992.9335999999998,38.38515337992021,113.0,0.0,113.0,5.0,4966716.000000001,Minor_Fault,Minor_fault_013_window_012.csv,1
21.76,29.655056904346008,879.4223999999999,36.7820608449282,99.0,0.0,99.0,5.0,4398169.999999999,Minor_Fault,Minor_fault_013_window_013.csv,1
9.13,15.450343038262934,238.71309999999997,17.946308812677888,71.0,0.0,71.0,6.0,1193878.0,Minor_Fault,Minor_fault_014_window_001.csv,1
9.74,15.346413261736435,235.5124,18.176358271116907,58.0,0.0,58.0,6.0,1177580.0000000002,Minor_Fault,Minor_fault_014_window_002.csv,1
11.08,16.265103750053363,264.5536,19.680447149391703,58.0,0.0,58.0,5.5,1328175.9999999998,Minor_Fault,Minor_fault_014_window_003.csv,1
10.62,15.925313183733628,253.6156000000001,19.14157778240864,64.0,0.0,64.0,5.0,1271776.0000000002,Minor_Fault,Minor_fault_014_window_004.csv,1
10.96,18.161453686310463,329.83839999999987,21.2122606056026,80.0,0.0,80.0,5.0,1649289.9999999998,Minor_Fault,Minor_fault_014_window_005.csv,1
18.93,27.166617382368383,738.0251,33.11147837231071,105.0,0.0,105.0,5.5,3691326.000000001,Minor_Fault,Minor_fault_014_window_006.csv,1
21.01,28.96911976570914,839.2099000000001,35.78589107455618,105.0,0.0,105.0,5.5,4197454.0,Minor_Fault,Minor_fault_014_window_007.csv,1
16.44,25.743472959179385,662.7264000000001,30.54504869860253,93.0,0.0,93.0,5.5,3314984.0000000005,Minor_Fault,Minor_fault_014_window_008.csv,1
18.53,28.321883765032293,802.1290999999999,33.84508826993955,104.0,0.0,104.0,5.0,4013310.000000001,Minor_Fault,Minor_fault_014_window_009.csv,1
20.98,29.36323551654347,862.1995999999998,36.08822522651952,104.0,0.0,104.0,5.0,4311159.999999999,Minor_Fault,Minor_fault_014_window_010.csv,1
23.74,33.55998212156854,1126.2724,41.10790678202917,126.0,0.0,126.0,5.0,5631363.999999999,Minor_Fault,Minor_fault_014_window_011.csv,1
25.36,35.7909262243938,1280.9904,43.86479225985232,126.0,0.0,126.0,5.0,6422250.0,Minor_Fault,Minor_fault_014_window_012.csv,1
23.71,32.69137347986468,1068.7259,40.38427911947915,113.0,0.0,113.0,5.0,5362253.999999999,Minor_Fault,Minor_fault_014_window_013.csv,1
21.71,33.92146665461268,1150.6659,40.27393698162622,138.0,0.0,138.0,6.0,5753693.999999999,Minor_Fault,Minor_fault_015_window_001.csv,1
18.88,29.642631462135757,878.6856000000004,35.144558611540425,105.0,0.0,105.0,6.0,4395476.0,Minor_Fault,Minor_fault_015_window_002.csv,1
20.49,32.42976873183033,1051.6899000000003,38.36052658658377,127.0,0.0,127.0,5.5,5259854.000000001,Minor_Fault,Minor_fault_015_window_003.csv,1
26.54,39.29183630221424,1543.8484000000008,47.4153983427325,131.0,0.0,131.0,5.5,7733020.0,Minor_Fault,Minor_fault_015_window_004.csv,1
26.7,40.926641689735554,1674.99,48.86593905779362,131.0,0.0,131.0,5.5,8375238.0,Minor_Fault,Minor_fault_015_window_005.csv,1
27.8,45.65610583481688,2084.4800000000005,53.45390537650172,173.0,0.0,173.0,5.5,10428672.0,Minor_Fault,Minor_fault_015_window_006.csv,1
24.4,44.57084248698918,1986.56,50.81259686337632,173.0,0.0,173.0,6.0,9936497.999999998,Minor_Fault,Minor_fault_015_window_007.csv,1
25.04,43.78902145515471,1917.4784,50.442838936760886,154.0,0.0,154.0,5.0,9598050.000000002,Minor_Fault,Minor_fault_015_window_008.csv,1
27.28,43.12657649292371,1859.9016,51.03038310653762,154.0,0.0,154.0,5.0,9329766.000000002,Minor_Fault,Minor_fault_015_window_009.csv,1
30.58,44.43088565401324,1974.1035999999997,53.93737108906959,153.0,0.0,153.0,5.0,9870550.0,Minor_Fault,Minor_fault_015_window_010.csv,1
33.97,49.13419481379541,2414.1691,59.73382626284708,162.0,0.0,162.0,5.0,12082246.0,Minor_Fault,Minor_fault_015_window_011.csv,1
34.19,48.58532597400166,2360.5339000000004,59.40951102306768,162.0,0.0,162.0,5.0,11802890.0,Minor_Fault,Minor_fault_015_window_012.csv,1
35.02,48.24810462598505,2327.8796,59.6177825820451,161.0,0.0,161.0,5.0,11645016.000000002,Minor_Fault,Minor_fault_015_window_013.csv,1
23.69,38.14857664448308,1455.3139,44.90579027252499,174.0,0.0,174.0,6.0,7276574.0,Minor_Fault,Minor_fault_016_window_001.csv,1
26.37,42.07152362346769,1770.0131,49.65269378392274,174.0,0.0,174.0,5.5,8850069.999999998,Minor_Fault,Minor_fault_016_window_002.csv,1
27.23,43.54511568476997,1896.1771,51.35805681682281,159.0,0.0,159.0,5.5,9481250.0,Minor_Fault,Minor_fault_016_window_003.csv,1
32.7,48.89877299074079,2391.0900000000006,58.82499468763257,169.0,0.0,169.0,5.5,11955900.0,Minor_Fault,Minor_fault_016_window_004.csv,1
31.8,45.361657818029535,2057.68,55.397833892671294,169.0,0.0,169.0,5.5,10288417.999999998,Minor_Fault,Minor_fault_016_window_005.csv,1
31.81,43.37457665499457,1881.3539,53.78875347133451,133.0,0.0,133.0,5.5,9415090.0,Minor_Fault,Minor_fault_016_window_006.csv,1
33.67,45.36144949183171,2057.6611,56.49185782039744,146.0,0.0,146.0,5.0,10288486.0,Minor_Fault,Minor_fault_016_window_007.csv,1
28.62,41.64127279514881,1733.9956,50.52820994256575,146.0,0.0,146.0,5.0,8701730.0,Minor_Fault,Minor_fault_016_window_008.csv,1
28.6,39.11419179786282,1529.9199999999994,48.45492751000666,136.0,0.0,136.0,5.0,7667271.999999998,Minor_Fault,Minor_fault_016_window_009.csv,1
31.92,46.4462441969208,2157.253599999999,56.35725330425535,194.0,0.0,194.0,5.5,10786845.999999998,Minor_Fault,Minor_fault_016_window_010.csv,1
29.79,46.92937140000918,2202.3659,55.58605940341517,194.0,0.0,194.0,5.0,11021770.000000002,Minor_Fault,Minor_fault_016_window_011.csv,1
28.39,43.90828965013327,1927.9379,52.286996471398126,146.0,0.0,146.0,5.0,9659490.0,Minor_Fault,Minor_fault_016_window_012.csv,1
29.47,47.60870823704419,2266.5891,55.991695812861394,154.0,0.0,154.0,5.0,11333958.0,Minor_Fault,Minor_fault_016_window_013.csv,1
13.62,24.14364512661665,582.9155999999999,27.72038960765162,107.0,0.0,107.0,6.0,2931139.9999999995,Minor_Fault,Minor_fault_017_window_001.csv,1
14.26,21.630820603943807,467.8924,25.90829982843336,106.0,0.0,106.0,6.0,2340262.0,Minor_Fault,Minor_fault_017_window_002.csv,1
16.05,26.458032806692188,700.0275,30.94559742515888,140.0,0.0,140.0,5.5,3503749.9999999995,Minor_Fault,Minor_fault_017_window_003.csv,1
18.77,31.41778318086749,987.0771000000004,36.5976775219412,140.0,0.0,140.0,5.0,4935498.0,Minor_Fault,Minor_fault_017_window_004.csv,1
21.57,30.982335289645288,959.9050999999998,37.75142381420865,99.0,0.0,99.0,5.5,4799610.000000001,Minor_Fault,Minor_fault_017_window_005.csv,1
20.76,29.62570505490122,877.6823999999998,36.17540601016111,100.0,0.0,100.0,5.5,4390212.000000001,Minor_Fault,Minor_fault_017_window_006.csv,1
21.29,29.83028494667793,889.8459000000001,36.64846517932231,100.0,0.0,100.0,5.5,4449374.000000001,Minor_Fault,Minor_fault_017_window_007.csv,1
20.55,30.41886750028673,925.3075000000003,36.70980795373356,99.0,0.0,99.0,5.5,4628398.0,Minor_Fault,Minor_fault_017_window_008.csv,1
18.98,29.94494281176706,896.6995999999998,35.45334963018304,114.0,0.0,114.0,5.0,4483739.999999999,Minor_Fault,Minor_fault_017_window_009.csv,1
21.91,31.64588282857661,1001.4619,38.490388410614926,120.0,0.0,120.0,5.0,5007922.000000001,Minor_Fault,Minor_fault_017_window_010.csv,1
23.05,32.111174067604566,1031.1275,39.52758530444277,120.0,0.0,120.0,5.0,5164481.999999998,Minor_Fault,Minor_fault_017_window_011.csv,1
22.18,34.25474565662399,1173.3875999999998,40.808577529730194,125.0,0.0,125.0,5.0,5876738.0,Minor_Fault,Minor_fault_017_window_012.csv,1
22.5,34.32418972095336,1178.15,41.04144246977682,125.0,0.0,125.0,5.5,5892208.000000001,Minor_Fault,Minor_fault_017_window_013.csv,1
8.42,18.261533341973227,333.48359999999985,20.10920187376913,84.0,0.0,84.0,6.0,1667706.0000000007,Minor_Fault,Minor_fault_018_window_001.csv,1
8.73,17.6956802638384,313.1370999999999,19.731953780606723,79.0,0.0,79.0,6.0,1567545.9999999998,Minor_Fault,Minor_fault_018_window_002.csv,1
17.67,28.267668810851735,799.0611000000001,33.33601655867119,133.0,0.0,133.0,5.5,3995850.0,Minor_Fault,Minor_fault_018_window_003.csv,1
22.86,33.65858582887879,1132.9004,40.68759024567564,133.0,0.0,133.0,5.5,5679639.999999999,Minor_Fault,Minor_fault_018_window_004.csv,1
20.8,32.730719515464365,1071.3,38.7806652856807,133.0,0.0,133.0,5.5,5376901.999999999,Minor_Fault,Minor_fault_018_window_005.csv,1
17.74,30.420920433149288,925.4324,35.21562153363192,121.0,0.0,121.0,5.0,4660962.000000001,Minor_Fault,Minor_fault_018_window_006.csv,1
19.29,29.02664121113568,842.5459,34.85182922028627,111.0,0.0,111.0,5.0,4229842.0,Minor_Fault,Minor_fault_018_window_007.csv,1
17.0,25.92257703238627,671.98,30.999677417676462,94.0,0.0,94.0,5.0,3364317.9999999995,Minor_Fault,Minor_fault_018_window_008.csv,1
15.36,22.34614955646722,499.35040000000015,27.116046909533107,94.0,0.0,94.0,5.0,2499490.0,Minor_Fault,Minor_fault_018_window_009.csv,1
19.05,24.80821436540728,615.4475,31.278586924603868,87.0,0.0,87.0,5.0,3078537.9999999986,Minor_Fault,Minor_fault_018_window_010.csv,1
20.54,26.86537548592984,721.7484000000001,33.81774682027175,87.0,0.0,87.0,5.0,3609254.0,Minor_Fault,Minor_fault_018_window_011.csv,1
19.44,27.19607324596696,739.6263999999999,33.42962757794349,89.0,0.0,89.0,5.0,3699382.000000001,Minor_Fault,Minor_fault_018_window_012.csv,1
18.57,27.75653256442526,770.4250999999999,33.39565840045679,99.0,0.0,99.0,5.0,3861238.0,Minor_Fault,Minor_fault_018_window_013.csv,1
21.18,30.49307462359281,929.8275999999998,37.12707906636341,172.0,0.0,172.0,6.0,4654969.999999999,Minor_Fault,Minor_fault_019_window_001.csv,1
17.99,25.37616795341645,643.9499000000001,31.10610872481481,99.0,0.0,99.0,6.0,3220854.0000000005,Minor_Fault,Minor_fault_019_window_002.csv,1
16.8,26.491508073343056,701.8000000000003,31.36941185295,120.0,0.0,120.0,6.0,3509338.0,Minor_Fault,Minor_fault_019_window_003.csv,1
16.99,26.487919888130136,701.6098999999999,31.468555734256377,120.0,0.0,120.0,5.5,3515369.9999999995,Minor_Fault,Minor_fault_019_window_004.csv,1
16.02,24.409006534474116,595.7995999999999,29.196575141615497,93.0,0.0,93.0,5.5,2979000.0,Minor_Fault,Minor_fault_019_window_005.csv,1
20.1,37.47919422826483,1404.69,42.52881376196613,185.0,0.0,185.0,5.5,7028450.000000001,Minor_Fault,Minor_fault_019_window_006.csv,1
24.71,43.46867722855159,1889.5259,50.00109998790027,185.0,0.0,185.0,5.5,9447629.999999998,Minor_Fault,Minor_fault_019_window_007.csv,1
19.26,34.18380318220897,1168.5323999999998,39.23620776782588,148.0,0.0,148.0,5.5,5849624.000000001,Minor_Fault,Minor_fault_019_window_008.csv,1
16.48,28.81058138948258,830.0495999999999,33.19096262538946,129.0,0.0,129.0,5.5,4150298.0,Minor_Fault,Minor_fault_019_window_009.csv,1
17.4,28.606992152269346,818.3599999999999,33.483130080683914,129.0,0.0,129.0,5.0,4100250.000000001,Minor_Fault,Minor_fault_019_window_010.csv,1
15.58,24.563053556103323,603.3436,29.087454340316548,119.0,0.0,119.0,5.0,3025167.9999999995,Minor_Fault,Minor_fault_019_window_011.csv,1
14.85,22.02878798300079,485.2674999999999,26.56670849013856,76.0,0.0,76.0,5.0,2426558.0,Minor_Fault,Minor_fault_019_window_012.csv,1
13.59,20.957621525354444,439.2219,24.97819048690277,76.0,0.0,76.0,5.5,2197513.999999999,Minor_Fault,Minor_fault_019_window_013.csv,1
12.0,18.43854658046561,339.98,21.99954544984964,81.0,0.0,81.0,6.0,1703771.9999999998,Minor_Fault,Minor_fault_020_window_001.csv,1
12.48,17.342133663422157,300.74960000000004,21.365860619221497,60.0,0.0,60.0,6.0,1503749.9999999998,Minor_Fault,Minor_fault_020_window_002.csv,1
14.22,21.32396773586004,454.7116,25.63045063981513,87.0,0.0,87.0,5.5,2275239.9999999995,Minor_Fault,Minor_fault_020_window_003.csv,1
12.98,20.97092272648011,439.7796000000001,24.662927644543743,87.0,0.0,87.0,5.5,2199235.9999999995,Minor_Fault,Minor_fault_020_window_004.csv,1
12.32,20.00693879632764,400.2776,23.49595709904153,76.0,0.0,76.0,5.5,2001460.0,Minor_Fault,Minor_fault_020_window_005.csv,1
18.51,32.619777742958334,1064.0499,37.5055995819291,141.0,0.0,141.0,5.0,5322914.0,Minor_Fault,Minor_fault_020_window_006.csv,1
22.7,39.15060663642392,1532.7700000000002,45.25549690369116,141.0,0.0,141.0,5.0,7664818.000000001,Minor_Fault,Minor_fault_020_window_007.csv,1
15.94,30.69619520396624,942.2564,34.58814825919421,139.0,0.0,139.0,5.0,4711570.0,Minor_Fault,Minor_fault_020_window_008.csv,1
14.94,26.56306458223524,705.5964000000001,30.476220238080707,115.0,0.0,115.0,5.0,3530720.0,Minor_Fault,Minor_fault_020_window_009.csv,1
18.68,33.12125601483132,1097.0176,38.02578072834271,127.0,0.0,127.0,5.0,5486240.0,Minor_Fault,Minor_fault_020_window_010.csv,1
21.03,37.01930712479638,1370.4291,42.57569729317419,127.0,0.0,127.0,5.0,6866766.0,Minor_Fault,Minor_fault_020_window_011.csv,1
27.19,43.31505396510549,1876.1939000000004,51.14186152263134,146.0,0.0,146.0,5.0,9382954.0,Minor_Fault,Minor_fault_020_window_012.csv,1
26.08,41.488234476776654,1721.273599999999,49.00448959024061,146.0,0.0,146.0,5.5,8607336.0,Minor_Fault,Minor_fault_020_window_013.csv,1
11.82,19.48711369084708,379.7475999999998,22.79166514320531,67.0,0.0,67.0,6.0,1900089.9999999995,Minor_Fault,Minor_fault_021_window_001.csv,1
12.76,19.64490773712109,385.92240000000015,23.425200105868893,66.0,0.0,66.0,6.0,1931534.0,Minor_Fault,Minor_fault_021_window_002.csv,1
16.66,23.286141801509327,542.2444,28.63214976211182,76.0,0.0,76.0,5.5,2711230.0,Minor_Fault,Minor_fault_021_window_003.csv,1
20.94,30.747949525130934,945.4363999999998,37.20107525327729,109.0,0.0,109.0,5.5,4731984.0,Minor_Fault,Minor_fault_021_window_004.csv,1
22.71,33.86068369067582,1146.5458999999996,40.77119080919761,113.0,0.0,113.0,5.0,5732741.999999999,Minor_Fault,Minor_fault_021_window_005.csv,1
20.4,29.499491521041517,870.22,35.86614002091667,113.0,0.0,113.0,5.5,4351108.0,Minor_Fault,Minor_fault_021_window_006.csv,1
18.9,26.01134367924887,676.5900000000003,32.15276037916496,83.0,0.0,83.0,5.0,3386648.000000001,Minor_Fault,Minor_fault_021_window_007.csv,1
19.67,28.709599439908597,824.2410999999998,34.80158042388305,89.0,0.0,89.0,5.0,4121350.000000001,Minor_Fault,Minor_fault_021_window_008.csv,1
20.47,32.88569749906485,1081.4691,38.73615881834439,116.0,0.0,116.0,5.0,5423009.999999999,Minor_Fault,Minor_fault_021_window_009.csv,1
20.25,32.78242669480098,1074.6875,38.532453853861945,116.0,0.0,116.0,5.0,5388401.999999999,Minor_Fault,Minor_fault_021_window_010.csv,1
20.91,31.23366613127572,975.5419,37.58683280086259,97.0,0.0,97.0,5.0,4877890.000000001,Minor_Fault,Minor_fault_021_window_011.csv,1
22.35,31.750078740059845,1008.0675,38.82769630045028,99.0,0.0,99.0,5.0,5041178.000000002,Minor_Fault,Minor_fault_021_window_012.csv,1
21.29,30.366196666688445,922.1059000000004,37.08598117887674,99.0,0.0,99.0,5.0,4615234.0,Minor_Fault,Minor_fault_021_window_013.csv,1
17.66,33.73965619267629,1138.3644,38.08201675331809,134.0,0.0,134.0,6.0,5762510.000000002,Minor_Fault,Minor_fault_022_window_001.csv,1
15.57,31.83967807626202,1013.7651000000004,35.442770772048846,138.0,0.0,138.0,6.0,5069510.000000001,Minor_Fault,Minor_fault_022_window_002.csv,1
13.5,26.57611709787568,706.29,29.808388081209625,138.0,0.0,138.0,5.5,3543002.0,Minor_Fault,Minor_fault_022_window_003.csv,1
16.47,30.941704865763292,957.3891,35.052104073792776,129.0,0.0,129.0,5.5,4829870.0,Minor_Fault,Minor_fault_022_window_004.csv,1
25.65,51.47997183371413,2650.1874999999995,57.51617163893995,221.0,0.0,221.0,5.5,13262037.999999996,Minor_Fault,Minor_fault_022_window_005.csv,1
28.77,52.47682440849483,2753.817099999999,59.845885405765365,221.0,0.0,221.0,5.5,13769266.0,Minor_Fault,Minor_fault_022_window_006.csv,1
23.24,38.81420358580091,1506.5424000000005,45.239805481456266,136.0,0.0,136.0,5.0,7535754.000000002,Minor_Fault,Minor_fault_022_window_007.csv,1
23.19,39.15295518859336,1532.9538999999995,45.50527441956592,142.0,0.0,142.0,5.0,7668554.000000002,Minor_Fault,Minor_fault_022_window_008.csv,1
23.2,40.54109026654315,1643.5799999999997,46.70995611216093,154.0,0.0,154.0,5.0,8221950.000000002,Minor_Fault,Minor_fault_022_window_009.csv,1
26.5,44.17657750437442,1951.57,51.51524046338132,154.0,0.0,154.0,5.5,9764811.999999998,Minor_Fault,Minor_fault_022_window_010.csv,1
21.76,38.97258523629142,1518.8624,44.6358600230801,145.0,0.0,145.0,5.5,7594511.999999998,Minor_Fault,Minor_fault_022_window_011.csv,1
10.5,21.37451753841476,456.87,23.81428142942801,127.0,0.0,127.0,5.0,2284800.0,Minor_Fault,Minor_fault_022_window_012.csv,1
4.09,7.980093984408956,63.681900000000006,8.967162315916893,43.0,0.0,43.0,4.5,318590.0,Minor_Fault,Minor_fault_022_window_013.csv,1
5.48,7.2034436209357535,51.8896,9.050966799187808,29.0,0.0,29.0,5.5,259546.00000000003,Minor_Fault,Minor_fault_023_window_001.csv,1
5.51,7.596703232323875,57.7099,9.384561790515312,31.0,0.0,31.0,6.0,289234.0,Minor_Fault,Minor_fault_023_window_002.csv,1
5.43,9.2986611939569,86.46509999999998,10.768008172359457,47.0,0.0,47.0,4.5,432386.00000000006,Minor_Fault,Minor_fault_023_window_003.csv,1
6.48,11.081949287016252,122.80960000000005,12.83744522870497,47.0,0.0,47.0,6.0,614440.0,Minor_Fault,Minor_fault_023_window_004.csv,1
5.51,9.4736423829486,89.74990000000001,10.959470790143108,44.0,0.0,44.0,8.0,448754.0,Minor_Fault,Minor_fault_023_window_005.csv,1
4.62,7.960879348413716,63.37559999999999,9.204346799203082,39.0,0.0,39.0,4.5,317005.99999999994,Minor_Fault,Minor_fault_023_window_006.csv,1
5.28,8.446395680999085,71.3416,9.96092365195116,39.0,0.0,39.0,4.5,356725.99999999994,Minor_Fault,Minor_fault_023_window_007.csv,1
6.24,8.879324298616421,78.84239999999998,10.852649446103012,39.0,0.0,39.0,3.5,394310.0,Minor_Fault,Minor_fault_023_window_008.csv,1
5.97,8.675776622297281,75.26910000000002,10.53138167573467,39.0,0.0,39.0,4.0,377106.0,Minor_Fault,Minor_fault_023_window_009.csv,1
3.67,5.548071737099296,30.781099999999995,6.652067347825035,28.0,0.0,28.0,9.0,153917.99999999997,Minor_Fault,Minor_fault_023_window_010.csv,1
5.23,7.854750155160889,61.6971,9.436630754670864,41.0,0.0,41.0,4.5,308486.0,Minor_Fault,Minor_fault_023_window_011.csv,1
6.42,9.417197035211696,88.68359999999997,11.397368117245314,41.0,0.0,41.0,5.5,443436.0,Minor_Fault,Minor_fault_023_window_012.csv,1
8.21,15.01418995483939,225.42590000000004,17.112276295104635,70.0,0.0,70.0,5.0,1127309.9999999998,Minor_Fault,Minor_fault_023_window_013.csv,1
16.92,28.484269342919784,811.3535999999999,33.130650461468456,109.0,0.0,109.0,6.5,4057416.0,Minor_Fault,Minor_fault_024_window_001.csv,1
19.31,30.371267671929665,922.4139,35.99013753794225,109.0,0.0,109.0,6.5,4612214.000000001,Minor_Fault,Minor_fault_024_window_002.csv,1
13.0,22.645529360118744,512.82,26.111683208862654,98.0,0.0,98.0,4.5,2564198.0,Minor_Fault,Minor_fault_024_window_003.csv,1
10.08,18.00648771970814,324.2336,20.635891063872187,76.0,0.0,76.0,5.0,1621239.9999999995,Minor_Fault,Minor_fault_024_window_004.csv,1
10.18,17.18684380565553,295.3876,19.975484975339143,76.0,0.0,76.0,5.5,1476988.0,Minor_Fault,Minor_fault_024_window_005.csv,1
11.04,15.302888616205768,234.17840000000004,18.86955219394461,63.0,0.0,63.0,5.0,1171342.0000000002,Minor_Fault,Minor_fault_024_window_006.csv,1
14.0,19.55147053292923,382.26,24.04703723954367,88.0,0.0,88.0,5.0,1911588.0,Minor_Fault,Minor_fault_024_window_007.csv,1
13.05,20.69365844890651,428.2274999999999,24.46487277710636,88.0,0.0,88.0,5.5,2142338.000000001,Minor_Fault,Minor_fault_024_window_008.csv,1
15.61,29.573263262616116,874.5778999999999,33.44024521441193,135.0,0.0,135.0,6.0,4372890.000000001,Minor_Fault,Minor_fault_024_window_009.csv,1
20.4,32.47706883325525,1054.7599999999998,38.352574880964646,135.0,0.0,135.0,6.0,5273961.999999999,Minor_Fault,Minor_fault_024_window_010.csv,1
17.47,26.42364660678007,698.2091,31.67664754989076,95.0,0.0,95.0,5.5,3492150.0000000005,Minor_Fault,Minor_fault_024_window_011.csv,1
15.41,26.72792360060916,714.3818999999999,30.85206638136253,117.0,0.0,117.0,5.5,3574573.9999999995,Minor_Fault,Minor_fault_024_window_012.csv,1
14.82,26.090373703724524,680.7076000000002,30.005666131582547,117.0,0.0,117.0,5.5,3403988.0,Minor_Fault,Minor_fault_024_window_013.csv,1
24.55,37.34872822466651,1394.9275000000007,44.69485428995154,142.0,0.0,142.0,6.5,6974678.0,Minor_Fault,Minor_fault_025_window_001.csv,1
18.15,28.123433289696333,790.9275,33.471629778067275,128.0,0.0,128.0,6.0,3959738.000000001,Minor_Fault,Minor_fault_025_window_002.csv,1
16.05,25.64814808129429,657.8275,30.25607377040187,128.0,0.0,128.0,5.5,3289138.0000000005,Minor_Fault,Minor_fault_025_window_003.csv,1
13.78,22.59052013566753,510.3316,26.46167039323104,81.0,0.0,81.0,5.5,2555020.0,Minor_Fault,Minor_fault_025_window_004.csv,1
12.29,22.484347889142796,505.5459,25.62401217608203,81.0,0.0,81.0,5.5,2553493.999999999,Minor_Fault,Minor_fault_025_window_005.csv,1
11.48,21.276973468987546,452.7095999999999,24.176434807473164,83.0,0.0,83.0,5.5,2272795.9999999995,Minor_Fault,Minor_fault_025_window_006.csv,1
11.87,21.339004194198004,455.3531,24.41823089414956,83.0,0.0,83.0,5.5,2276946.0000000005,Minor_Fault,Minor_fault_025_window_007.csv,1
14.61,24.943093232396016,622.1579,28.90691958683941,96.0,0.0,96.0,5.5,3113454.0,Minor_Fault,Minor_fault_025_window_008.csv,1
13.11,25.4499096265586,647.6979,28.628133016318056,99.0,0.0,99.0,5.0,3247874.0,Minor_Fault,Minor_fault_025_window_009.csv,1
15.68,30.595058424523398,936.0576,34.37906339620089,133.0,0.0,133.0,5.0,4688737.999999999,Minor_Fault,Minor_fault_025_window_010.csv,1
17.34,31.53386116542026,994.3844,35.986942076258714,133.0,0.0,133.0,5.0,4991130.0,Minor_Fault,Minor_fault_025_window_011.csv,1
14.33,24.787922462360577,614.4411,28.63197513270784,99.0,0.0,99.0,5.0,3079049.999999999,Minor_Fault,Minor_fault_025_window_012.csv,1
15.96,24.781815914093137,614.1383999999999,29.476431262959903,82.0,0.0,82.0,5.0,3072614.0,Minor_Fault,Minor_fault_025_window_013.csv,1
11.65,20.34520828106707,413.9275,23.44461558652647,82.0,0.0,82.0,5.5,2072757.9999999995,Minor_Fault,Minor_fault_025_window_014.csv,1
20.21,29.253134874744617,855.7458999999998,35.55544965262006,121.0,0.0,121.0,6.0,4279209.999999999,Minor_Fault,Minor_fault_026_window_001.csv,1
22.39,31.288302926173543,978.9579,38.47427712121438,116.0,0.0,116.0,5.5,4895209.999999999,Minor_Fault,Minor_fault_026_window_002.csv,1
23.42,34.89045141582436,1217.3436000000002,42.02189905275581,119.0,0.0,119.0,5.5,6088175.999999999,Minor_Fault,Minor_fault_026_window_003.csv,1
21.74,35.19079993407368,1238.3924000000004,41.36447751392492,119.0,0.0,119.0,5.0,6195162.000000001,Minor_Fault,Minor_fault_026_window_004.csv,1
23.51,34.005733340129574,1156.3899,41.3413836246442,122.0,0.0,122.0,5.0,5782790.000000001,Minor_Fault,Minor_fault_026_window_005.csv,1
25.83,34.800877862490765,1211.1011,43.33924318674704,122.0,0.0,122.0,5.5,6068145.999999999,Minor_Fault,Minor_fault_026_window_006.csv,1
22.36,32.72629523792756,1071.0104,39.63559006751382,107.0,0.0,107.0,6.0,5359283.999999999,Minor_Fault,Minor_fault_026_window_007.csv,1
19.8,30.92119014527093,956.12,36.71729837556135,103.0,0.0,103.0,6.0,4782058.0,Minor_Fault,Minor_fault_026_window_008.csv,1
15.91,27.042224390756022,731.2819000000001,31.37530876342096,103.0,0.0,103.0,5.5,3656954.0,Minor_Fault,Minor_fault_026_window_009.csv,1
13.92,23.570184555917248,555.5536,27.3737100152683,86.0,0.0,86.0,5.5,2778415.9999999995,Minor_Fault,Minor_fault_026_window_010.csv,1
22.71,37.30450240922669,1391.6259,43.6734473106944,168.0,0.0,168.0,5.5,6958889.999999999,Minor_Fault,Minor_fault_026_window_011.csv,1
27.79,43.30480227411274,1875.3059,51.4547373912257,168.0,0.0,168.0,5.5,9377213.999999998,Minor_Fault,Minor_fault_026_window_012.csv,1
25.73,38.61757501449307,1491.3170999999995,46.40420239590376,160.0,0.0,160.0,5.5,7457066.0,Minor_Fault,Minor_fault_026_window_013.csv,1
15.28,25.14202855777552,632.1216,29.421080877493267,98.0,0.0,98.0,6.5,3161959.9999999995,Minor_Fault,Minor_fault_027_window_001.csv,1
20.93,31.01169295604482,961.7250999999998,37.41376751945732,108.0,0.0,108.0,6.5,4808805.999999999,Minor_Fault,Minor_fault_027_window_002.csv,1
20.9,31.856396531936877,1014.8299999999996,38.1003936987533,127.0,0.0,127.0,6.0,5074311.999999999,Minor_Fault,Minor_fault_027_window_003.csv,1
16.6,26.396969523034265,696.7999999999998,31.18268750444708,127.0,0.0,127.0,6.0,3484722.0,Minor_Fault,Minor_fault_027_window_004.csv,1
16.39,28.006390342205837,784.3579000000001,32.44980739542224,119.0,0.0,119.0,5.5,3922154.000000001,Minor_Fault,Minor_fault_027_window_005.csv,1
19.96,35.25816784803203,1243.1383999999998,40.51592279585891,119.0,0.0,119.0,5.5,6218579.999999999,Minor_Fault,Minor_fault_027_window_006.csv,1
17.26,30.750811371409377,945.6124000000002,35.26357894485471,113.0,0.0,113.0,5.5,4728304.0,Minor_Fault,Minor_fault_027_window_007.csv,1
15.7,26.262711208098835,689.7300000000001,30.59771233278724,105.0,0.0,105.0,5.0,3449707.9999999995,Minor_Fault,Minor_fault_027_window_008.csv,1
16.66,28.63956005248684,820.2244000000001,33.132763241239026,131.0,0.0,131.0,5.5,4102474.0,Minor_Fault,Minor_fault_027_window_009.csv,1
21.84,39.35955284298846,1549.1744000000006,45.01288704360119,173.0,0.0,173.0,5.5,7747794.000000001,Minor_Fault,Minor_fault_027_window_010.csv,1
28.09,44.366675557224255,1968.4019000000003,52.51142732777314,173.0,0.0,173.0,5.5,9851393.999999998,Minor_Fault,Minor_fault_027_window_011.csv,1
30.45,40.068035888972645,1605.4474999999998,50.32544088232114,148.0,0.0,148.0,5.5,8027250.000000001,Minor_Fault,Minor_fault_027_window_012.csv,1
31.99,39.4211859283812,1554.0299,50.76800173337532,115.0,0.0,115.0,5.5,7770909.999999999,Minor_Fault,Minor_fault_027_window_013.csv,1
23.82,32.90604199839294,1082.8076000000003,40.622653778403006,138.0,0.0,138.0,6.5,5415190.0,Minor_Fault,Minor_fault_028_window_001.csv,1
23.19,31.853318508438026,1014.6339000000002,39.40063451265728,112.0,0.0,112.0,5.5,5080249.999999999,Minor_Fault,Minor_fault_028_window_002.csv,1
22.21,33.019477585207184,1090.2859,39.794095039339695,112.0,0.0,112.0,5.5,5456133.999999999,Minor_Fault,Minor_fault_028_window_003.csv,1
18.93,30.046715294687367,902.8050999999998,35.51267379401332,103.0,0.0,103.0,5.5,4515886.0,Minor_Fault,Minor_fault_028_window_004.csv,1
18.52,29.174468289927752,851.1496,34.55633082374343,102.0,0.0,102.0,5.5,4258198.000000001,Minor_Fault,Minor_fault_028_window_005.csv,1
20.04,31.543278206299355,994.9784,37.37084425056517,104.0,0.0,104.0,5.0,4994494.0,Minor_Fault,Minor_fault_028_window_006.csv,1
17.62,31.090442261248068,966.6156,35.736256099373364,137.0,0.0,137.0,5.0,4839128.000000001,Minor_Fault,Minor_fault_028_window_007.csv,1
19.54,34.3591094180277,1180.5484,39.52669983694566,140.0,0.0,140.0,5.0,5905784.0,Minor_Fault,Minor_fault_028_window_008.csv,1
29.72,42.639437144502736,1818.1216,51.97499398749364,140.0,0.0,140.0,5.5,9095810.000000002,Minor_Fault,Minor_fault_028_window_009.csv,1
34.19,45.84423518829821,2101.6939,57.18959695608984,153.0,0.0,153.0,5.5,10518694.0,Minor_Fault,Minor_fault_028_window_010.csv,1
32.65,44.97874498026817,2023.0874999999992,55.57976250399061,153.0,0.0,153.0,5.0,10122282.0,Minor_Fault,Minor_fault_028_window_011.csv,1
33.88,45.847852730526,2102.0256000000004,57.00771877561845,150.0,0.0,150.0,5.0,10517089.999999996,Minor_Fault,Minor_fault_028_window_012.csv,1
29.2,42.33107605530481,1791.9200000000003,51.42528560931869,150.0,0.0,150.0,5.0,8992882.0,Minor_Fault,Minor_fault_028_window_013.csv,1
12.57,21.178883351111786,448.5451000000001,24.628235828008467,71.0,0.0,71.0,6.5,2250290.0000000005,Minor_Fault,Minor_fault_029_window_001.csv,1
15.64,24.86182615979768,618.1104000000001,29.37209560109731,92.0,0.0,92.0,6.0,3091703.999999999,Minor_Fault,Minor_fault_029_window_002.csv,1
17.3,26.63099697720684,709.2099999999998,31.756889016400837,105.0,0.0,105.0,6.0,3563348.000000001,Minor_Fault,Minor_fault_029_window_003.csv,1
18.3,28.770644761631605,827.7500000000001,34.09750724026611,105.0,0.0,105.0,5.5,4140208.0,Minor_Fault,Minor_fault_029_window_004.csv,1
21.08,33.62638249946015,1130.7336,39.68752952754807,128.0,0.0,128.0,5.5,5660630.0,Minor_Fault,Minor_fault_029_window_005.csv,1
22.11,34.89380890645216,1217.5779,41.30895786630305,128.0,0.0,128.0,5.5,6100530.0,Minor_Fault,Minor_fault_029_window_006.csv,1
20.05,31.250079999897604,976.5675000000005,37.12909910030137,105.0,0.0,105.0,5.5,4882950.0,Minor_Fault,Minor_fault_029_window_007.csv,1
18.74,29.570464994653022,874.4124,35.008570379265706,109.0,0.0,109.0,5.5,4383013.999999999,Minor_Fault,Minor_fault_029_window_008.csv,1
20.04,31.7114868777861,1005.6184,37.51293110382072,109.0,0.0,109.0,5.0,5043934.0,Minor_Fault,Minor_fault_029_window_009.csv,1
21.53,33.71422696726117,1136.6491,40.002374929496376,128.0,0.0,128.0,5.0,5687205.999999999,Minor_Fault,Minor_fault_029_window_010.csv,1
22.87,33.397201978608926,1115.3731,40.47727757643787,128.0,0.0,128.0,5.0,5601729.999999999,Minor_Fault,Minor_fault_029_window_011.csv,1
22.71,33.304742905478186,1109.2058999999997,40.31066856304916,99.0,0.0,99.0,5.0,5548841.999999999,Minor_Fault,Minor_fault_029_window_012.csv,1
21.43,31.450677258208604,989.1450999999998,38.05771932210337,99.0,0.0,99.0,5.5,4945737.999999999,Minor_Fault,Minor_fault_029_window_013.csv,1
31.03,41.77282729239188,1744.9690999999998,52.03681389170555,148.0,0.0,148.0,6.0,8726357.999999998,Minor_Fault,Minor_fault_030_window_001.csv,1
21.99,29.35796144148977,861.8899000000002,36.68037622489715,118.0,0.0,118.0,6.0,4322734.0,Minor_Fault,Minor_fault_030_window_002.csv,1
15.31,20.98985231010452,440.5738999999999,25.980184756848825,76.0,0.0,76.0,5.5,2205113.9999999995,Minor_Fault,Minor_fault_030_window_003.csv,1
15.52,22.550157427388395,508.5096,27.374805935385183,75.0,0.0,75.0,5.5,2542646.0,Minor_Fault,Minor_fault_030_window_004.csv,1
13.79,22.612074208263163,511.3059000000001,26.48527893000185,75.0,0.0,75.0,5.5,2557634.0,Minor_Fault,Minor_fault_030_window_005.csv,1
9.22,17.685349869312734,312.7716,19.94442277931352,72.0,0.0,72.0,5.5,1564370.0000000002,Minor_Fault,Minor_fault_030_window_006.csv,1
16.12,26.574905456087706,706.2256,31.08182748809986,105.0,0.0,105.0,5.5,3531849.9999999995,Minor_Fault,Minor_fault_030_window_007.csv,1
19.91,30.88271199231052,953.7419,36.74438732650199,105.0,0.0,105.0,5.5,4780414.0,Minor_Fault,Minor_fault_030_window_008.csv,1
19.09,29.8221712824536,889.3619,35.408897187006545,105.0,0.0,105.0,5.5,4447029.999999999,Minor_Fault,Minor_fault_030_window_009.csv,1
23.88,32.86617714307523,1080.1856000000002,40.62560768776265,108.0,0.0,108.0,5.5,5406978.000000002,Minor_Fault,Minor_fault_030_window_010.csv,1
23.29,32.57799717600823,1061.3259000000005,40.04684756631912,108.0,0.0,108.0,5.5,5307641.999999999,Minor_Fault,Minor_fault_030_window_011.csv,1
23.44,31.932528869477284,1019.6864000000004,39.61211935759055,105.0,0.0,105.0,5.5,5099681.999999999,Minor_Fault,Minor_fault_030_window_012.csv,1
27.52,38.86398847262077,1510.4096,47.62100376934531,137.0,0.0,137.0,5.5,7554640.0,Minor_Fault,Minor_fault_030_window_013.csv,1
122.0,189.81306593593604,36029.0,225.63909235768523,700.0,0.0,700.0,6.0,180398472.0,Moderate_Fault,Moderate_Fault_001_window_001.csv,2
106.41,146.80034707043438,21550.3419,181.3103141026456,627.0,0.0,627.0,6.0,108067722.0,Moderate_Fault,Moderate_Fault_001_window_002.csv,2
117.09,174.23685574527565,30358.481899999995,209.92510569248265,758.0,0.0,758.0,6.0,152078933.99999997,Moderate_Fault,Moderate_Fault_001_window_003.csv,2
110.84,163.20016666658157,26634.2944,197.28101784003448,758.0,0.0,758.0,6.0,133193522.0,Moderate_Fault,Moderate_Fault_001_window_004.csv,2
93.31,127.0358764286688,16138.113900000004,157.62255549254365,559.0,0.0,559.0,6.0,81197594.0,Moderate_Fault,Moderate_Fault_001_window_005.csv,2
71.44,110.13494631587196,12129.7064,131.27596885949842,410.0,0.0,410.0,5.5,60739270.000000015,Moderate_Fault,Moderate_Fault_001_window_006.csv,2
52.31,96.71708173843956,9354.1939,109.95694611983365,334.0,0.0,334.0,5.5,46901530.0,Moderate_Fault,Moderate_Fault_001_window_007.csv,2
52.33,103.14563054245195,10639.021100000002,115.66092685086004,378.0,0.0,378.0,6.0,53269217.99999999,Moderate_Fault,Moderate_Fault_001_window_008.csv,2
61.16,114.4765233574116,13104.874400000004,129.7899071576831,399.0,0.0,399.0,6.0,65526420.00000001,Moderate_Fault,Moderate_Fault_001_window_009.csv,2
67.45,114.72901768951044,13162.7475,133.08737731280152,399.0,0.0,399.0,6.0,65815722.00000001,Moderate_Fault,Moderate_Fault_001_window_010.csv,2
71.09,108.2632065846934,11720.9219,129.51721893246471,356.0,0.0,356.0,6.0,58604634.0,Moderate_Fault,Moderate_Fault_001_window_011.csv,2
69.22,102.87852837205634,10583.9916,123.9975806215589,320.0,0.0,320.0,5.5,52922269.99999998,Moderate_Fault,Moderate_Fault_001_window_012.csv,2
63.48,101.1607117412684,10233.4896,119.4286397812518,319.0,0.0,319.0,5.5,51188666.0,Moderate_Fault,Moderate_Fault_001_window_013.csv,2
35.41,68.64839328054227,4712.6019,77.2429284789229,364.0,0.0,364.0,6.5,23607710.000000004,Moderate_Fault,Moderate_Fault_002_window_001.csv,2
39.9,76.88556431476587,5911.39,86.6221680633774,364.0,0.0,364.0,6.0,29886622.0,Moderate_Fault,Moderate_Fault_002_window_002.csv,2
40.99,75.08295345815853,5637.449899999999,85.54314700781121,267.0,0.0,267.0,6.0,28221834.0,Moderate_Fault,Moderate_Fault_002_window_003.csv,2
39.82,71.5911139737328,5125.287600000001,81.9202050778683,247.0,0.0,247.0,6.0,25658190.0,Moderate_Fault,Moderate_Fault_002_window_004.csv,2
38.94,72.58730191982617,5268.916400000001,82.37256824938748,308.0,0.0,308.0,6.0,26347032.0,Moderate_Fault,Moderate_Fault_002_window_005.csv,2
31.5,66.89506708270797,4474.95,73.94051663330464,308.0,0.0,308.0,6.0,22375142.0,Moderate_Fault,Moderate_Fault_002_window_006.csv,2
27.34,57.03038137694679,3252.4644,63.24507885993977,262.0,0.0,262.0,6.0,16286521.999999996,Moderate_Fault,Moderate_Fault_002_window_007.csv,2
37.86,74.2724740398487,5516.4004,83.36534051990671,262.0,0.0,262.0,5.5,27651939.999999996,Moderate_Fault,Moderate_Fault_002_window_008.csv,2
44.83,86.93572970879119,7557.821099999998,97.81385382449666,337.0,0.0,337.0,6.0,37986926.00000001,Moderate_Fault,Moderate_Fault_002_window_009.csv,2
52.14,96.1148292408617,9238.060400000002,109.34642198078544,354.0,0.0,354.0,6.0,46417440.000000015,Moderate_Fault,Moderate_Fault_002_window_010.csv,2
66.44,113.20930350461484,12816.346399999997,131.26545623278045,428.0,0.0,428.0,6.0,64178532.00000001,Moderate_Fault,Moderate_Fault_002_window_011.csv,2
68.51,114.27488744251733,13058.7499,133.23802009936952,428.0,0.0,428.0,6.0,65296130.00000001,Moderate_Fault,Moderate_Fault_002_window_012.csv,2
49.49,94.7315676002461,8974.069899999997,106.87997941616568,354.0,0.0,354.0,5.5,44949950.00000001,Moderate_Fault,Moderate_Fault_002_window_013.csv,2
44.86,82.48430396142045,6803.660400000001,93.8939827678004,295.0,0.0,295.0,6.5,34024133.99999999,Moderate_Fault,Moderate_Fault_003_window_001.csv,2
52.43,91.51428904821368,8374.865099999999,105.4692846282746,316.0,0.0,316.0,6.5,42258889.99999999,Moderate_Fault,Moderate_Fault_003_window_002.csv,2
52.04,96.96802772048116,9402.7984,110.04980690578245,443.0,0.0,443.0,6.0,47394183.99999999,Moderate_Fault,Moderate_Fault_003_window_003.csv,2
61.04,112.25087260239894,12600.2584,127.7737844786637,443.0,0.0,443.0,6.0,63027284.00000001,Moderate_Fault,Moderate_Fault_003_window_004.csv,2
61.49,113.91185144663396,12975.909900000002,129.44856121255268,425.0,0.0,425.0,5.5,65136593.99999999,Moderate_Fault,Moderate_Fault_003_window_005.csv,2
67.61,124.77699267092471,15569.2979,141.91691231139438,432.0,0.0,432.0,5.5,78154602.0,Moderate_Fault,Moderate_Fault_003_window_006.csv,2
64.1,121.99979508179511,14883.95,137.8142227783475,432.0,0.0,432.0,5.5,74529262.00000001,Moderate_Fault,Moderate_Fault_003_window_007.csv,2
55.36,104.5060304480081,10921.510399999996,118.263434754788,403.0,0.0,403.0,5.5,54607601.99999999,Moderate_Fault,Moderate_Fault_003_window_008.csv,2
59.4,106.62926427580751,11369.8,122.05801899097004,403.0,0.0,403.0,5.5,56944922.00000001,Moderate_Fault,Moderate_Fault_003_window_009.csv,2
60.73,108.42157119319016,11755.237100000004,124.27135631351256,404.0,0.0,404.0,5.5,58784506.0,Moderate_Fault,Moderate_Fault_003_window_010.csv,2
51.23,97.98763748555224,9601.5771,110.57165097799708,404.0,0.0,404.0,5.5,48009398.0,Moderate_Fault,Moderate_Fault_003_window_011.csv,2
50.56,92.81102520713796,8613.8864,105.68916689992405,316.0,0.0,316.0,5.5,43075704.0,Moderate_Fault,Moderate_Fault_003_window_012.csv,2
53.01,94.0842702049604,8851.8499,107.9903236405929,318.0,0.0,318.0,5.5,44396013.99999999,Moderate_Fault,Moderate_Fault_003_window_013.csv,2
76.32,135.04672376625803,18237.617600000005,155.12046931336948,588.0,0.0,588.0,6.0,91385279.99999996,Moderate_Fault,Moderate_Fault_004_window_001.csv,2
100.95,159.78606791582305,25531.587500000005,189.00394175783745,588.0,0.0,588.0,5.5,127683250.00000004,Moderate_Fault,Moderate_Fault_004_window_002.csv,2
99.23,152.1300663905725,23143.557099999995,181.63190798975825,546.0,0.0,546.0,5.5,115719410.0,Moderate_Fault,Moderate_Fault_004_window_003.csv,2
93.82,144.16950995269423,20784.8476,172.00883698228995,556.0,0.0,556.0,6.0,103945869.99999996,Moderate_Fault,Moderate_Fault_004_window_004.csv,2
89.83,142.76960846062445,20383.1611,168.6789554153096,556.0,0.0,556.0,6.0,101943418.0,Moderate_Fault,Moderate_Fault_004_window_005.csv,2
82.33,138.4786665880344,19176.3411,161.1042209254618,460.0,0.0,460.0,5.5,95941910.0,Moderate_Fault,Moderate_Fault_004_window_006.csv,2
84.28,135.22071438947512,18284.641600000006,159.33536958252552,445.0,0.0,445.0,5.5,91468208.0,Moderate_Fault,Moderate_Fault_004_window_007.csv,2
78.04,122.89564028068692,15103.338400000002,145.5801497457672,408.0,0.0,408.0,5.5,75530140.0,Moderate_Fault,Moderate_Fault_004_window_008.csv,2
70.34,113.42012343495313,12864.1244,133.46100554094443,368.0,0.0,368.0,5.5,64324671.99999999,Moderate_Fault,Moderate_Fault_004_window_009.csv,2
71.37,118.14979094353068,13959.373100000004,138.03278596043768,372.0,0.0,372.0,5.5,69837478.0,Moderate_Fault,Moderate_Fault_004_window_010.csv,2
65.06,114.99407115151634,13223.6364,132.12282164713255,424.0,0.0,424.0,5.0,66183703.99999999,Moderate_Fault,Moderate_Fault_004_window_011.csv,2
63.1,103.5906849094068,10731.03,121.29567181066272,424.0,0.0,424.0,5.5,53755501.99999999,Moderate_Fault,Moderate_Fault_004_window_012.csv,2
67.14,103.4013558905298,10691.8404,123.28673894624676,358.0,0.0,358.0,5.5,53460554.0,Moderate_Fault,Moderate_Fault_004_window_013.csv,2
59.95,107.57819249271668,11573.067500000005,123.15465886437264,430.0,0.0,430.0,6.5,58009521.99999999,Moderate_Fault,Moderate_Fault_005_window_001.csv,2
64.07,109.86621455206328,12070.5851,127.1831356745068,347.0,0.0,347.0,6.5,60423237.99999999,Moderate_Fault,Moderate_Fault_005_window_002.csv,2
67.31,115.21212566392482,13273.833900000003,133.43339162293674,417.0,0.0,417.0,6.0,66524293.99999999,Moderate_Fault,Moderate_Fault_005_window_003.csv,2
68.9,117.3677553674773,13775.189999999997,136.09702421434497,417.0,0.0,417.0,6.0,68983598.0,Moderate_Fault,Moderate_Fault_005_window_004.csv,2
67.64,111.20157552840696,12365.790399999996,130.1574431217823,400.0,0.0,400.0,6.0,61866489.99999999,Moderate_Fault,Moderate_Fault_005_window_005.csv,2
72.77,110.70003206864938,12254.4971,132.4762997671659,379.0,0.0,379.0,6.0,61272798.000000015,Moderate_Fault,Moderate_Fault_005_window_006.csv,2
62.53,107.37294398497232,11528.949100000003,124.25357137724453,368.0,0.0,368.0,5.5,57645850.00000001,Moderate_Fault,Moderate_Fault_005_window_007.csv,2
56.38,104.60820044336867,10942.8756,118.83425432088174,428.0,0.0,428.0,5.5,54736428.0,Moderate_Fault,Moderate_Fault_005_window_008.csv,2
54.13,98.2298992160737,9649.1131,112.1568990298858,428.0,0.0,428.0,5.5,48249706.0,Moderate_Fault,Moderate_Fault_005_window_009.csv,2
50.02,94.25136391586068,8883.3196,106.70201497628804,339.0,0.0,339.0,5.5,44432440.0,Moderate_Fault,Moderate_Fault_005_window_010.csv,2
58.53,106.33442104981812,11307.009100000005,121.37862250001028,403.0,0.0,403.0,5.5,56537289.99999999,Moderate_Fault,Moderate_Fault_005_window_011.csv,2
66.69,111.58814408350018,12451.913899999996,129.99796152247927,403.0,0.0,403.0,5.5,62261950.0,Moderate_Fault,Moderate_Fault_005_window_012.csv,2
69.64,111.81945447908426,12503.590399999995,131.73200066802295,424.0,0.0,424.0,5.5,62518080.0,Moderate_Fault,Moderate_Fault_005_window_013.csv,2
69.75,120.53832378127711,14529.4875,139.26431703778252,457.0,0.0,457.0,6.5,72712598.0,Moderate_Fault,Moderate_Fault_006_window_001.csv,2
69.16,122.06807281185364,14900.6144,140.29868139080995,457.0,0.0,457.0,6.0,74503871.99999997,Moderate_Fault,Moderate_Fault_006_window_002.csv,2
70.89,129.4059422901437,16745.897900000004,147.55097424280194,430.0,0.0,430.0,6.0,83753469.99999999,Moderate_Fault,Moderate_Fault_006_window_003.csv,2
84.35,148.33262453014171,22002.5675,170.63847748969164,543.0,0.0,543.0,6.5,110165742.0,Moderate_Fault,Moderate_Fault_006_window_004.csv,2
71.58,136.97825958888512,18763.0436,154.55335648247825,543.0,0.0,543.0,6.5,93882196.0,Moderate_Fault,Moderate_Fault_006_window_005.csv,2
55.35,111.62879332860318,12460.987500000005,124.59779291785227,446.0,0.0,446.0,6.0,62628950.0,Moderate_Fault,Moderate_Fault_006_window_006.csv,2
70.53,127.448692029381,16243.1691,145.6627955244578,515.0,0.0,515.0,6.5,81216530.0,Moderate_Fault,Moderate_Fault_006_window_007.csv,2
69.34,126.3053617230876,15953.0444,144.0870570176239,515.0,0.0,515.0,6.5,80663022.0,Moderate_Fault,Moderate_Fault_006_window_008.csv,2
50.33,104.0149080661037,10819.101100000003,115.55176329247423,411.0,0.0,411.0,6.5,54506830.00000001,Moderate_Fault,Moderate_Fault_006_window_009.csv,2
59.31,121.6122275924588,14789.5339,135.3041388871752,609.0,0.0,609.0,5.5,74567054.00000001,Moderate_Fault,Moderate_Fault_006_window_010.csv,2
64.35,127.14522208875958,16165.907499999998,142.50203507318764,609.0,0.0,609.0,5.5,81752977.99999999,Moderate_Fault,Moderate_Fault_006_window_011.csv,2
63.3,119.40858428103064,14258.409999999996,135.14917683804072,441.0,0.0,441.0,6.0,71372852.0,Moderate_Fault,Moderate_Fault_006_window_012.csv,2
84.14,160.37761813919047,25720.9804,181.1091383668974,715.0,0.0,715.0,6.5,128681734.00000004,Moderate_Fault,Moderate_Fault_007_window_001.csv,2
53.13,94.67699350951106,8963.7331,108.56578650753652,453.0,0.0,453.0,6.0,44852726.00000001,Moderate_Fault,Moderate_Fault_007_window_002.csv,2
63.0,111.17922467799458,12360.82,127.78818411731189,585.0,0.0,585.0,6.0,61828299.99999999,Moderate_Fault,Moderate_Fault_007_window_003.csv,2
79.95,139.60525598988025,19489.6275,160.87768645775586,606.0,0.0,606.0,6.0,97460150.0,Moderate_Fault,Moderate_Fault_007_window_004.csv,2
92.51,160.31384812298654,25700.5299,185.09086957491988,616.0,0.0,616.0,6.0,128532174.0,Moderate_Fault,Moderate_Fault_007_window_005.csv,2
93.89,165.41178283302554,27361.0579,190.20092008189656,616.0,0.0,616.0,5.5,136984690.00000003,Moderate_Fault,Moderate_Fault_007_window_006.csv,2
87.65,152.14475837175596,23148.0275,175.58630356608114,589.0,0.0,589.0,5.5,115750650.0,Moderate_Fault,Moderate_Fault_007_window_007.csv,2
95.04,155.32887175280712,24127.0584,182.0979406802834,629.0,0.0,629.0,10.5,120652964.0,Moderate_Fault,Moderate_Fault_007_window_008.csv,2
92.35,163.01131095724617,26572.6875,187.3531691752237,629.0,0.0,629.0,5.0,133066322.0,Moderate_Fault,Moderate_Fault_007_window_009.csv,2
83.02,147.41465191764354,21731.07960000001,169.18451465781376,582.0,0.0,582.0,5.5,108792686.0,Moderate_Fault,Moderate_Fault_007_window_010.csv,2
92.9,151.7475205728252,23027.31000000001,177.92616446155412,560.0,0.0,560.0,5.5,115443878.0,Moderate_Fault,Moderate_Fault_007_window_011.csv,2
110.26,175.54068588221935,30814.532400000004,207.2964061434737,617.0,0.0,617.0,6.0,154531544.00000003,Moderate_Fault,Moderate_Fault_007_window_012.csv,2
92.9,165.1208345424647,27264.890000000003,189.4605499833673,617.0,0.0,617.0,5.5,136465962.0,Moderate_Fault,Moderate_Fault_007_window_013.csv,2
58.89,103.51791101060724,10715.9579,119.09655746494104,409.0,0.0,409.0,6.0,53593074.0,Moderate_Fault,Moderate_Fault_008_window_001.csv,2
63.04,107.64515037845412,11587.4784,124.74582157330964,337.0,0.0,337.0,6.0,57939842.000000015,Moderate_Fault,Moderate_Fault_008_window_002.csv,2
64.69,107.08442417083825,11467.073900000005,125.10743383188706,347.0,0.0,347.0,6.0,57339330.000000015,Moderate_Fault,Moderate_Fault_008_window_003.csv,2
65.59,100.19322282470009,10038.6819,119.75278702393528,347.0,0.0,347.0,6.0,50235170.0,Moderate_Fault,Moderate_Fault_008_window_004.csv,2
74.77,112.54411179621972,12666.177100000004,135.11746741261842,412.0,0.0,412.0,6.0,63333549.99999999,Moderate_Fault,Moderate_Fault_008_window_005.csv,2
88.81,134.14467525772312,17994.793899999997,160.87886747488,417.0,0.0,417.0,5.5,90064282.0,Moderate_Fault,Moderate_Fault_008_window_006.csv,2
82.63,127.59848392516268,16281.373099999995,152.01674249897607,417.0,0.0,417.0,5.5,81509469.99999999,Moderate_Fault,Moderate_Fault_008_window_007.csv,2
83.63,123.73711286433024,15310.8731,149.34808334893353,429.0,0.0,429.0,5.5,76555469.99999999,Moderate_Fault,Moderate_Fault_008_window_008.csv,2
92.51,139.6795257007984,19510.3699,167.5364736408165,477.0,0.0,477.0,5.5,97765054.0,Moderate_Fault,Moderate_Fault_008_window_009.csv,2
77.82,125.52325521591608,15756.0876,147.68899755905989,477.0,0.0,477.0,5.5,78844520.00000001,Moderate_Fault,Moderate_Fault_008_window_010.csv,2
75.0,111.6525861769444,12466.3,134.50390328908674,391.0,0.0,391.0,5.5,62337772.000000015,Moderate_Fault,Moderate_Fault_008_window_011.csv,2
65.79,106.53133764296776,11348.9259,125.2088255675294,391.0,0.0,391.0,5.0,56747150.0,Moderate_Fault,Moderate_Fault_008_window_012.csv,2
86.59,143.90580912527471,20708.8819,167.9485337834183,620.0,0.0,620.0,6.5,104500754.0,Moderate_Fault,Moderate_Fault_009_window_001.csv,2
74.26,117.6349964933905,13837.992399999996,139.11340697430998,371.0,0.0,371.0,6.0,69534412.0,Moderate_Fault,Moderate_Fault_009_window_002.csv,2
67.61,102.16211577683777,10437.0979,122.50799973879256,351.0,0.0,351.0,6.0,52194070.0,Moderate_Fault,Moderate_Fault_009_window_003.csv,2
69.1,116.06295705348886,13470.61,135.0756084568935,515.0,0.0,515.0,5.5,67365532.0,Moderate_Fault,Moderate_Fault_009_window_004.csv,2
81.71,141.2671437383796,19956.4059,163.19598647025606,547.0,0.0,547.0,5.5,99882830.0,Moderate_Fault,Moderate_Fault_009_window_005.csv,2
79.24,138.85216022806415,19279.922400000003,159.87151090797886,547.0,0.0,547.0,5.5,96407804.0,Moderate_Fault,Moderate_Fault_009_window_006.csv,2
62.53,121.34977997507868,14725.769100000009,136.5128931639792,459.0,0.0,459.0,5.0,73836858.0,Moderate_Fault,Moderate_Fault_009_window_007.csv,2
69.86,130.45888394432933,17019.52039999999,147.98628314813504,465.0,0.0,465.0,5.5,85131923.99999999,Moderate_Fault,Moderate_Fault_009_window_008.csv,2
81.45,135.91838543773244,18473.8075,158.4547569497363,465.0,0.0,465.0,5.5,92369302.0,Moderate_Fault,Moderate_Fault_009_window_009.csv,2
82.77,132.98269473882684,17684.397100000002,156.63738378816214,463.0,0.0,463.0,5.5,88580470.0,Moderate_Fault,Moderate_Fault_009_window_010.csv,2
74.98,126.88774408901752,16100.4996,147.3855488167005,463.0,0.0,463.0,5.0,80615786.0,Moderate_Fault,Moderate_Fault_009_window_011.csv,2
67.89,114.5949296435056,13131.9979,133.1955329581289,393.0,0.0,393.0,5.0,65659990.00000002,Moderate_Fault,Moderate_Fault_009_window_012.csv,2
73.22,116.8249613738434,13648.0716,137.87400044968595,388.0,0.0,388.0,5.0,68242406.0,Moderate_Fault,Moderate_Fault_009_window_013.csv,2
51.88,90.04690777589201,8108.445600000001,103.92295222904322,345.0,0.0,345.0,6.0,40566428.0,Moderate_Fault,Moderate_Fault_010_window_001.csv,2
64.08,109.42912592175816,11974.733600000003,126.81080395612986,421.0,0.0,421.0,6.0,59995686.0,Moderate_Fault,Moderate_Fault_010_window_002.csv,2
81.81,135.3979833675524,18332.6139,158.1944689298586,455.0,0.0,455.0,5.5,91664930.0,Moderate_Fault,Moderate_Fault_010_window_003.csv,2
88.48,145.8417964782387,21269.82960000001,170.5829417028561,455.0,0.0,455.0,5.5,106434020.0,Moderate_Fault,Moderate_Fault_010_window_004.csv,2
97.21,150.4368502063241,22631.2459,179.11178074040802,473.0,0.0,473.0,5.5,113399134.0,Moderate_Fault,Moderate_Fault_010_window_005.csv,2
89.56,144.13981545707625,20776.2864,169.69761341869247,473.0,0.0,473.0,5.5,103996631.99999996,Moderate_Fault,Moderate_Fault_010_window_006.csv,2
74.02,136.01198329559057,18499.259600000005,154.84902324522426,475.0,0.0,475.0,5.5,92514348.00000004,Moderate_Fault,Moderate_Fault_010_window_007.csv,2
79.93,144.83758179422907,20977.9251,165.42892733739163,483.0,0.0,483.0,5.0,104964510.0,Moderate_Fault,Moderate_Fault_010_window_008.csv,2
87.74,146.72229687406067,21527.4324,170.95537429399522,483.0,0.0,483.0,5.5,107637194.0,Moderate_Fault,Moderate_Fault_010_window_009.csv,2
93.6,154.60155238547895,23901.64,180.72797237837867,598.0,0.0,598.0,5.5,119524042.0,Moderate_Fault,Moderate_Fault_010_window_010.csv,2
95.05,160.56658276241666,25781.627499999995,186.5908089912255,598.0,0.0,598.0,5.0,128961602.0,Moderate_Fault,Moderate_Fault_010_window_011.csv,2
86.63,147.27821665134323,21690.8731,170.8672876825755,578.0,0.0,578.0,5.0,108472606.0,Moderate_Fault,Moderate_Fault_010_window_012.csv,2
93.34,151.28358932812242,22886.7244,177.76130062530484,493.0,0.0,493.0,5.0,114456094.0,Moderate_Fault,Moderate_Fault_010_window_013.csv,2
81.68,133.57678540824375,17842.7576,156.5706869116949,431.0,0.0,431.0,6.5,89752510.0,Moderate_Fault,Moderate_Fault_011_window_001.csv,2
78.43,135.58740760114856,18383.9451,156.637192262885,463.0,0.0,463.0,6.0,91979930.0,Moderate_Fault,Moderate_Fault_011_window_002.csv,2
74.38,134.28512799264112,18032.49560000001,153.50856653620346,471.0,0.0,471.0,5.5,90194230.0,Moderate_Fault,Moderate_Fault_011_window_003.csv,2
81.42,136.77596133824102,18707.6636,159.17562627487916,471.0,0.0,471.0,5.5,93629055.99999996,Moderate_Fault,Moderate_Fault_011_window_004.csv,2
83.54,133.39231012318513,17793.5084,157.3926300688822,411.0,0.0,411.0,5.5,89034520.0,Moderate_Fault,Moderate_Fault_011_window_005.csv,2
81.35,137.1801279340415,18818.3875,159.48733492036288,500.0,0.0,500.0,5.5,94103642.0,Moderate_Fault,Moderate_Fault_011_window_006.csv,2
87.56,144.44662128274237,20864.8264,168.91293615351077,500.0,0.0,500.0,5.5,104365604.0,Moderate_Fault,Moderate_Fault_011_window_007.csv,2
73.68,129.1032826848334,16667.657600000002,148.6485788697625,465.0,0.0,465.0,5.5,83572216.00000001,Moderate_Fault,Moderate_Fault_011_window_008.csv,2
56.35,107.25654991654356,11503.9675,121.1581198269435,420.0,0.0,420.0,5.5,57519850.0,Moderate_Fault,Moderate_Fault_011_window_009.csv,2
71.2,122.89320567061468,15102.740000000002,142.02879989635906,422.0,0.0,422.0,5.5,75545452.0,Moderate_Fault,Moderate_Fault_011_window_010.csv,2
69.74,126.20171314209642,15926.872399999997,144.18925063956743,422.0,0.0,422.0,5.5,79635244.00000001,Moderate_Fault,Moderate_Fault_011_window_011.csv,2
70.89,136.40057881108862,18605.1179,153.72218447576134,539.0,0.0,539.0,5.0,93037294.0,Moderate_Fault,Moderate_Fault_011_window_012.csv,2
81.87,146.80093017416476,21550.5131,168.08691204255018,539.0,0.0,539.0,5.0,107834578.0,Moderate_Fault,Moderate_Fault_011_window_013.csv,2
65.09,108.90951244037409,11861.281899999996,126.87785464768862,439.0,0.0,439.0,6.0,59331274.0,Moderate_Fault,Moderate_Fault_012_window_001.csv,2
55.68,99.89963763698046,9979.9376,114.368702012395,387.0,0.0,387.0,6.0,49904688.0,Moderate_Fault,Moderate_Fault_012_window_002.csv,2
68.06,117.98456000680768,13920.3564,136.20763561562913,432.0,0.0,432.0,5.5,69601832.00000001,Moderate_Fault,Moderate_Fault_012_window_003.csv,2
61.7,112.80474280809295,12724.91,128.57604753607882,432.0,0.0,432.0,5.5,63730350.0,Moderate_Fault,Moderate_Fault_012_window_004.csv,2
45.68,95.33025542816932,9087.857600000005,105.70960221285482,321.0,0.0,321.0,5.5,45545087.99999999,Moderate_Fault,Moderate_Fault_012_window_005.csv,2
59.86,105.43917867661906,11117.4204,121.24619581661108,373.0,0.0,373.0,5.0,55588070.0,Moderate_Fault,Moderate_Fault_012_window_006.csv,2
69.04,117.60662566369297,13831.318400000004,136.37389779572922,373.0,0.0,373.0,5.0,69164033.99999999,Moderate_Fault,Moderate_Fault_012_window_007.csv,2
63.0,118.24043301679843,13980.8,133.97686367429264,421.0,0.0,421.0,5.0,69911199.99999999,Moderate_Fault,Moderate_Fault_012_window_008.csv,2
66.64,118.06976920448352,13940.470400000006,135.57787430108203,434.0,0.0,434.0,5.5,69706770.0,Moderate_Fault,Moderate_Fault_012_window_009.csv,2
70.09,120.13618064513288,14432.701900000002,139.087418553944,449.0,0.0,449.0,5.0,72169669.99999999,Moderate_Fault,Moderate_Fault_012_window_010.csv,2
61.4,112.22914060082611,12595.38,127.92708860909796,449.0,0.0,449.0,5.0,62989699.99999999,Moderate_Fault,Moderate_Fault_012_window_011.csv,2
62.99,112.91195640852212,12749.1099,129.29365800378608,451.0,0.0,451.0,5.0,63745589.99999999,Moderate_Fault,Moderate_Fault_012_window_012.csv,2
72.17,119.20730304809348,14210.381099999997,139.35167742083337,451.0,0.0,451.0,5.0,71072105.99999997,Moderate_Fault,Moderate_Fault_012_window_013.csv,2
77.86,132.29550408082653,17502.100399999992,153.50661223543435,522.0,0.0,522.0,6.5,88852023.99999999,Moderate_Fault,Moderate_Fault_013_window_001.csv,2
78.31,116.74585174643254,13629.593900000003,140.57755866424768,464.0,0.0,464.0,6.0,68157353.99999999,Moderate_Fault,Moderate_Fault_013_window_002.csv,2
80.83,124.15732398855896,15415.0411,148.15036280752065,411.0,0.0,411.0,6.0,77081146.00000001,Moderate_Fault,Moderate_Fault_013_window_003.csv,2
85.93,133.72421284120537,17882.1651,158.9532321156132,445.0,0.0,445.0,5.5,89678006.0,Moderate_Fault,Moderate_Fault_013_window_004.csv,2
87.59,139.60251394584554,19488.8619,164.8055520909414,489.0,0.0,489.0,5.5,97468290.0,Moderate_Fault,Moderate_Fault_013_window_005.csv,2
86.86,142.4587673679651,20294.5004,166.85071171559323,489.0,0.0,489.0,5.0,101513974.0,Moderate_Fault,Moderate_Fault_013_window_006.csv,2
87.25,146.3541851126916,21419.5475,170.38811578276227,534.0,0.0,534.0,5.0,107146722.0,Moderate_Fault,Moderate_Fault_013_window_007.csv,2
77.44,131.1620615879455,17203.486400000005,152.31690648119138,534.0,0.0,534.0,5.0,86033273.99999999,Moderate_Fault,Moderate_Fault_013_window_008.csv,2
66.19,118.7838116074745,14109.593899999996,135.98055007978164,599.0,0.0,599.0,5.5,70559673.99999999,Moderate_Fault,Moderate_Fault_013_window_009.csv,2
69.07,129.21139694314894,16695.5851,146.5136512411045,599.0,0.0,599.0,5.0,83636410.00000001,Moderate_Fault,Moderate_Fault_013_window_010.csv,2
77.83,136.81835074287366,18719.2611,157.40638487685308,523.0,0.0,523.0,5.5,93637490.0,Moderate_Fault,Moderate_Fault_013_window_011.csv,2
85.63,146.83559888528396,21560.693100000004,169.9799694081629,583.0,0.0,583.0,5.0,107803578.0,Moderate_Fault,Moderate_Fault_013_window_012.csv,2
78.84,137.37654239352509,18872.3144,158.3921083892755,583.0,0.0,583.0,5.0,94366774.0,Moderate_Fault,Moderate_Fault_013_window_013.csv,2
77.91,140.6197066559307,19773.9019,160.76028738466474,495.0,0.0,495.0,6.0,98989070.0,Moderate_Fault,Moderate_Fault_014_window_001.csv,2
79.72,141.86465944695317,20125.5816,162.72940729935692,561.0,0.0,561.0,6.0,100807908.0,Moderate_Fault,Moderate_Fault_014_window_002.csv,2
78.06,139.48145539819978,19455.0764,159.83879378924254,601.0,0.0,601.0,5.5,97291944.0,Moderate_Fault,Moderate_Fault_014_window_003.csv,2
80.04,134.72059382291928,18149.6384,156.70366938907333,601.0,0.0,601.0,5.5,91013184.0,Moderate_Fault,Moderate_Fault_014_window_004.csv,2
71.18,126.79876813281744,16077.927599999995,145.41155387382395,443.0,0.0,443.0,5.5,80390286.0,Moderate_Fault,Moderate_Fault_014_window_005.csv,2
57.27,110.9684509218724,12313.997100000002,124.87533783738084,443.0,0.0,443.0,5.5,61764049.99999999,Moderate_Fault,Moderate_Fault_014_window_006.csv,2
60.7,109.93921047560784,12086.63,125.5831198847998,414.0,0.0,414.0,5.5,60471792.0,Moderate_Fault,Moderate_Fault_014_window_007.csv,2
62.87,112.72246049479226,12706.353100000002,129.06970984704353,414.0,0.0,414.0,5.0,63531909.99999999,Moderate_Fault,Moderate_Fault_014_window_008.csv,2
57.52,103.61645429177744,10736.369600000004,118.5112652873135,392.0,0.0,392.0,5.0,53698410.0,Moderate_Fault,Moderate_Fault_014_window_009.csv,2
65.68,110.1588743588096,12134.9776,128.25303115326358,422.0,0.0,422.0,5.5,60681849.99999999,Moderate_Fault,Moderate_Fault_014_window_010.csv,2
74.16,120.5052463588204,14521.5144,141.4963603772196,422.0,0.0,422.0,5.0,72633109.99999999,Moderate_Fault,Moderate_Fault_014_window_011.csv,2
63.59,111.25323321144424,12377.281899999996,128.14433268779388,398.0,0.0,398.0,5.0,61922053.99999999,Moderate_Fault,Moderate_Fault_014_window_012.csv,2
57.48,106.12836378650148,11263.2296,120.69457320028934,396.0,0.0,396.0,5.0,56372595.99999999,Moderate_Fault,Moderate_Fault_014_window_013.csv,2
59.61,99.75258342519254,9950.577899999998,116.20641118286032,355.0,0.0,355.0,6.0,49878390.0,Moderate_Fault,Moderate_Fault_015_window_001.csv,2
50.86,86.57979209954247,7496.0603999999985,100.4131465496426,310.0,0.0,310.0,6.0,37570189.99999999,Moderate_Fault,Moderate_Fault_015_window_002.csv,2
46.57,89.48902223177991,8008.285099999999,100.88136597013344,310.0,0.0,310.0,5.5,40053130.0,Moderate_Fault,Moderate_Fault_015_window_003.csv,2
57.56,99.4910367822147,9898.4664,114.9418113655775,328.0,0.0,328.0,5.5,49520654.0,Moderate_Fault,Moderate_Fault_015_window_004.csv,2
59.74,104.06119545728848,10828.732399999995,119.9899995832986,377.0,0.0,377.0,5.5,54164063.99999999,Moderate_Fault,Moderate_Fault_015_window_005.csv,2
48.66,94.08934264835736,8852.804399999999,105.92733358298037,377.0,0.0,377.0,5.5,44356472.0,Moderate_Fault,Moderate_Fault_015_window_006.csv,2
49.8,90.1324580825354,8123.859999999999,102.9752397423769,430.0,0.0,430.0,5.0,40659062.0,Moderate_Fault,Moderate_Fault_015_window_007.csv,2
57.99,101.76929743296846,10356.9899,117.13167803800984,430.0,0.0,430.0,10.5,51788561.99999999,Moderate_Fault,Moderate_Fault_015_window_008.csv,2
59.39,105.37683758777354,11104.277900000005,120.96053075280383,374.0,0.0,374.0,5.0,55526902.000000015,Moderate_Fault,Moderate_Fault_015_window_009.csv,2
55.92,104.58180338854363,10937.3536,118.593423089141,397.0,0.0,397.0,5.0,54689079.99999999,Moderate_Fault,Moderate_Fault_015_window_010.csv,2
42.94,85.23307104639606,7264.676399999999,95.4385666279623,397.0,0.0,397.0,5.5,36367190.0,Moderate_Fault,Moderate_Fault_015_window_011.csv,2
45.14,78.31092133285114,6132.6004,90.38926927462133,307.0,0.0,307.0,5.5,30713564.0,Moderate_Fault,Moderate_Fault_015_window_012.csv,2
55.92,90.50366622408175,8190.913599999999,106.3859013215567,307.0,0.0,307.0,5.5,40966736.0,Moderate_Fault,Moderate_Fault_015_window_013.csv,2
64.55,113.98152262537997,12991.787500000002,130.99041949699986,519.0,0.0,519.0,6.0,65256158.00000001,Moderate_Fault,Moderate_Fault_016_window_001.csv,2
61.34,109.46343864505629,11982.244400000003,125.47844436396235,519.0,0.0,519.0,6.0,60035224.0,Moderate_Fault,Moderate_Fault_016_window_002.csv,2
52.21,96.55964944012588,9323.765900000002,109.77089778260904,342.0,0.0,342.0,6.0,46649830.00000001,Moderate_Fault,Moderate_Fault_016_window_003.csv,2
60.58,103.61468814796484,10736.003600000004,120.02474744818254,377.0,0.0,377.0,5.5,53816260.000000015,Moderate_Fault,Moderate_Fault_016_window_004.csv,2
71.1,111.30269538515228,12388.289999999995,132.0738429818713,384.0,0.0,384.0,6.0,61995242.0,Moderate_Fault,Moderate_Fault_016_window_005.csv,2
71.44,110.10016530414478,12122.046400000008,131.24679043694746,387.0,0.0,387.0,5.5,60665344.0,Moderate_Fault,Moderate_Fault_016_window_006.csv,2
69.45,103.47641035521092,10707.3675,124.62210879294253,387.0,0.0,387.0,5.0,53543449.99999998,Moderate_Fault,Moderate_Fault_016_window_007.csv,2
59.92,92.64433927661204,8582.973600000001,110.33304128863664,290.0,0.0,290.0,5.0,42950245.99999999,Moderate_Fault,Moderate_Fault_016_window_008.csv,2
52.0,82.49424222332127,6805.3,97.5156397712695,272.0,0.0,272.0,5.0,34029700.0,Moderate_Fault,Moderate_Fault_016_window_009.csv,2
54.83,90.89973102270434,8262.7611,106.15597015712304,342.0,0.0,342.0,5.0,41434346.00000001,Moderate_Fault,Moderate_Fault_016_window_010.csv,2
55.47,96.7131278575975,9353.4291,111.49147949507172,412.0,0.0,412.0,5.0,46770758.0,Moderate_Fault,Moderate_Fault_016_window_011.csv,2
57.18,95.75169763508111,9168.3876,111.52551277622534,412.0,0.0,412.0,5.0,45932676.0,Moderate_Fault,Moderate_Fault_016_window_012.csv,2
61.38,99.9546677249242,9990.9356,117.29637675563556,371.0,0.0,371.0,5.0,50009790.0,Moderate_Fault,Moderate_Fault_016_window_013.csv,2
56.58,93.6501126534293,8770.3436,109.41498983228944,303.0,0.0,303.0,6.5,43869016.0,Moderate_Fault,Moderate_Fault_017_window_001.csv,2
45.45,84.42966007274933,7128.367500000001,95.8857132215222,312.0,0.0,312.0,5.5,35656458.00000001,Moderate_Fault,Moderate_Fault_017_window_002.csv,2
59.29,112.71169371453878,12703.9259,127.35474078337248,409.0,0.0,409.0,5.5,63549641.99999999,Moderate_Fault,Moderate_Fault_017_window_003.csv,2
67.58,121.2514065897794,14701.903599999998,138.81267953612883,409.0,0.0,409.0,5.0,73517968.00000001,Moderate_Fault,Moderate_Fault_017_window_004.csv,2
62.15,113.5821618917337,12900.907500000005,129.4740514543358,402.0,0.0,402.0,5.0,64522778.0,Moderate_Fault,Moderate_Fault_017_window_005.csv,2
66.87,115.07594492334182,13242.4731,133.09421475030385,370.0,0.0,370.0,5.5,66216150.00000001,Moderate_Fault,Moderate_Fault_017_window_006.csv,2
73.86,120.37275605385132,14489.6004,141.22641395999543,514.0,0.0,514.0,5.5,72534529.99999999,Moderate_Fault,Moderate_Fault_017_window_007.csv,2
72.7,115.3161307016499,13297.810000000003,136.31984448347936,514.0,0.0,514.0,6.0,66540250.00000001,Moderate_Fault,Moderate_Fault_017_window_008.csv,2
52.17,91.9579311424523,8456.261099999998,105.72591924405292,321.0,0.0,321.0,5.5,42294590.00000001,Moderate_Fault,Moderate_Fault_017_window_009.csv,2
42.92,76.0791272294839,5788.033599999998,87.35078705999162,302.0,0.0,302.0,5.5,28947609.999999996,Moderate_Fault,Moderate_Fault_017_window_010.csv,2
54.99,86.91909974223157,7554.929899999999,102.85343941745458,302.0,0.0,302.0,5.5,37800413.99999999,Moderate_Fault,Moderate_Fault_017_window_011.csv,2
54.67,92.31663501233132,8522.361099999998,107.2901207008362,300.0,0.0,300.0,5.5,42612349.99999999,Moderate_Fault,Moderate_Fault_017_window_012.csv,2
47.79,87.67568591120346,7687.0259,99.85444406735236,300.0,0.0,300.0,5.5,38487942.00000001,Moderate_Fault,Moderate_Fault_017_window_013.csv,2
74.92,126.58409694744438,16023.5336,147.09364364240898,485.0,0.0,485.0,6.0,80122085.99999999,Moderate_Fault,Moderate_Fault_018_window_001.csv,2
63.26,112.35396032183289,12623.4124,128.93890025899864,429.0,0.0,429.0,5.5,63318040.000000015,Moderate_Fault,Moderate_Fault_018_window_002.csv,2
59.88,104.98745448861976,11022.365600000005,120.86347669995266,370.0,0.0,370.0,5.5,55171686.000000015,Moderate_Fault,Moderate_Fault_018_window_003.csv,2
69.28,125.47542229456732,15744.0816,143.3310852536881,493.0,0.0,493.0,5.0,78724826.00000003,Moderate_Fault,Moderate_Fault_018_window_004.csv,2
68.55,127.92539818190912,16364.9075,145.1344549030312,493.0,0.0,493.0,4.5,81835637.99999999,Moderate_Fault,Moderate_Fault_018_window_005.csv,2
64.49,118.37385648866896,14012.369899999996,134.80107566336406,385.0,0.0,385.0,4.5,70065633.99999999,Moderate_Fault,Moderate_Fault_018_window_006.csv,2
60.01,106.2718678672771,11293.709900000002,122.04470492405642,385.0,0.0,385.0,4.5,56513850.0,Moderate_Fault,Moderate_Fault_018_window_007.csv,2
52.85,95.25443559225997,9073.4075,108.9336036308356,346.0,0.0,346.0,5.0,45407650.0,Moderate_Fault,Moderate_Fault_018_window_008.csv,2
57.21,96.09279837740182,9233.825899999998,111.83384997396809,346.0,0.0,346.0,5.0,46215642.0,Moderate_Fault,Moderate_Fault_018_window_009.csv,2
53.29,89.54142002447804,8017.665899999998,104.19928022784036,317.0,0.0,317.0,5.5,40152054.00000001,Moderate_Fault,Moderate_Fault_018_window_010.csv,2
57.38,96.73177140939788,9357.035600000005,112.46999599893296,351.0,0.0,351.0,5.0,46793116.0,Moderate_Fault,Moderate_Fault_018_window_011.csv,2
61.44,99.8251791884192,9965.066400000003,117.217490162518,351.0,0.0,351.0,5.0,49846550.0,Moderate_Fault,Moderate_Fault_018_window_012.csv,2
65.9,111.50044842959154,12432.350000000002,129.51895614156254,458.0,0.0,458.0,5.0,62246622.0,Moderate_Fault,Moderate_Fault_018_window_013.csv,2
58.13,103.12474533301892,10634.713100000004,118.37993917889972,538.0,0.0,538.0,7.0,53206078.0,Moderate_Fault,Moderate_Fault_019_window_001.csv,2
54.79,92.03871956953768,8471.1259,107.11241758078285,339.0,0.0,339.0,6.5,42391273.99999999,Moderate_Fault,Moderate_Fault_019_window_002.csv,2
62.3,102.92438972371905,10593.430000000002,120.31093050924342,373.0,0.0,373.0,6.5,52987150.0,Moderate_Fault,Moderate_Fault_019_window_003.csv,2
59.8,106.0307502567062,11242.52,121.73150783589269,373.0,0.0,373.0,6.5,56230272.0,Moderate_Fault,Moderate_Fault_019_window_004.csv,2
50.42,95.07556783948228,9039.3636,107.617563622301,397.0,0.0,397.0,6.5,45204017.99999999,Moderate_Fault,Moderate_Fault_019_window_005.csv,2
54.2,95.06629265938584,9037.6,109.43143972369184,397.0,0.0,397.0,6.0,45190311.99999999,Moderate_Fault,Moderate_Fault_019_window_006.csv,2
60.67,98.37429084877816,9677.501099999998,115.57832841843664,390.0,0.0,390.0,6.0,48492846.0,Moderate_Fault,Moderate_Fault_019_window_007.csv,2
57.24,91.47766066095043,8368.162400000001,107.91005513852728,326.0,0.0,326.0,6.0,41865900.00000001,Moderate_Fault,Moderate_Fault_019_window_008.csv,2
52.59,83.97822277233546,7052.3419,99.08607369353172,263.0,0.0,263.0,6.5,35268553.99999999,Moderate_Fault,Moderate_Fault_019_window_009.csv,2
48.0,82.90174907684397,6872.7,95.7950938200908,407.0,0.0,407.0,7.0,34532861.99999999,Moderate_Fault,Moderate_Fault_019_window_010.csv,2
41.59,79.473152070369,6315.981899999997,89.69788180330681,407.0,0.0,407.0,6.5,31984010.0,Moderate_Fault,Moderate_Fault_019_window_011.csv,2
34.57,72.07319265857453,5194.545100000001,79.93516122458252,389.0,0.0,389.0,6.5,25980790.0,Moderate_Fault,Moderate_Fault_019_window_012.csv,2
41.78,84.15730271343064,7082.4516,93.95754360348084,389.0,0.0,389.0,6.0,35412650.00000001,Moderate_Fault,Moderate_Fault_019_window_013.csv,2
51.7,92.48832358735886,8554.090000000002,105.95744428778944,374.0,0.0,374.0,6.5,42930628.0,Moderate_Fault,Moderate_Fault_020_window_001.csv,2
45.32,86.5589833581703,7492.457600000002,97.70547579332492,374.0,0.0,374.0,6.5,37652016.0,Moderate_Fault,Moderate_Fault_020_window_002.csv,2
40.84,76.10765007540307,5792.374400000001,86.37291242050368,301.0,0.0,301.0,6.0,28965234.0,Moderate_Fault,Moderate_Fault_020_window_003.csv,2
41.95,78.77974041592167,6206.247500000001,89.25273105065189,267.0,0.0,267.0,5.5,31032078.0,Moderate_Fault,Moderate_Fault_020_window_004.csv,2
47.91,89.89672908398836,8081.4218999999985,101.86653032277088,347.0,0.0,347.0,5.5,40416493.99999999,Moderate_Fault,Moderate_Fault_020_window_005.csv,2
58.18,112.31031831492598,12613.607599999998,126.4852560577714,489.0,0.0,489.0,5.5,63108365.99999998,Moderate_Fault,Moderate_Fault_020_window_006.csv,2
52.99,105.04070591918163,11033.5499,117.64986187837196,489.0,0.0,489.0,6.0,55308730.0,Moderate_Fault,Moderate_Fault_020_window_007.csv,2
45.2,79.01063219592665,6242.680000000001,91.02593037151556,320.0,0.0,320.0,5.5,31259002.000000004,Moderate_Fault,Moderate_Fault_020_window_008.csv,2
41.48,72.06975509879301,5194.0496,83.15431437995265,320.0,0.0,320.0,5.5,26045520.000000004,Moderate_Fault,Moderate_Fault_020_window_009.csv,2
40.36,79.24765233115743,6280.190400000001,88.93323338325217,401.0,0.0,401.0,5.0,31407002.000000004,Moderate_Fault,Moderate_Fault_020_window_010.csv,2
48.86,100.01650063864462,10003.300399999998,111.31307200863698,401.0,0.0,401.0,5.5,50028053.99999999,Moderate_Fault,Moderate_Fault_020_window_011.csv,2
49.49,95.93085999822996,9202.729899999998,107.94438382796947,362.0,0.0,362.0,5.5,46019374.0,Moderate_Fault,Moderate_Fault_020_window_012.csv,2
46.82,85.00498573613197,7225.8476,97.04617457684768,334.0,0.0,334.0,5.5,36146536.0,Moderate_Fault,Moderate_Fault_020_window_013.csv,2
49.45,92.76900074917268,8606.0875,105.12559155600503,412.0,0.0,412.0,5.5,43089950.00000001,Moderate_Fault,Moderate_Fault_020_window_014.csv,2
75.46,131.6196353132769,17323.728400000004,151.71664378043695,599.0,0.0,599.0,6.0,86753842.00000001,Moderate_Fault,Moderate_Fault_021_window_001.csv,2
69.85,114.53710097605926,13118.747499999998,134.15576767325362,599.0,0.0,599.0,6.5,65613537.99999999,Moderate_Fault,Moderate_Fault_021_window_002.csv,2
70.33,109.12250501156946,11907.7211,129.823071909426,443.0,0.0,443.0,5.5,59619810.0,Moderate_Fault,Moderate_Fault_021_window_003.csv,2
56.32,106.29213329310878,11298.017600000005,120.29114680640468,443.0,0.0,443.0,5.5,56696169.99999999,Moderate_Fault,Moderate_Fault_021_window_004.csv,2
51.21,92.95625799267091,8640.865899999999,106.12883679754528,411.0,0.0,411.0,5.5,43247842.0,Moderate_Fault,Moderate_Fault_021_window_005.csv,2
56.83,95.82703741637847,9182.8211,111.41126513957197,377.0,0.0,377.0,5.5,45933510.0,Moderate_Fault,Moderate_Fault_021_window_006.csv,2
64.07,112.79319616005212,12722.3051,129.71996762256765,393.0,0.0,393.0,5.0,63622330.00000001,Moderate_Fault,Moderate_Fault_021_window_007.csv,2
75.63,128.61124795289095,16540.853099999997,149.20036863225238,488.0,0.0,488.0,4.5,82715970.0,Moderate_Fault,Moderate_Fault_021_window_008.csv,2
82.05,140.47678633852638,19733.727499999997,162.68352713166752,513.0,0.0,513.0,4.5,98675022.0,Moderate_Fault,Moderate_Fault_021_window_009.csv,2
79.69,132.46083911858628,17545.873899999995,154.58450763255675,513.0,0.0,513.0,4.5,87780250.0,Moderate_Fault,Moderate_Fault_021_window_010.csv,2
67.23,115.63302772132192,13370.9971,133.7567568386734,457.0,0.0,457.0,5.0,66869266.0,Moderate_Fault,Moderate_Fault_021_window_011.csv,2
71.0,117.62023635412405,13834.52,137.38820910107242,457.0,0.0,457.0,4.5,69323850.00000001,Moderate_Fault,Moderate_Fault_021_window_012.csv,2
86.41,138.564432304975,19200.1019,163.29969381477724,519.0,0.0,519.0,5.0,96067122.0,Moderate_Fault,Moderate_Fault_021_window_013.csv,2
53.51,96.597359694766,9331.049900000002,110.42812141841408,310.0,0.0,310.0,6.5,46998870.00000001,Moderate_Fault,Moderate_Fault_022_window_001.csv,2
56.34,100.89333179155102,10179.4644,115.5580373665112,349.0,0.0,349.0,6.0,50985522.00000001,Moderate_Fault,Moderate_Fault_022_window_002.csv,2
62.87,103.7046435797356,10754.653099999998,121.27361625679347,349.0,0.0,349.0,5.5,53805269.99999999,Moderate_Fault,Moderate_Fault_022_window_003.csv,2
63.52,103.98533358123154,10812.9496,121.8513028243851,352.0,0.0,352.0,5.5,54091197.99999999,Moderate_Fault,Moderate_Fault_022_window_004.csv,2
69.66,114.23810397586264,13050.344400000004,133.80156949752123,411.0,0.0,411.0,5.5,65253643.99999999,Moderate_Fault,Moderate_Fault_022_window_005.csv,2
69.34,119.3934018277392,14254.7844,138.06817156752675,466.0,0.0,466.0,5.0,71300833.99999999,Moderate_Fault,Moderate_Fault_022_window_006.csv,2
60.14,117.52965753374762,13813.2204,132.02287680549912,466.0,0.0,466.0,5.0,69085310.00000001,Moderate_Fault,Moderate_Fault_022_window_007.csv,2
71.84,122.88691712302008,15101.194400000002,142.3452844319052,430.0,0.0,430.0,5.0,75773884.0,Moderate_Fault,Moderate_Fault_022_window_008.csv,2
82.78,126.39466602669592,15975.611600000002,151.08984082326648,425.0,0.0,425.0,5.0,79940715.99999999,Moderate_Fault,Moderate_Fault_022_window_009.csv,2
80.59,128.3783544839238,16481.001899999996,151.57753791376874,419.0,0.0,419.0,5.0,82437522.00000001,Moderate_Fault,Moderate_Fault_022_window_010.csv,2
73.57,116.61700176217876,13599.525100000004,137.8842630614531,419.0,0.0,419.0,5.0,68006738.00000001,Moderate_Fault,Moderate_Fault_022_window_011.csv,2
67.41,108.14537391862864,11695.421900000005,127.43441450408912,421.0,0.0,421.0,5.0,58478850.000000015,Moderate_Fault,Moderate_Fault_022_window_012.csv,2
67.71,112.37012903792538,12627.0459,131.1933306231685,421.0,0.0,421.0,5.0,63145454.00000002,Moderate_Fault,Moderate_Fault_022_window_013.csv,2
67.65,113.32990558541908,12843.667500000003,131.9855673928025,389.0,0.0,389.0,6.0,64255058.0,Moderate_Fault,Moderate_Fault_023_window_001.csv,2
66.05,110.46640892144543,12202.8275,128.70675972923877,389.0,0.0,389.0,5.5,61021949.99999999,Moderate_Fault,Moderate_Fault_023_window_002.csv,2
58.93,102.56610112507931,10519.8051,118.29010947665913,353.0,0.0,353.0,6.0,52599110.0,Moderate_Fault,Moderate_Fault_023_window_003.csv,2
51.61,91.20821180135044,8318.937899999999,104.79756676564584,300.0,0.0,300.0,5.5,41594801.99999999,Moderate_Fault,Moderate_Fault_023_window_004.csv,2
53.04,91.57116576739644,8385.2784,105.82305986882064,346.0,0.0,346.0,5.5,41926680.0,Moderate_Fault,Moderate_Fault_023_window_005.csv,2
53.91,100.13811412244593,10027.6419,113.72743732274986,557.0,0.0,557.0,5.5,50152830.00000001,Moderate_Fault,Moderate_Fault_023_window_006.csv,2
55.03,99.45134036301371,9890.5691,113.66120710251144,557.0,0.0,557.0,5.5,49617010.0,Moderate_Fault,Moderate_Fault_023_window_007.csv,2
69.8,109.64187156374156,12021.34,129.97453596762713,348.0,0.0,348.0,5.5,60129172.000000015,Moderate_Fault,Moderate_Fault_023_window_008.csv,2
80.06,131.49333215034136,17290.4964,153.94836796796514,477.0,0.0,477.0,5.0,86531683.99999999,Moderate_Fault,Moderate_Fault_023_window_009.csv,2
73.6,128.64540411534335,16549.64,148.21133559886707,477.0,0.0,477.0,5.0,82953000.00000001,Moderate_Fault,Moderate_Fault_023_window_010.csv,2
60.76,106.50925969135264,11344.222399999995,122.62136844775463,374.0,0.0,374.0,5.0,56738784.00000001,Moderate_Fault,Moderate_Fault_023_window_011.csv,2
56.91,99.65431199902991,9930.9819,114.75944405581616,355.0,0.0,355.0,5.5,49771553.99999999,Moderate_Fault,Moderate_Fault_023_window_012.csv,2
58.75,97.0538381518217,9419.4475,113.450473776005,338.0,0.0,338.0,5.5,47124850.0,Moderate_Fault,Moderate_Fault_023_window_013.csv,2
38.94,71.64088497499176,5132.416400000001,81.53980622984089,299.0,0.0,299.0,6.0,25692340.000000004,Moderate_Fault,Moderate_Fault_024_window_001.csv,2
31.81,66.03085566612022,4360.0739,73.2935877140695,230.0,0.0,230.0,5.5,21800482.0,Moderate_Fault,Moderate_Fault_024_window_002.csv,2
54.52,104.58235797685956,10937.4696,117.9402391043871,434.0,0.0,434.0,5.5,54693846.00000001,Moderate_Fault,Moderate_Fault_024_window_003.csv,2
65.78,116.28470062738262,13522.1316,133.60067365099624,434.0,0.0,434.0,5.5,67676906.0,Moderate_Fault,Moderate_Fault_024_window_004.csv,2
51.76,100.4127601453122,10082.7224,112.9682256211896,384.0,0.0,384.0,5.0,50598444.0,Moderate_Fault,Moderate_Fault_024_window_005.csv,2
47.92,92.24333905491495,8508.833599999998,103.94787155108084,365.0,0.0,365.0,5.0,42564975.99999999,Moderate_Fault,Moderate_Fault_024_window_006.csv,2
49.6,85.87549126497036,7374.600000000002,99.17035847469748,350.0,0.0,350.0,5.0,36886777.99999999,Moderate_Fault,Moderate_Fault_024_window_007.csv,2
54.31,94.6197331427224,8952.8939,109.0984417853894,441.0,0.0,441.0,5.0,44789782.0,Moderate_Fault,Moderate_Fault_024_window_008.csv,2
55.75,99.21838287333654,9844.2875,113.80839160624316,441.0,0.0,441.0,5.5,49223550.00000001,Moderate_Fault,Moderate_Fault_024_window_009.csv,2
49.96,92.02618323064364,8468.8184,104.71303643768525,407.0,0.0,407.0,5.5,42468094.0,Moderate_Fault,Moderate_Fault_024_window_010.csv,2
53.49,99.98244795962938,9996.489899999997,113.39166636045172,397.0,0.0,397.0,5.0,50044753.99999999,Moderate_Fault,Moderate_Fault_024_window_011.csv,2
48.26,93.41473331332698,8726.3124,105.14437693000993,397.0,0.0,397.0,5.0,43677770.0,Moderate_Fault,Moderate_Fault_024_window_012.csv,2
36.79,71.59766686142784,5126.225900000001,80.49677012153965,285.0,0.0,285.0,5.5,25634410.000000004,Moderate_Fault,Moderate_Fault_024_window_013.csv,2
100.76,181.6234632419501,32987.0824,207.7008907058417,684.0,0.0,684.0,6.0,166323190.0,Moderate_Fault,Moderate_Fault_025_window_001.csv,2
100.29,169.47438124979246,28721.56590000001,196.92549352483545,617.0,0.0,617.0,6.0,144550393.99999997,Moderate_Fault,Moderate_Fault_025_window_002.csv,2
98.26,150.95513373184764,22787.45240000001,180.1179613475569,496.0,0.0,496.0,6.0,113937270.0,Moderate_Fault,Moderate_Fault_025_window_003.csv,2
93.1,133.5682971367083,17840.49,162.81308301239184,417.0,0.0,417.0,5.5,89210138.00000001,Moderate_Fault,Moderate_Fault_025_window_004.csv,2
94.56,139.66991945297312,19507.6864,168.66914359182596,432.0,0.0,432.0,5.5,97538944.0,Moderate_Fault,Moderate_Fault_025_window_005.csv,2
99.82,147.00152244109583,21609.4476,177.68927936147415,451.0,0.0,451.0,5.5,108393350.0,Moderate_Fault,Moderate_Fault_025_window_006.csv,2
73.36,125.00356154926143,15625.890399999997,144.93991858697865,451.0,0.0,451.0,5.5,78158734.0,Moderate_Fault,Moderate_Fault_025_window_007.csv,2
56.93,106.43573225190872,11328.565100000002,120.70455666626674,443.0,0.0,443.0,5.5,56647725.99999999,Moderate_Fault,Moderate_Fault_025_window_008.csv,2
66.59,116.75196743524282,13631.0219,134.40703106608672,443.0,0.0,443.0,4.5,68157222.0,Moderate_Fault,Moderate_Fault_025_window_009.csv,2
71.9,116.17138201812013,13495.790000000005,136.6213746088071,393.0,0.0,393.0,5.0,67478968.0,Moderate_Fault,Moderate_Fault_025_window_010.csv,2
66.8,108.33946649305598,11737.44,127.27796352864858,392.0,0.0,392.0,5.5,58751282.00000001,Moderate_Fault,Moderate_Fault_025_window_011.csv,2
63.02,108.8131407505546,11840.299600000004,125.74505954509704,367.0,0.0,367.0,5.0,59202555.99999999,Moderate_Fault,Moderate_Fault_025_window_012.csv,2
72.6,119.44203615143203,14266.4,139.77539125325316,403.0,0.0,403.0,5.0,71334592.0,Moderate_Fault,Moderate_Fault_025_window_013.csv,2
73.21,109.72632273069212,12039.8659,131.9074296618655,344.0,0.0,344.0,6.0,60199342.0,Moderate_Fault,Moderate_Fault_026_window_001.csv,2
62.72,94.88899620082404,9003.9216,113.74409874802296,344.0,0.0,344.0,6.0,45106136.0,Moderate_Fault,Moderate_Fault_026_window_002.csv,2
55.25,88.81096497617848,7887.3875,104.59421590126291,351.0,0.0,351.0,5.0,39482842.0,Moderate_Fault,Moderate_Fault_026_window_003.csv,2
57.95,95.23805699403994,9070.2875,111.48313773840418,351.0,0.0,351.0,5.5,45392622.0,Moderate_Fault,Moderate_Fault_026_window_004.csv,2
74.88,112.78007625462932,12719.3456,135.37488688822606,413.0,0.0,413.0,5.0,63596730.0,Moderate_Fault,Moderate_Fault_026_window_005.csv,2
75.62,117.8336776986953,13884.7756,140.011285259439,461.0,0.0,461.0,5.5,69490126.0,Moderate_Fault,Moderate_Fault_026_window_006.csv,2
62.46,105.06668549069204,11039.0084,122.23035629498918,461.0,0.0,461.0,5.5,55215042.00000001,Moderate_Fault,Moderate_Fault_026_window_007.csv,2
54.71,103.30753070323576,10672.4459,116.90008554316802,405.0,0.0,405.0,6.0,53540434.0,Moderate_Fault,Moderate_Fault_026_window_008.csv,2
45.9,92.9096873313004,8632.210000000003,103.62924297706704,404.0,0.0,404.0,6.0,43463692.0,Moderate_Fault,Moderate_Fault_026_window_009.csv,2
48.7,88.81356878315384,7887.849999999998,101.28938740065516,321.0,0.0,321.0,6.0,39483651.99999999,Moderate_Fault,Moderate_Fault_026_window_010.csv,2
57.3,94.53131756195933,8936.169999999998,110.54166635255685,321.0,0.0,321.0,5.5,44760850.0,Moderate_Fault,Moderate_Fault_026_window_011.csv,2
67.49,101.79592280636784,10362.409899999995,122.13644009876823,343.0,0.0,343.0,5.5,51828070.0,Moderate_Fault,Moderate_Fault_026_window_012.csv,2
69.26,108.89615420206538,11858.3724,129.0554919404827,408.0,0.0,408.0,5.0,59325662.00000001,Moderate_Fault,Moderate_Fault_026_window_013.csv,2
63.44,104.47548229130123,10915.1264,122.22831095944998,384.0,0.0,384.0,6.0,54575682.0,Moderate_Fault,Moderate_Fault_027_window_001.csv,2
57.94,92.35094152200074,8528.6964,109.02174095105984,329.0,0.0,329.0,6.0,42655339.99999999,Moderate_Fault,Moderate_Fault_027_window_002.csv,2
60.57,94.7568736293046,8978.8651,112.46150452488176,301.0,0.0,301.0,5.5,44913730.00000001,Moderate_Fault,Moderate_Fault_027_window_003.csv,2
56.97,99.37599861133472,9875.589099999996,114.54767566389114,318.0,0.0,318.0,5.5,49433389.99999999,Moderate_Fault,Moderate_Fault_027_window_004.csv,2
60.72,108.2260671003063,11712.8816,124.0959306343282,347.0,0.0,347.0,5.0,58667466.00000001,Moderate_Fault,Moderate_Fault_027_window_005.csv,2
60.26,103.79803659029396,10774.032400000002,120.0220813017338,349.0,0.0,349.0,5.0,53878611.99999999,Moderate_Fault,Moderate_Fault_027_window_006.csv,2
59.59,99.61958592566025,9924.061900000002,116.08199688151475,411.0,0.0,411.0,5.5,49636330.0,Moderate_Fault,Moderate_Fault_027_window_007.csv,2
60.16,107.4789021157176,11551.714400000004,123.17036981352292,411.0,0.0,411.0,5.5,57773710.0,Moderate_Fault,Moderate_Fault_027_window_008.csv,2
59.19,104.9743487714975,11019.613899999998,120.51170067673928,426.0,0.0,426.0,5.5,55184182.0,Moderate_Fault,Moderate_Fault_027_window_009.csv,2
61.22,111.69365067003584,12475.4716,127.37095430277658,465.0,0.0,465.0,5.0,62408110.0,Moderate_Fault,Moderate_Fault_027_window_010.csv,2
65.99,122.90927507718852,15106.689899999998,139.50401427915972,465.0,0.0,465.0,5.0,75542294.0,Moderate_Fault,Moderate_Fault_027_window_011.csv,2
72.85,124.6758497063485,15544.0675,144.39941135614092,454.0,0.0,454.0,5.0,77720558.0,Moderate_Fault,Moderate_Fault_027_window_012.csv,2
69.59,117.51281589682036,13809.261899999998,136.5724349933031,445.0,0.0,445.0,4.5,69192650.0,Moderate_Fault,Moderate_Fault_027_window_013.csv,2
53.44,95.34330810287632,9090.3464,109.29858187552117,327.0,0.0,327.0,5.5,45527781.99999999,Moderate_Fault,Moderate_Fault_028_window_001.csv,2
54.89,97.15347600575082,9438.7979,111.5872304522341,334.0,0.0,334.0,6.0,47259874.00000001,Moderate_Fault,Moderate_Fault_028_window_002.csv,2
61.5,96.08824069572718,9232.95,114.08417944658234,356.0,0.0,356.0,5.5,46173200.000000015,Moderate_Fault,Moderate_Fault_028_window_003.csv,2
57.34,87.8303159507012,7714.1644,104.89060968456614,356.0,0.0,356.0,5.5,38592454.00000001,Moderate_Fault,Moderate_Fault_028_window_004.csv,2
51.36,86.60675724214593,7500.730399999998,100.69051593869206,290.0,0.0,290.0,5.0,37503701.99999999,Moderate_Fault,Moderate_Fault_028_window_005.csv,2
44.65,78.915952126297,6227.727500000001,90.67166040169332,290.0,0.0,290.0,5.0,31151922.000000004,Moderate_Fault,Moderate_Fault_028_window_006.csv,2
41.69,75.58527568250315,5713.133900000002,86.32027571781731,343.0,0.0,343.0,5.0,28565982.0,Moderate_Fault,Moderate_Fault_028_window_007.csv,2
50.28,86.41945151411227,7468.3216,99.98199837970832,348.0,0.0,348.0,5.0,37344057.99999999,Moderate_Fault,Moderate_Fault_028_window_008.csv,2
51.6,84.56169345513369,7150.68,99.06179889341804,348.0,0.0,348.0,5.0,35755081.99999999,Moderate_Fault,Moderate_Fault_028_window_009.csv,2
53.55,93.19907456622089,8686.0675,107.48799933015778,382.0,0.0,382.0,4.5,43449742.00000001,Moderate_Fault,Moderate_Fault_028_window_010.csv,2
57.51,99.61490802083792,9923.1299,115.02404096535646,382.0,0.0,382.0,5.0,49674474.00000001,Moderate_Fault,Moderate_Fault_028_window_011.csv,2
49.88,88.02071119912631,7747.6456,101.1714386573602,317.0,0.0,317.0,5.0,38770996.0,Moderate_Fault,Moderate_Fault_028_window_012.csv,2
45.55,76.91454673857214,5915.847499999999,89.39043573000413,260.0,0.0,260.0,5.0,29592198.0,Moderate_Fault,Moderate_Fault_028_window_013.csv,2
78.26,130.467591378089,17021.792400000002,152.1394754822035,487.0,0.0,487.0,6.0,85163412.0,Moderate_Fault,Moderate_Fault_029_window_001.csv,2
95.0,154.49090588122007,23867.44,181.36273046025747,560.0,0.0,560.0,6.0,119389042.0,Moderate_Fault,Moderate_Fault_029_window_002.csv,2
93.71,172.5899936265136,29787.305900000003,196.38958730034545,726.0,0.0,726.0,5.5,149102994.00000003,Moderate_Fault,Moderate_Fault_029_window_003.csv,2
79.47,151.7535801884094,23029.149099999995,171.30274370248716,726.0,0.0,726.0,5.5,115147990.0,Moderate_Fault,Moderate_Fault_029_window_004.csv,2
85.77,140.9489166329419,19866.597100000003,164.9942120196948,504.0,0.0,504.0,5.5,99417446.00000004,Moderate_Fault,Moderate_Fault_029_window_005.csv,2
88.24,146.4497948103718,21447.5424,170.97906304574252,523.0,0.0,523.0,5.5,107548184.0,Moderate_Fault,Moderate_Fault_029_window_006.csv,2
79.41,144.47104173501347,20871.8819,164.85699863821372,653.0,0.0,653.0,4.5,104364114.0,Moderate_Fault,Moderate_Fault_029_window_007.csv,2
70.99,138.32826862214387,19134.709899999994,155.480834831821,653.0,0.0,653.0,4.5,95727014.0,Moderate_Fault,Moderate_Fault_029_window_008.csv,2
80.6,140.24999108734374,19670.06,161.76037833783647,547.0,0.0,547.0,5.5,98411550.0,Moderate_Fault,Moderate_Fault_029_window_009.csv,2
91.84,154.70466831999607,23933.534399999997,179.91142265014747,610.0,0.0,610.0,5.0,119735383.99999996,Moderate_Fault,Moderate_Fault_029_window_010.csv,2
101.73,172.736322468669,29837.8371,200.4665308723628,643.0,0.0,643.0,5.0,149277805.99999997,Moderate_Fault,Moderate_Fault_029_window_011.csv,2
106.72,181.2086686668163,32836.581600000005,210.29916785379825,649.0,0.0,649.0,5.0,165113155.99999994,Moderate_Fault,Moderate_Fault_029_window_012.csv,2
100.22,173.67115937886751,30161.6716,200.513640433762,658.0,0.0,658.0,5.0,150902535.99999997,Moderate_Fault,Moderate_Fault_029_window_013.csv,2
77.82,121.162071623095,14680.247600000002,144.00069444276997,437.0,0.0,437.0,6.0,73404279.99999999,Moderate_Fault,Moderate_Fault_030_window_001.csv,2
75.0,113.81792477461536,12954.52,136.30671296748375,404.0,0.0,404.0,6.0,64976121.99999999,Moderate_Fault,Moderate_Fault_030_window_002.csv,2
83.89,118.83693828099072,14122.2179,145.4639130506257,471.0,0.0,471.0,6.0,70615990.0,Moderate_Fault,Moderate_Fault_030_window_003.csv,2
102.37,148.1274218367416,21941.73309999999,180.05929578891505,520.0,0.0,520.0,5.5,109712626.0,Moderate_Fault,Moderate_Fault_030_window_004.csv,2
104.99,152.40849681038128,23228.3499,185.07093234757315,520.0,0.0,520.0,5.5,116178470.0,Moderate_Fault,Moderate_Fault_030_window_005.csv,2
99.91,151.6411616283653,22995.041900000004,181.5958424634221,581.0,0.0,581.0,5.5,114992694.0,Moderate_Fault,Moderate_Fault_030_window_006.csv,2
90.89,150.59388400595822,22678.5179,175.89630467977432,581.0,0.0,581.0,5.0,113454190.0,Moderate_Fault,Moderate_Fault_030_window_007.csv,2
66.3,118.22136016811852,13976.289999999995,135.5432772217051,506.0,0.0,506.0,5.5,69894249.99999999,Moderate_Fault,Moderate_Fault_030_window_008.csv,2
60.67,104.35018495431622,10888.961100000004,120.70546797887825,405.0,0.0,405.0,5.5,54473365.99999999,Moderate_Fault,Moderate_Fault_030_window_009.csv,2
70.97,109.79940391459328,12055.9091,130.73886185828604,405.0,0.0,405.0,5.5,60286625.99999999,Moderate_Fault,Moderate_Fault_030_window_010.csv,2
78.62,117.75880264336932,13867.1356,141.59180767261927,459.0,0.0,459.0,5.5,69768128.0,Moderate_Fault,Moderate_Fault_030_window_011.csv,2
77.81,120.41019018338936,14498.613899999998,143.36321006450714,459.0,0.0,459.0,5.5,72602114.0,Moderate_Fault,Moderate_Fault_030_window_012.csv,2
71.49,115.25827475717306,13284.469899999996,135.62923726099768,531.0,0.0,531.0,5.5,66429913.99999999,Moderate_Fault,Moderate_Fault_030_window_013.csv,2
0.84,1.0836973747315255,1.1744000000000003,1.3711309200802089,4.0,0.0,4.0,24.5,5904.000000000001,Normal,Normal_001_window_001.csv,0
0.76,1.096540012949824,1.2024,1.3341664064126333,4.0,0.0,4.0,6.0,6253.999999999999,Normal,Normal_001_window_002.csv,0
0.78,1.127652428720836,1.2716,1.3711309200802089,4.0,0.0,4.0,3.0,6408.0,Normal,Normal_001_window_003.csv,0
0.76,1.16721891691319,1.3624,1.3928388277184118,4.0,0.0,4.0,11.5,6884.000000000001,Normal,Normal_001_window_004.csv,0
0.78,1.0824047302187845,1.1715999999999998,1.3341664064126333,4.0,0.0,4.0,19.0,5907.999999999999,Normal,Normal_001_window_005.csv,0
0.92,1.2056533498481226,1.4535999999999996,1.51657508881031,8.0,0.0,8.0,15.5,7468.0,Normal,Normal_001_window_006.csv,0
0.85,1.306713434537198,1.7075,1.5588457268119895,8.0,0.0,8.0,25.0,9378.0,Normal,Normal_001_window_007.csv,0
0.7,1.1,1.2099999999999995,1.3038404810405295,4.0,0.0,4.0,25.0,6499.999999999998,Normal,Normal_001_window_008.csv,0
0.79,1.0226925246622272,1.0459,1.2922847983320085,4.0,0.0,4.0,5.5,5242.000000000001,Normal,Normal_001_window_009.csv,0
0.91,1.1322102278287367,1.2819,1.452583904633395,4.0,0.0,4.0,9.0,6409.999999999999,Normal,Normal_001_window_010.csv,0
0.82,1.160861748874516,1.3476,1.4212670403551897,4.0,0.0,4.0,11.5,6746.0,Normal,Normal_001_window_011.csv,0
0.81,1.1197767634667188,1.2538999999999998,1.3820274961085253,4.0,0.0,4.0,18.5,6294.0,Normal,Normal_001_window_012.csv,0
0.97,1.3817018491700734,1.9091,1.688194301613413,8.0,0.0,8.0,18.5,9766.000000000002,Normal,Normal_001_window_013.csv,0
1.12,1.6387800340497194,2.6855999999999995,1.9849433241279208,8.0,0.0,8.0,11.5,13670.0,Normal,Normal_001_window_014.csv,0
1.14,1.6432893841317175,2.7004,2.0,9.0,0.0,9.0,1.0,13504.000000000002,Normal,Normal_002_window_001.csv,0
0.8,1.077032961426901,1.1600000000000004,1.3416407864998738,4.0,0.0,4.0,1.0,5898.000000000001,Normal,Normal_002_window_002.csv,0
0.65,1.023474474522936,1.0475,1.2124355652982142,4.0,0.0,4.0,1.0,5502.0,Normal,Normal_002_window_003.csv,0
0.79,1.373280743329637,1.8859,1.5842979517754858,9.0,0.0,9.0,1.0,9430.0,Normal,Normal_002_window_004.csv,0
0.85,1.5190457530963313,2.3075,1.740689518552921,9.0,0.0,9.0,1.0,11758.0,Normal,Normal_002_window_005.csv,0
0.81,1.3689046716261877,1.8739,1.5905973720586866,6.0,0.0,6.0,1.0,9410.0,Normal,Normal_002_window_006.csv,0
0.87,1.4467549896233294,2.0931,1.688194301613413,9.0,0.0,9.0,1.0,10466.0,Normal,Normal_002_window_007.csv,0
0.87,1.3975335416368366,1.9531,1.6462077633154328,9.0,0.0,9.0,17.0,9806.0,Normal,Normal_002_window_008.csv,0
0.76,1.3646977687385584,1.8624,1.5620499351813308,9.0,0.0,9.0,1.0,9512.0,Normal,Normal_002_window_009.csv,0
0.96,1.5869467539901896,2.5183999999999997,1.8547236990991407,9.0,0.0,9.0,1.0,12720.0,Normal,Normal_002_window_010.csv,0
1.23,1.6053348560347152,2.5770999999999997,2.0223748416156684,9.0,0.0,9.0,1.5,12898.0,Normal,Normal_002_window_011.csv,0
1.01,1.41063815346105,1.989900000000001,1.7349351572897471,9.0,0.0,9.0,1.5,9962.0,Normal,Normal_002_window_012.csv,0
0.94,1.2068139873236472,1.4564,1.5297058540778354,5.0,0.0,5.0,1.0,7314.000000000001,Normal,Normal_002_window_013.csv,0
1.11,1.6241613220366995,2.6379,1.9672315572906005,9.0,0.0,9.0,1.5,13202.0,Normal,Normal_002_window_014.csv,0
1.37,2.1847425477616347,4.7731,2.5787593916455256,9.0,0.0,9.0,1.5,23866.0,Normal,Normal_002_window_015.csv,0
1.25,1.699264546796643,2.8875,2.1095023109728985,9.0,0.0,9.0,1.0,14437.999999999998,Normal,Normal_003_window_001.csv,0
1.08,1.6714065932620945,2.7936,1.98997487421324,8.0,0.0,8.0,1.0,14096.0,Normal,Normal_003_window_002.csv,0
0.89,1.5549598065544976,2.417900000000001,1.7916472867168918,8.0,0.0,8.0,1.0,12201.999999999998,Normal,Normal_003_window_003.csv,0
0.93,1.4646159906268943,2.1451,1.7349351572897471,5.0,0.0,5.0,1.0,10750.0,Normal,Normal_003_window_004.csv,0
0.95,1.5960889699512368,2.5475000000000003,1.857417562100671,9.0,0.0,9.0,1.0,12881.999999999998,Normal,Normal_003_window_005.csv,0
0.8,1.449137674618944,2.1,1.6552945357246849,9.0,0.0,9.0,1.0,10627.999999999998,Normal,Normal_003_window_006.csv,0
0.84,1.2705904139414874,1.6144000000000005,1.5231546211727816,4.0,0.0,4.0,1.0,8200.0,Normal,Normal_003_window_007.csv,0
0.82,1.3067516979135707,1.7076000000000002,1.5427248620541512,8.0,0.0,8.0,1.0,8666.0,Normal,Normal_003_window_008.csv,0
0.97,1.459143584435747,2.1291,1.752141546793523,8.0,0.0,8.0,1.0,10646.000000000002,Normal,Normal_003_window_009.csv,0
1.16,1.629232948353304,2.6543999999999994,2.0,9.0,0.0,9.0,1.5,13400.0,Normal,Normal_003_window_010.csv,0
1.12,1.6749925372968084,2.8056,2.0149441679609885,9.0,0.0,9.0,2.0,14046.0,Normal,Normal_003_window_011.csv,0
1.14,1.7030560765870275,2.9003999999999994,2.04939015319192,9.0,0.0,9.0,1.5,14510.0,Normal,Normal_003_window_012.csv,0
1.23,1.8212907510883596,3.3171,2.1977260975835917,8.0,0.0,8.0,2.5,16849.999999999996,Normal,Normal_003_window_013.csv,0
1.32,1.7313578486263317,2.9976,2.177154105707724,8.0,0.0,8.0,1.5,15275.999999999998,Normal,Normal_003_window_014.csv,0
0.89,1.509271347372632,2.2779000000000003,1.752141546793523,8.0,0.0,8.0,1.0,11474.000000000002,Normal,Normal_004_window_001.csv,0
0.79,1.4233411397131748,2.0259,1.6278820596099706,8.0,0.0,8.0,1.0,10170.0,Normal,Normal_004_window_002.csv,0
0.75,1.3143439428094916,1.7275,1.5132745950421556,8.0,0.0,8.0,12.5,8638.000000000002,Normal,Normal_004_window_003.csv,0
0.56,1.0423051376636303,1.0863999999999996,1.1832159566199232,4.0,0.0,4.0,14.5,5463.999999999999,Normal,Normal_004_window_004.csv,0
0.6,1.0,1.0,1.1661903789690602,4.0,0.0,4.0,1.0,5032.0,Normal,Normal_004_window_005.csv,0
0.63,1.1283173312503891,1.2731000000000003,1.2922847983320085,4.0,0.0,4.0,1.0,6370.0,Normal,Normal_004_window_006.csv,0
0.7,1.1874342087037917,1.41,1.378404875209022,4.0,0.0,4.0,1.0,7049.999999999999,Normal,Normal_004_window_007.csv,0
0.95,1.388344337691482,1.9275,1.6822603841260722,9.0,0.0,9.0,1.0,9650.0,Normal,Normal_004_window_008.csv,0
0.98,1.428145650835376,2.0396,1.7320508075688772,9.0,0.0,9.0,1.0,10199.999999999998,Normal,Normal_004_window_009.csv,0
0.87,1.1545994976614185,1.3331,1.445683229480096,4.0,0.0,4.0,24.0,6678.0,Normal,Normal_004_window_010.csv,0
0.71,1.0516178012947477,1.1058999999999997,1.2688577540449522,5.0,0.0,5.0,24.0,5673.999999999999,Normal,Normal_004_window_011.csv,0
0.8,1.2,1.4399999999999995,1.4422205101855958,5.0,0.0,5.0,1.5,7250.0,Normal,Normal_004_window_012.csv,0
1.1,1.493318452306808,2.2300000000000004,1.8547236990991407,9.0,0.0,9.0,1.0,11168.0,Normal,Normal_004_window_013.csv,0
0.73,1.2397983707038818,1.5370999999999997,1.4387494569938155,8.0,0.0,8.0,15.0,7698.0,Normal,normal_005_window_001.csv,0
0.7,0.9539392014169454,0.9099999999999996,1.1832159566199232,5.0,0.0,5.0,1.0,4582.000000000001,Normal,normal_005_window_002.csv,0
0.67,0.9905049217444606,0.9811,1.19582607431014,4.0,0.0,4.0,1.0,4910.0,Normal,normal_005_window_003.csv,0
0.65,0.9836157786453,0.9675,1.1789826122551597,4.0,0.0,4.0,25.0,5150.000000000001,Normal,normal_005_window_004.csv,0
0.88,1.3948476619330157,1.9456,1.6492422502470645,9.0,0.0,9.0,10.5,9799.999999999998,Normal,normal_005_window_005.csv,0
1.01,1.499966666296288,2.2499,1.8083141320025125,9.0,0.0,9.0,21.0,11262.0,Normal,normal_005_window_006.csv,0
0.78,1.1625833303466893,1.351599999999999,1.4,4.0,0.0,4.0,1.0,6766.0,Normal,normal_005_window_007.csv,0
0.67,1.0682228231974826,1.1411000000000002,1.2609520212918492,4.0,0.0,4.0,1.0,5729.999999999999,Normal,normal_005_window_008.csv,0
0.76,1.149956520917204,1.3224,1.378404875209022,4.0,0.0,4.0,21.5,6683.999999999999,Normal,normal_005_window_009.csv,0
0.81,1.1462547709824376,1.3139000000000003,1.40356688476182,4.0,0.0,4.0,1.5,6713.999999999998,Normal,normal_005_window_010.csv,0
0.84,1.1464728518373213,1.3144000000000002,1.4212670403551897,4.0,0.0,4.0,1.0,6580.000000000001,Normal,normal_005_window_011.csv,0
0.88,1.3059862173851609,1.705600000000001,1.5748015748023625,8.0,0.0,8.0,1.0,8560.0,Normal,normal_005_window_012.csv,0
1.01,1.3303758867327686,1.7699000000000005,1.6703293088490063,8.0,0.0,8.0,1.0,8962.000000000002,Normal,normal_005_window_013.csv,0
0.71,0.9725739046468398,0.9459000000000002,1.2041594578792296,4.0,0.0,4.0,14.5,4814.0,Normal,Normal_006_window_001.csv,0
0.74,1.2051555916146264,1.4524,1.4142135623730951,8.0,0.0,8.0,1.0,7423.999999999998,Normal,Normal_006_window_002.csv,0
0.67,1.288836684766538,1.6611000000000005,1.452583904633395,8.0,0.0,8.0,9.5,8330.0,Normal,Normal_006_window_003.csv,0
0.76,1.3792751719653336,1.9024000000000003,1.5748015748023625,8.0,0.0,8.0,16.5,9512.0,Normal,Normal_006_window_004.csv,0
0.94,1.4616429112474771,2.1364000000000005,1.7378147196982767,8.0,0.0,8.0,1.0,10714.0,Normal,Normal_006_window_005.csv,0
0.76,1.2009995836801943,1.4424,1.4212670403551897,4.0,0.0,4.0,1.0,7262.0,Normal,Normal_006_window_006.csv,0
0.8,1.2,1.4399999999999995,1.4422205101855958,5.0,0.0,5.0,11.5,7218.0,Normal,Normal_006_window_007.csv,0
0.8,1.1489125293076057,1.3199999999999996,1.4,5.0,0.0,5.0,21.5,6632.0,Normal,Normal_006_window_008.csv,0
1.07,1.4439875345722344,2.0851,1.797220075561143,9.0,0.0,9.0,21.5,10437.999999999998,Normal,Normal_006_window_009.csv,0
1.25,1.49248115565993,2.2275,1.9467922333931784,9.0,0.0,9.0,24.0,11162.0,Normal,Normal_006_window_010.csv,0
1.05,1.2196310917650468,1.4874999999999998,1.6093476939431082,4.0,0.0,4.0,1.5,7582.0,Normal,Normal_006_window_011.csv,0
0.84,1.101998185116473,1.2144000000000006,1.3856406460551018,4.0,0.0,4.0,16.5,6074.0,Normal,Normal_006_window_012.csv,0
0.85,1.532155344604456,2.3475,1.752141546793523,9.0,0.0,9.0,1.0,11850.0,Normal,Normal_006_window_013.csv,0
0.92,1.604244370412438,2.5735999999999994,1.849324200890693,9.0,0.0,9.0,4.5,12900.000000000002,Normal,Normal_006_window_014.csv,0
0.84,1.2705904139414874,1.6144000000000005,1.5231546211727816,8.0,0.0,8.0,20.0,8074.0,Normal,Normal_007_window_001.csv,0
0.98,1.5164432069813891,2.2996,1.8055470085267789,8.0,0.0,8.0,1.0,11515.999999999998,Normal,Normal_007_window_002.csv,0
0.87,1.6532090007013631,2.7331,1.8681541692269408,8.0,0.0,8.0,1.0,13689.999999999998,Normal,Normal_007_window_003.csv,0
0.72,1.312097557348538,1.7216,1.4966629547095769,8.0,0.0,8.0,1.0,8639.999999999998,Normal,Normal_007_window_004.csv,0
0.66,1.0974515934655158,1.2044,1.2806248474865698,4.0,0.0,4.0,17.5,6184.0,Normal,Normal_007_window_005.csv,0
0.71,1.2751078385768009,1.6259,1.4594519519326423,9.0,0.0,9.0,1.0,8133.999999999999,Normal,Normal_007_window_006.csv,0
0.9,1.5588457268119895,2.43,1.8,9.0,0.0,9.0,12.5,12167.999999999998,Normal,Normal_007_window_007.csv,0
0.92,1.5341447128612085,2.3536,1.7888543819998317,8.0,0.0,8.0,1.0,11770.0,Normal,Normal_007_window_008.csv,0
0.96,1.333566646253572,1.7784,1.6431676725154984,8.0,0.0,8.0,1.5,8893.999999999998,Normal,Normal_007_window_009.csv,0
0.96,1.199333148045196,1.4384000000000003,1.5362291495737217,4.0,0.0,4.0,1.0,7194.0,Normal,Normal_007_window_010.csv,0
0.95,1.2599603168354152,1.5874999999999997,1.57797338380595,5.0,0.0,5.0,0.5,7938.0,Normal,Normal_007_window_011.csv,0
0.9,1.1532562594670797,1.33,1.4628738838327795,5.0,0.0,5.0,1.0,6651.999999999999,Normal,Normal_007_window_012.csv,0
0.65,0.9937303457175896,0.9875,1.1874342087037917,4.0,0.0,4.0,1.5,4950.000000000001,Normal,Normal_007_window_013.csv,0
0.89,1.1652896635600951,1.3579,1.466287829861518,4.0,0.0,4.0,2.5,6814.0,Normal,Normal_008_window_001.csv,0
0.79,1.051617801294748,1.1059,1.3152946437965904,4.0,0.0,4.0,2.5,5533.999999999999,Normal,Normal_008_window_002.csv,0
0.86,1.3712767773137555,1.8804,1.6186414056238645,9.0,0.0,9.0,1.0,9419.999999999998,Normal,Normal_008_window_003.csv,0
0.99,1.532938354924946,2.3499,1.8248287590894656,9.0,0.0,9.0,1.0,11929.999999999998,Normal,Normal_008_window_004.csv,0
0.94,1.3770983988081609,1.8964,1.6673332000533063,5.0,0.0,5.0,25.0,10130.0,Normal,Normal_008_window_005.csv,0
0.81,1.2304064369142418,1.5138999999999998,1.4730919862656235,5.0,0.0,5.0,12.5,7881.999999999998,Normal,Normal_008_window_006.csv,0
0.59,0.9601562372864116,0.9219,1.1269427669584644,5.0,0.0,5.0,11.0,4610.000000000001,Normal,Normal_008_window_007.csv,0
0.45,0.792148975887743,0.6275000000000001,0.91104335791443,5.0,0.0,5.0,12.5,3150.0,Normal,Normal_008_window_008.csv,0
0.58,1.031309846748299,1.0636,1.1832159566199232,5.0,0.0,5.0,1.0,5336.0,Normal,Normal_008_window_009.csv,0
0.84,1.180847153530041,1.3944000000000003,1.449137674618944,5.0,0.0,5.0,1.0,6974.000000000001,Normal,Normal_008_window_010.csv,0
1.01,1.445648643343188,2.0899000000000005,1.7635192088548397,9.0,0.0,9.0,12.0,10534.0,Normal,Normal_008_window_011.csv,0
1.01,1.4865732407116712,2.2099,1.797220075561143,9.0,0.0,9.0,5.5,11193.999999999998,Normal,Normal_008_window_012.csv,0
0.9,1.5132745950421558,2.2900000000000005,1.760681686165901,8.0,0.0,8.0,1.0,11451.999999999998,Normal,Normal_008_window_013.csv,0
0.82,1.479053751558746,2.1876000000000007,1.6911534525287764,8.0,0.0,8.0,1.0,10970.0,Normal,Normal_008_window_014.csv,0
0.62,0.903105752390051,0.8156,1.095445115010332,4.0,0.0,4.0,25.0,4320.0,Normal,Normal_009_window_001.csv,0
0.85,1.033198915988591,1.0674999999999997,1.3379088160259651,4.0,0.0,4.0,18.5,5398.0,Normal,Normal_009_window_002.csv,0
1.19,1.5407465722824114,2.3739000000000003,1.9467922333931784,9.0,0.0,9.0,1.0,11882.0,Normal,Normal_009_window_003.csv,0
1.21,1.5766737138672666,2.4859,1.9874606914351791,9.0,0.0,9.0,1.0,12469.999999999998,Normal,Normal_009_window_004.csv,0
0.88,1.1249888888340187,1.2656,1.42828568570857,4.0,0.0,4.0,1.0,6336.0,Normal,Normal_009_window_005.csv,0
0.76,1.16721891691319,1.3624,1.3928388277184118,5.0,0.0,5.0,1.0,6844.000000000001,Normal,Normal_009_window_006.csv,0
0.72,1.3717142559585798,1.8816,1.5491933384829668,9.0,0.0,9.0,1.0,9416.0,Normal,Normal_009_window_007.csv,0
0.85,1.351850583459577,1.8275,1.5968719422671311,9.0,0.0,9.0,10.0,9162.0,Normal,Normal_009_window_008.csv,0
0.99,1.2688183479127342,1.6099,1.6093476939431082,4.0,0.0,4.0,15.0,8061.999999999999,Normal,Normal_009_window_009.csv,0
1.03,1.4996999699939986,2.2491000000000003,1.8193405398660247,9.0,0.0,9.0,10.0,11258.0,Normal,Normal_009_window_010.csv,0
0.9,1.4247806848775009,2.03,1.6852299546352716,9.0,0.0,9.0,1.5,10152.0,Normal,Normal_009_window_011.csv,0
1.04,1.4065560778013797,1.9784000000000004,1.7492855684535902,8.0,0.0,8.0,1.5,10054.000000000002,Normal,Normal_009_window_012.csv,0
1.27,1.5865371095565337,2.5171,2.0322401432901573,9.0,0.0,9.0,1.5,12730.0,Normal,Normal_009_window_013.csv,0
0.96,1.6365818036383024,2.678399999999999,1.8973665961010275,9.0,0.0,9.0,1.0,13423.999999999996,Normal,Normal_010_window_001.csv,0
0.87,1.3831485820402665,1.9131,1.6340134638368191,9.0,0.0,9.0,1.0,9569.999999999998,Normal,Normal_010_window_002.csv,0
0.6,0.9591663046625438,0.9199999999999998,1.131370849898476,4.0,0.0,4.0,5.0,4632.0,Normal,Normal_010_window_003.csv,0
0.73,1.028153685010174,1.0571,1.2609520212918492,4.0,0.0,4.0,21.5,5310.0,Normal,Normal_010_window_004.csv,0
0.89,1.3258582126305962,1.7578999999999996,1.5968719422671311,8.0,0.0,8.0,12.5,8813.999999999998,Normal,Normal_010_window_005.csv,0
0.88,1.343726162579266,1.8056000000000003,1.606237840420901,8.0,0.0,8.0,0.5,9155.999999999998,Normal,Normal_010_window_006.csv,0
0.78,1.3159027319676786,1.7316000000000005,1.5297058540778354,9.0,0.0,9.0,1.0,8786.000000000002,Normal,Normal_010_window_007.csv,0
0.78,1.3234802605252562,1.7516,1.5362291495737217,9.0,0.0,9.0,16.5,8958.0,Normal,Normal_010_window_008.csv,0
0.84,1.1808471535300409,1.3944,1.449137674618944,5.0,0.0,5.0,1.0,7022.000000000001,Normal,Normal_010_window_009.csv,0
0.8,1.3490737563232045,1.82,1.5684387141358125,9.0,0.0,9.0,1.5,9150.0,Normal,Normal_010_window_010.csv,0
0.97,1.681992865621017,2.8291000000000004,1.94164878389476,9.0,0.0,9.0,16.5,14186.0,Normal,Normal_010_window_011.csv,0
0.91,1.5754047099079018,2.4819000000000004,1.8193405398660247,9.0,0.0,9.0,25.0,13094.0,Normal,Normal_010_window_012.csv,0
0.69,1.0926573113286708,1.1939,1.2922847983320085,5.0,0.0,5.0,17.0,6113.999999999999,Normal,Normal_010_window_013.csv,0
0.92,1.2781236246936365,1.6336,1.5748015748023625,5.0,0.0,5.0,1.0,8200.0,Normal,Normal_011_window_001.csv,0
1.01,1.4730580436629102,2.1699,1.786057109949175,8.0,0.0,8.0,1.0,10933.999999999998,Normal,Normal_011_window_002.csv,0
1.06,1.642071862008481,2.696400000000001,1.9544820285692064,9.0,0.0,9.0,1.0,13580.000000000002,Normal,Normal_011_window_003.csv,0
1.04,1.5869467539901898,2.5184,1.8973665961010275,9.0,0.0,9.0,16.5,12610.000000000002,Normal,Normal_011_window_004.csv,0
1.09,1.4972975656161336,2.2419,1.8520259177452132,8.0,0.0,8.0,19.5,11269.999999999998,Normal,Normal_011_window_005.csv,0
1.11,1.5930787802240038,2.5379,1.94164878389476,9.0,0.0,9.0,1.0,12694.0,Normal,Normal_011_window_006.csv,0
0.96,1.482700239428051,2.1984,1.7663521732655694,9.0,0.0,9.0,1.0,11024.0,Normal,Normal_011_window_007.csv,0
0.81,1.3542156401400776,1.8339,1.57797338380595,9.0,0.0,9.0,11.5,9314.0,Normal,Normal_011_window_008.csv,0
1.04,1.7258041603843697,2.9783999999999997,2.0149441679609885,9.0,0.0,9.0,2.0,15180.0,Normal,Normal_011_window_009.csv,0
1.04,1.5551205741035,2.4184,1.8708286933869709,9.0,0.0,9.0,1.0,12220.0,Normal,Normal_011_window_010.csv,0
0.97,1.459143584435747,2.1291,1.752141546793523,9.0,0.0,9.0,1.5,10758.0,Normal,Normal_011_window_011.csv,0
1.13,2.0231411221167943,4.0931000000000015,2.3173260452512934,15.0,0.0,15.0,1.0,20610.0,Normal,Normal_011_window_012.csv,0
1.4,2.2715633383201093,5.16,2.6683328128252666,15.0,0.0,15.0,1.5,25928.0,Normal,Normal_011_window_013.csv,0
0.95,1.745709025009609,3.0475,1.9874606914351791,9.0,0.0,9.0,20.0,15261.999999999998,Normal,Normal_012_window_001.csv,0
0.83,1.5559884318336046,2.4211,1.7635192088548397,9.0,0.0,9.0,23.0,12250.000000000002,Normal,Normal_012_window_002.csv,0
0.69,1.4401041628993372,2.0739000000000005,1.5968719422671311,9.0,0.0,9.0,13.5,10394.0,Normal,Normal_012_window_003.csv,0
0.71,1.1161989070053775,1.2458999999999998,1.3228756555322954,5.0,0.0,5.0,1.5,6253.999999999999,Normal,Normal_012_window_004.csv,0
0.93,1.457772273024837,2.1251,1.7291616465790582,8.0,0.0,8.0,1.0,10630.000000000002,Normal,Normal_012_window_005.csv,0
0.94,1.4270248771482577,2.0364,1.7088007490635062,8.0,0.0,8.0,1.0,10190.0,Normal,Normal_012_window_006.csv,0
0.79,1.160129303138232,1.3459,1.40356688476182,4.0,0.0,4.0,10.5,6730.0,Normal,Normal_012_window_007.csv,0
1.01,1.3747363383572868,1.8899000000000004,1.705872210923198,8.0,0.0,8.0,9.0,9450.000000000002,Normal,Normal_012_window_008.csv,0
1.01,1.5198355174162763,2.3099000000000007,1.8248287590894656,8.0,0.0,8.0,6.0,11574.000000000002,Normal,Normal_012_window_009.csv,0
0.76,1.327554142022087,1.7624000000000004,1.5297058540778354,8.0,0.0,8.0,13.0,8844.000000000002,Normal,Normal_012_window_010.csv,0
1.18,1.7909773867919156,3.2076,2.1447610589527217,9.0,0.0,9.0,1.5,16279.999999999998,Normal,Normal_012_window_011.csv,0
1.26,1.9267589366602145,3.7124000000000006,2.3021728866442674,9.0,0.0,9.0,9.5,18570.0,Normal,Normal_012_window_012.csv,0
0.98,1.4558846108122718,2.1196,1.7549928774784245,9.0,0.0,9.0,17.5,10606.0,Normal,Normal_012_window_013.csv,0
0.89,1.2719669807035088,1.6179,1.5524174696260025,5.0,0.0,5.0,1.0,8202.0,Normal,Normal_013_window_001.csv,0
1.04,1.678809101714665,2.8184,1.9748417658131496,9.0,0.0,9.0,1.0,14123.999999999998,Normal,Normal_013_window_002.csv,0
1.11,1.6303067196083072,2.6578999999999997,1.972308292331602,9.0,0.0,9.0,9.0,13294.0,Normal,Normal_013_window_003.csv,0
1.19,1.54722331936925,2.3939000000000004,1.9519221295943132,9.0,0.0,9.0,1.5,12030.0,Normal,Normal_013_window_004.csv,0
1.23,1.5287576655572326,2.3370999999999995,1.9621416870348585,9.0,0.0,9.0,1.0,11726.0,Normal,Normal_013_window_005.csv,0
0.97,1.33007518584477,1.7690999999999997,1.6462077633154328,7.0,0.0,7.0,1.0,8886.000000000002,Normal,Normal_013_window_006.csv,0
0.75,1.3143439428094916,1.7275,1.5132745950421556,7.0,0.0,7.0,1.0,8678.0,Normal,Normal_013_window_007.csv,0
0.81,1.1549458861782227,1.3339,1.4106735979665883,4.0,0.0,4.0,1.0,6694.000000000001,Normal,Normal_013_window_008.csv,0
0.98,1.3340164916521833,1.7795999999999998,1.6552945357246849,8.0,0.0,8.0,1.0,8996.0,Normal,Normal_013_window_009.csv,0
1.06,1.58,2.4964,1.9026297590440449,9.0,0.0,9.0,10.0,12554.0,Normal,Normal_013_window_010.csv,0
0.98,1.593612248948909,2.5396,1.8708286933869709,9.0,0.0,9.0,1.5,12716.0,Normal,Normal_013_window_011.csv,0
1.03,1.465980900284857,2.1491,1.7916472867168918,8.0,0.0,8.0,1.5,10745.999999999998,Normal,Normal_013_window_012.csv,0
1.3,1.7972200755611427,3.2299999999999995,2.2181073012818837,9.0,0.0,9.0,1.0,16350.000000000002,Normal,Normal_013_window_013.csv,0
1.28,1.8443427013437603,3.4015999999999997,2.244994432064365,8.0,0.0,8.0,1.5,17025.999999999996,Normal,Normal_014_window_001.csv,0
1.3,1.6522711641858303,2.7299999999999995,2.102379604162864,8.0,0.0,8.0,1.0,13721.999999999996,Normal,Normal_014_window_002.csv,0
0.98,1.636948380371232,2.6796,1.9078784028338915,9.0,0.0,9.0,1.0,13495.999999999998,Normal,Normal_014_window_003.csv,0
0.72,1.3862178760930763,1.9216,1.5620499351813308,9.0,0.0,9.0,1.0,9679.999999999998,Normal,Normal_014_window_004.csv,0
0.62,1.2944496900227525,1.6756,1.4352700094407325,9.0,0.0,9.0,16.0,8578.0,Normal,Normal_014_window_005.csv,0
0.74,1.4256226709757387,2.0323999999999995,1.606237840420901,9.0,0.0,9.0,3.0,10324.000000000002,Normal,Normal_014_window_006.csv,0
0.91,1.470340096712322,2.1619,1.7291616465790582,8.0,0.0,8.0,2.5,10810.0,Normal,Normal_014_window_007.csv,0
0.91,1.4635231463834113,2.1419,1.7233687939614086,8.0,0.0,8.0,23.0,10709.999999999998,Normal,Normal_014_window_008.csv,0
0.7,1.0908712114635712,1.1899999999999995,1.296148139681572,5.0,0.0,5.0,4.5,5950.0,Normal,Normal_014_window_009.csv,0
0.74,1.1884443613396465,1.4123999999999994,1.4,9.0,0.0,9.0,1.0,7133.999999999999,Normal,Normal_014_window_010.csv,0
0.8,1.296148139681572,1.6799999999999995,1.5231546211727816,9.0,0.0,9.0,1.0,8561.999999999998,Normal,Normal_014_window_011.csv,0
0.94,1.2555476892575606,1.5763999999999996,1.5684387141358125,5.0,0.0,5.0,1.5,7889.999999999999,Normal,Normal_014_window_012.csv,0
1.2,1.624807680927192,2.64,2.019900987672416,8.0,0.0,8.0,1.5,13297.999999999996,Normal,Normal_014_window_013.csv,0
1.05,1.423903086589814,2.0274999999999994,1.7691806012954132,5.0,0.0,5.0,1.0,10198.0,Normal,Normal_015_window_001.csv,0
0.74,1.2379014500355026,1.5323999999999998,1.4422205101855958,5.0,0.0,5.0,1.0,7669.999999999998,Normal,Normal_015_window_002.csv,0
0.56,1.2273548794053006,1.5064,1.3490737563232045,9.0,0.0,9.0,1.0,7659.999999999999,Normal,Normal_015_window_003.csv,0
0.88,1.7278888853164145,2.9856000000000007,1.9390719429665315,9.0,0.0,9.0,12.5,15439.999999999996,Normal,Normal_015_window_004.csv,0
1.06,1.963771880845634,3.8564,2.23159136044214,9.0,0.0,9.0,12.5,19354.0,Normal,Normal_015_window_005.csv,0
0.9,1.7058722109231983,2.9100000000000006,1.9287301521985911,9.0,0.0,9.0,1.0,14551.999999999998,Normal,Normal_015_window_006.csv,0
0.9,1.2922847983320087,1.6700000000000004,1.5748015748023625,5.0,0.0,5.0,1.0,8368.0,Normal,Normal_015_window_007.csv,0
0.96,1.5742934923323542,2.4784,1.8439088914585773,9.0,0.0,9.0,6.0,12391.999999999996,Normal,Normal_015_window_008.csv,0
0.92,1.7359723500102184,3.0136000000000007,1.96468827043885,9.0,0.0,9.0,1.0,15140.0,Normal,Normal_015_window_009.csv,0
1.01,1.499966666296288,2.2499,1.8083141320025125,9.0,0.0,9.0,2.0,11249.999999999998,Normal,Normal_015_window_010.csv,0
1.12,1.7508854902591429,3.0655999999999994,2.078460969082653,11.0,0.0,11.0,15.5,15616.0,Normal,Normal_015_window_011.csv,0
0.98,1.7376996288196642,3.019599999999999,1.994993734326,11.0,0.0,11.0,1.5,15147.999999999998,Normal,Normal_015_window_012.csv,0
0.81,1.2140428328522843,1.4739000000000002,1.4594519519326423,5.0,0.0,5.0,1.0,7382.0,Normal,Normal_015_window_013.csv,0
0.72,1.3347658970770868,1.7816000000000003,1.51657508881031,8.0,0.0,8.0,1.0,8980.0,Normal,Normal_016_window_001.csv,0
0.73,1.198791057691039,1.4371,1.40356688476182,4.0,0.0,4.0,1.0,7190.000000000001,Normal,Normal_016_window_002.csv,0
0.97,1.276362017610991,1.6291,1.6031219541881396,4.0,0.0,4.0,18.0,8146.0,Normal,Normal_016_window_003.csv,0
0.88,1.2828094168659665,1.6456000000000004,1.5556349186104046,5.0,0.0,5.0,1.0,8278.0,Normal,Normal_016_window_004.csv,0
0.8,1.4628738838327793,2.14,1.6673332000533063,8.0,0.0,8.0,1.0,10772.0,Normal,Normal_016_window_005.csv,0
0.77,1.3553966209195003,1.8370999999999995,1.5588457268119895,8.0,0.0,8.0,1.0,9198.0,Normal,Normal_016_window_006.csv,0
0.82,1.4857994481086605,2.2076,1.697056274847714,9.0,0.0,9.0,2.0,11136.0,Normal,Normal_016_window_007.csv,0
0.84,1.6414627622946552,2.6943999999999995,1.8439088914585773,9.0,0.0,9.0,17.5,13473.999999999998,Normal,Normal_016_window_008.csv,0
0.98,1.7319353336657808,2.999599999999999,1.98997487421324,9.0,0.0,9.0,1.0,15285.999999999996,Normal,Normal_016_window_009.csv,0
1.25,1.8131464364468743,3.2875,2.202271554554524,9.0,0.0,9.0,21.5,16450.0,Normal,Normal_016_window_010.csv,0
1.18,1.8186808406094788,3.3076000000000003,2.16794833886788,11.0,0.0,11.0,1.0,16988.0,Normal,Normal_016_window_011.csv,0
1.0,1.933907960581372,3.74,2.177154105707724,11.0,0.0,11.0,1.0,18708.0,Normal,Normal_016_window_012.csv,0
0.89,1.6546600859391032,2.7379,1.8788294228055933,9.0,0.0,9.0,1.0,13801.999999999996,Normal,Normal_016_window_013.csv,0
0.79,1.1427598172844544,1.3058999999999998,1.3892443989449803,4.0,0.0,4.0,1.0,6534.0,Normal,Normal_017_window_001.csv,0
0.87,1.3539202339872167,1.8331,1.6093476939431082,8.0,0.0,8.0,18.0,9178.0,Normal,Normal_017_window_002.csv,0
0.82,1.359264507003696,1.8476000000000008,1.5874507866387544,8.0,0.0,8.0,9.0,9288.0,Normal,Normal_017_window_003.csv,0
0.86,1.1663618649458665,1.3603999999999998,1.449137674618944,5.0,0.0,5.0,11.5,6851.999999999999,Normal,Normal_017_window_004.csv,0
0.74,1.082774214691133,1.1724,1.3114877048604,5.0,0.0,5.0,12.5,5893.999999999999,Normal,Normal_017_window_005.csv,0
0.61,0.9684523736353792,0.9379000000000002,1.1445523142259597,4.0,0.0,4.0,12.0,4730.0,Normal,Normal_017_window_006.csv,0
0.8,1.2884098726725126,1.66,1.51657508881031,8.0,0.0,8.0,22.5,8302.0,Normal,Normal_017_window_007.csv,0
0.88,1.3731715115017498,1.8856,1.6309506430300091,8.0,0.0,8.0,23.0,9556.000000000002,Normal,Normal_017_window_008.csv,0
0.89,1.2238872497088935,1.4979,1.5132745950421556,4.0,0.0,4.0,1.0,7549.999999999999,Normal,Normal_017_window_009.csv,0
0.75,1.3143439428094916,1.7275,1.5132745950421556,8.0,0.0,8.0,9.0,8642.0,Normal,Normal_017_window_010.csv,0
0.77,1.3027279071241238,1.6970999999999998,1.5132745950421556,8.0,0.0,8.0,20.5,8510.0,Normal,Normal_017_window_011.csv,0
0.97,1.4384366513684224,2.0691,1.7349351572897471,9.0,0.0,9.0,1.5,10350.0,Normal,Normal_017_window_012.csv,0
1.08,1.701058493997193,2.893599999999999,2.0149441679609885,9.0,0.0,9.0,11.5,14629.999999999998,Normal,Normal_017_window_013.csv,0
1.19,1.820412041269778,3.3139,2.1748563170931545,9.0,0.0,9.0,1.0,16834.0,Normal,Normal_018_window_001.csv,0
1.01,1.7175272923595712,2.9499,1.992485884517128,9.0,0.0,9.0,20.0,14754.0,Normal,Normal_018_window_002.csv,0
0.76,1.096540012949824,1.2024,1.3341664064126333,4.0,0.0,4.0,1.0,6014.0,Normal,Normal_018_window_003.csv,0
0.93,1.2826145173044006,1.6451000000000002,1.5842979517754858,8.0,0.0,8.0,1.0,8266.0,Normal,Normal_018_window_004.csv,0
0.82,1.275774274705365,1.6276000000000002,1.51657508881031,8.0,0.0,8.0,1.0,8170.0,Normal,Normal_018_window_005.csv,0
0.65,1.023474474522936,1.0475,1.2124355652982142,5.0,0.0,5.0,1.0,5298.0,Normal,Normal_018_window_006.csv,0
0.67,1.2170045193013872,1.4811000000000007,1.3892443989449803,8.0,0.0,8.0,1.0,7446.000000000001,Normal,Normal_018_window_007.csv,0
0.96,1.7199999999999998,2.9583999999999997,1.969771560359221,9.0,0.0,9.0,1.0,14889.999999999998,Normal,Normal_018_window_008.csv,0
1.12,1.7451647486698785,3.0456,2.073644135332772,9.0,0.0,9.0,1.0,15355.999999999996,Normal,Normal_018_window_009.csv,0
0.95,1.402676013910554,1.9675,1.6941074346097416,8.0,0.0,8.0,1.5,10058.0,Normal,Normal_018_window_010.csv,0
1.04,1.7083325203250097,2.9184,2.0,9.0,0.0,9.0,1.0,14591.999999999998,Normal,Normal_018_window_011.csv,0
0.96,1.6487571076419958,2.7184,1.9078784028338915,9.0,0.0,9.0,10.5,13689.999999999998,Normal,Normal_018_window_012.csv,0
1.0,1.5427248620541512,2.38,1.8384776310850235,8.0,0.0,8.0,1.5,12062.0,Normal,Normal_018_window_013.csv,0
1.06,1.776626015795108,3.1564,2.06881608655772,9.0,0.0,9.0,1.0,15814.0,Normal,Normal_019_window_001.csv,0
1.13,1.4673445403176448,2.1531,1.8520259177452132,9.0,0.0,9.0,1.0,11129.999999999998,Normal,Normal_019_window_002.csv,0
0.9,1.3747727084867525,1.8900000000000008,1.6431676725154984,9.0,0.0,9.0,1.0,9482.0,Normal,Normal_019_window_003.csv,0
0.75,1.329473580030833,1.7675,1.5264337522473748,9.0,0.0,9.0,1.0,8838.0,Normal,Normal_019_window_004.csv,0
0.91,1.2813664581219533,1.6418999999999997,1.5716233645501712,5.0,0.0,5.0,1.0,8213.999999999998,Normal,Normal_019_window_005.csv,0
1.02,1.574674569553976,2.4796,1.876166303929372,9.0,0.0,9.0,1.0,12640.0,Normal,Normal_019_window_006.csv,0
0.99,1.8193130571729537,3.3098999999999994,2.071231517720798,9.0,0.0,9.0,1.0,16693.999999999996,Normal,Normal_019_window_007.csv,0
1.07,1.620216034978052,2.6251000000000007,1.94164878389476,9.0,0.0,9.0,1.0,13150.0,Normal,Normal_019_window_008.csv,0
1.0,1.4,1.96,1.7204650534085253,9.0,0.0,9.0,1.0,9872.000000000002,Normal,Normal_019_window_009.csv,0
0.81,1.2860404348231047,1.6539,1.5198684153570663,9.0,0.0,9.0,1.0,8581.999999999996,Normal,Normal_019_window_010.csv,0
0.83,1.2732242536175629,1.6211000000000002,1.5198684153570663,8.0,0.0,8.0,13.0,8189.999999999999,Normal,Normal_019_window_011.csv,0
0.97,1.3375724279454928,1.7891000000000004,1.6522711641858303,8.0,0.0,8.0,1.0,8957.999999999998,Normal,Normal_019_window_012.csv,0
1.28,1.90829767070025,3.6416,2.297825058615212,9.0,0.0,9.0,11.5,18280.000000000004,Normal,Normal_019_window_013.csv,0
1.08,1.5791136754521506,2.4936000000000003,1.9131126469708992,9.0,0.0,9.0,1.0,12499.999999999998,Normal,Normal_020_window_001.csv,0
1.13,1.553415591527264,2.4131,1.9209372712298547,9.0,0.0,9.0,19.0,12078.0,Normal,Normal_020_window_002.csv,0
1.0,1.2727922061357857,1.62,1.6186414056238645,4.0,0.0,4.0,19.0,8108.0,Normal,Normal_020_window_003.csv,0
0.9,1.1180339887498951,1.2500000000000004,1.4352700094407325,5.0,0.0,5.0,13.0,6267.999999999999,Normal,Normal_020_window_004.csv,0
0.89,1.121561411604376,1.2579000000000002,1.4317821063276353,5.0,0.0,5.0,13.0,6350.0,Normal,Normal_020_window_005.csv,0
0.99,1.2449497981846496,1.5498999999999996,1.5905973720586866,5.0,0.0,5.0,1.0,7789.999999999999,Normal,Normal_020_window_006.csv,0
0.87,1.2542328332490742,1.5731,1.5264337522473748,5.0,0.0,5.0,9.5,7905.999999999999,Normal,Normal_020_window_007.csv,0
0.77,1.130088492110242,1.2771,1.3674794331177345,5.0,0.0,5.0,1.0,6386.000000000001,Normal,Normal_020_window_008.csv,0
0.92,1.3977124167724917,1.9536,1.6733200530681511,8.0,0.0,8.0,10.0,9818.0,Normal,Normal_020_window_009.csv,0
1.2,1.5937377450509227,2.54,1.994993734326,8.0,0.0,8.0,1.0,12862.0,Normal,Normal_020_window_010.csv,0
1.06,1.3915459029439166,1.9364,1.7492855684535902,5.0,0.0,5.0,1.5,9690.0,Normal,Normal_020_window_011.csv,0
0.77,1.130088492110242,1.2771,1.3674794331177345,5.0,0.0,5.0,19.5,6470.0,Normal,Normal_020_window_012.csv,0
0.75,1.1258330249197703,1.2675,1.3527749258468684,5.0,0.0,5.0,1.0,6338.0,Normal,Normal_021_window_001.csv,0
0.89,1.1823282116231515,1.3979,1.4798648586948742,5.0,0.0,5.0,1.0,6990.0,Normal,Normal_021_window_002.csv,0
0.69,1.0648474069086145,1.1339,1.2688577540449522,5.0,0.0,5.0,15.5,5673.999999999998,Normal,Normal_021_window_003.csv,0
0.57,0.9513674369033238,0.9051,1.1090536506409416,5.0,0.0,5.0,13.5,4538.0,Normal,Normal_021_window_004.csv,0
0.65,1.194780314534852,1.4275000000000002,1.3601470508735445,8.0,0.0,8.0,1.0,7161.999999999999,Normal,Normal_021_window_005.csv,0
0.84,1.6414627622946552,2.6944,1.8439088914585773,8.0,0.0,8.0,1.0,13474.000000000002,Normal,Normal_021_window_006.csv,0
1.08,1.7302023003105738,2.9936000000000007,2.039607805437114,8.0,0.0,8.0,1.0,15039.999999999998,Normal,Normal_021_window_007.csv,0
1.01,1.694077920285841,2.8699,1.972308292331602,8.0,0.0,8.0,1.0,14462.0,Normal,Normal_021_window_008.csv,0
0.99,1.5264009958068032,2.3299000000000003,1.8193405398660247,8.0,0.0,8.0,1.0,11710.0,Normal,Normal_021_window_009.csv,0
0.89,1.1479982578383994,1.3178999999999998,1.452583904633395,6.0,0.0,6.0,1.0,6601.999999999998,Normal,Normal_021_window_010.csv,0
0.84,1.1551623262554922,1.3344,1.42828568570857,4.0,0.0,4.0,2.0,6800.000000000002,Normal,Normal_021_window_011.csv,0
1.09,1.5368474224853943,2.3619000000000003,1.8841443681416767,9.0,0.0,9.0,1.5,11822.0,Normal,Normal_021_window_012.csv,0
1.23,1.9331580380300004,3.7371000000000008,2.29128784747792,9.0,0.0,9.0,11.5,18698.0,Normal,Normal_021_window_013.csv,0
0.99,1.389208407691229,1.9299,1.705872210923198,8.0,0.0,8.0,9.5,9673.999999999998,Normal,Normal_022_window_001.csv,0
0.83,1.2087596948939023,1.4610999999999996,1.466287829861518,4.0,0.0,4.0,1.5,7417.999999999999,Normal,Normal_022_window_002.csv,0
0.62,1.074988372030135,1.1555999999999995,1.2409673645990855,4.0,0.0,4.0,11.5,5828.0,Normal,Normal_022_window_003.csv,0
0.75,1.0897247358851685,1.1875,1.3228756555322954,4.0,0.0,4.0,10.5,5938.0,Normal,Normal_022_window_004.csv,0
0.83,1.3195074838741914,1.7410999999999996,1.5588457268119895,8.0,0.0,8.0,1.0,8817.999999999998,Normal,Normal_022_window_005.csv,0
0.9,1.5524174696260025,2.4100000000000006,1.794435844492636,9.0,0.0,9.0,1.0,12337.999999999998,Normal,Normal_022_window_006.csv,0
1.07,1.5050249167372611,2.2651,1.8466185312619388,9.0,0.0,9.0,1.0,11469.999999999998,Normal,Normal_022_window_007.csv,0
1.0,1.2409673645990855,1.54,1.5937377450509227,5.0,0.0,5.0,1.0,7700.0,Normal,Normal_022_window_008.csv,0
1.05,1.49248115565993,2.2275,1.8248287590894656,9.0,0.0,9.0,1.0,11138.0,Normal,Normal_022_window_009.csv,0
1.2,1.6186414056238645,2.62,2.0149441679609885,9.0,0.0,9.0,1.0,13102.000000000002,Normal,Normal_022_window_010.csv,0
1.06,1.6841615124446945,2.8364,1.98997487421324,9.0,0.0,9.0,1.5,14253.999999999998,Normal,Normal_022_window_011.csv,0
0.84,1.5666524822052914,2.454400000000001,1.7776388834631178,9.0,0.0,9.0,1.0,12280.0,Normal,Normal_022_window_012.csv,0
0.98,1.6910351859142372,2.859599999999999,1.9544820285692064,9.0,0.0,9.0,20.5,14425.999999999998,Normal,Normal_022_window_013.csv,0
1.12,1.6141871019184857,2.6055999999999995,1.96468827043885,9.0,0.0,9.0,11.5,13036.0,Normal,Normal_023_window_001.csv,0
0.95,1.329473580030833,1.7674999999999996,1.6340134638368191,8.0,0.0,8.0,1.0,8897.999999999998,Normal,Normal_023_window_002.csv,0
0.83,1.6973803345155145,2.881099999999999,1.8894443627691184,12.0,0.0,12.0,1.0,14430.0,Normal,Normal_023_window_003.csv,0
0.88,1.930181338631166,3.725600000000001,2.1213203435596424,12.0,0.0,12.0,1.0,18700.0,Normal,Normal_023_window_004.csv,0
0.88,1.5954936540143303,2.5456,1.82208671582886,11.0,0.0,11.0,1.0,12760.0,Normal,Normal_023_window_005.csv,0
0.78,1.1539497389401323,1.3315999999999997,1.3928388277184118,4.0,0.0,4.0,1.0,6659.999999999999,Normal,Normal_023_window_006.csv,0
0.78,1.5203946855997623,2.3116,1.7088007490635062,9.0,0.0,9.0,21.5,11800.0,Normal,Normal_023_window_007.csv,0
0.67,1.4003928020380567,1.9611,1.5524174696260025,9.0,0.0,9.0,1.0,9950.0,Normal,Normal_023_window_008.csv,0
0.68,1.0380751417888785,1.0776,1.2409673645990855,4.0,0.0,4.0,1.0,5419.999999999999,Normal,Normal_023_window_009.csv,0
0.78,1.1625833303466897,1.3515999999999997,1.4,4.0,0.0,4.0,1.0,6766.000000000001,Normal,Normal_023_window_010.csv,0
0.9,1.2288205727444508,1.51,1.5231546211727816,5.0,0.0,5.0,5.5,7552.000000000001,Normal,Normal_023_window_011.csv,0
0.98,1.3998571355677691,1.9596,1.7088007490635062,8.0,0.0,8.0,1.0,9870.0,Normal,Normal_023_window_012.csv,0
1.08,1.6951696080333674,2.8736,2.009975124224178,9.0,0.0,9.0,11.5,14369.999999999998,Normal,Normal_023_window_013.csv,0
0.57,0.8972736483370053,0.8050999999999999,1.0630145812734648,5.0,0.0,5.0,20.5,4086.0,Normal,Normal_024_window_001.csv,0
0.87,1.1459057552870566,1.3131,1.4387494569938155,5.0,0.0,5.0,1.0,6569.999999999999,Normal,Normal_024_window_002.csv,0
0.98,1.2488394612599332,1.5596,1.5874507866387544,4.0,0.0,4.0,1.0,7896.0,Normal,Normal_024_window_003.csv,0
0.75,1.0523782589924593,1.1075,1.2922847983320085,4.0,0.0,4.0,1.0,5550.0,Normal,Normal_024_window_004.csv,0
0.61,0.904378239455152,0.8179000000000002,1.0908712114635717,4.0,0.0,4.0,4.0,4114.0,Normal,Normal_024_window_005.csv,0
0.69,1.2703936397825677,1.6139000000000003,1.445683229480096,8.0,0.0,8.0,1.0,8082.000000000001,Normal,Normal_024_window_006.csv,0
0.83,1.5169377047196104,2.3011,1.7291616465790582,8.0,0.0,8.0,1.0,11518.0,Normal,Normal_024_window_007.csv,0
1.0,1.47648230602334,2.18,1.783255450012701,8.0,0.0,8.0,1.0,10899.999999999998,Normal,Normal_024_window_008.csv,0
1.1,1.3820274961085253,1.91,1.7663521732655694,4.0,0.0,4.0,1.0,9582.000000000002,Normal,Normal_024_window_009.csv,0
0.88,1.2270289320142374,1.5056,1.5099668870541498,4.0,0.0,4.0,1.0,7625.999999999999,Normal,Normal_024_window_010.csv,0
0.7,0.99498743710662,0.99,1.2165525060596438,4.0,0.0,4.0,1.0,4952.0,Normal,Normal_024_window_011.csv,0
0.92,1.197330363767661,1.4335999999999995,1.5099668870541498,4.0,0.0,4.0,13.0,7176.0,Normal,Normal_024_window_012.csv,0
1.0,1.2569805089976536,1.58,1.606237840420901,5.0,0.0,5.0,13.5,7917.999999999999,Normal,Normal_024_window_013.csv,0
0.91,1.2813664581219537,1.6419,1.5716233645501712,8.0,0.0,8.0,1.0,8221.999999999998,Normal,Normal_025_window_001.csv,0
1.01,1.4247455913249916,2.0299,1.746424919657298,8.0,0.0,8.0,1.0,10210.0,Normal,Normal_025_window_002.csv,0
0.94,1.3843409984537771,1.9164000000000003,1.6733200530681511,8.0,0.0,8.0,17.0,9744.000000000002,Normal,Normal_025_window_003.csv,0
1.07,2.089282173379173,4.365100000000001,2.3473389188611,15.0,0.0,15.0,3.0,21886.0,Normal,Normal_025_window_004.csv,0
0.91,1.990452209926177,3.9619000000000018,2.188606862823929,15.0,0.0,15.0,10.0,19810.0,Normal,Normal_025_window_005.csv,0
0.83,1.2414104881142256,1.5411,1.493318452306808,4.0,0.0,4.0,1.0,7706.0,Normal,Normal_025_window_006.csv,0
0.95,1.3592277219068185,1.8475,1.6583123951777,4.0,0.0,4.0,1.0,9250.000000000002,Normal,Normal_025_window_007.csv,0
0.98,1.378259772321604,1.8996,1.6911534525287764,4.0,0.0,4.0,1.0,9548.000000000002,Normal,Normal_025_window_008.csv,0
0.98,1.2804686642007292,1.6396000000000002,1.61245154965971,4.0,0.0,4.0,1.0,8205.999999999998,Normal,Normal_025_window_009.csv,0
1.13,1.4328642643321106,2.0531,1.8248287590894656,6.0,0.0,6.0,1.0,10410.0,Normal,Normal_025_window_010.csv,0
1.02,1.3926952286842946,1.9396,1.7262676501632068,6.0,0.0,6.0,1.0,9730.000000000002,Normal,Normal_025_window_011.csv,0
0.89,1.3920847675339316,1.9379,1.6522711641858303,9.0,0.0,9.0,1.0,9729.999999999998,Normal,Normal_025_window_012.csv,0
1.16,1.7760630619434663,3.1544000000000008,2.1213203435596424,9.0,0.0,9.0,1.5,15899.999999999998,Normal,Normal_025_window_013.csv,0
0.76,1.0965400129498242,1.2024000000000004,1.3341664064126333,5.0,0.0,5.0,1.0,6140.000000000001,Normal,Normal_026_window_001.csv,0
0.75,1.2196310917650468,1.4875,1.4317821063276353,5.0,0.0,5.0,25.0,7802.000000000001,Normal,Normal_026_window_002.csv,0
0.69,1.1286717857729944,1.2739000000000005,1.3228756555322954,4.0,0.0,4.0,2.5,6454.0,Normal,Normal_026_window_003.csv,0
0.57,0.9407975340103736,0.8851,1.1,4.0,0.0,4.0,17.5,4509.999999999999,Normal,Normal_026_window_004.csv,0
0.65,0.9937303457175896,0.9875000000000002,1.1874342087037917,5.0,0.0,5.0,1.0,4941.999999999999,Normal,Normal_026_window_005.csv,0
0.67,1.0959470790143109,1.2011,1.284523257866513,5.0,0.0,5.0,1.0,6090.000000000001,Normal,Normal_026_window_006.csv,0
0.83,1.3568714014231416,1.8411,1.5905973720586866,5.0,0.0,5.0,1.0,9229.999999999998,Normal,Normal_026_window_007.csv,0
0.93,1.3583445807305303,1.8451,1.6462077633154328,5.0,0.0,5.0,1.0,9230.000000000002,Normal,Normal_026_window_008.csv,0
0.79,1.1339753083731583,1.2858999999999998,1.3820274961085253,5.0,0.0,5.0,10.5,6490.000000000002,Normal,Normal_026_window_009.csv,0
0.93,1.290387538687506,1.6650999999999998,1.5905973720586866,6.0,0.0,6.0,2.5,8366.0,Normal,Normal_026_window_010.csv,0
1.07,1.7677952370113457,3.1251,2.0663978319771825,9.0,0.0,9.0,1.0,15625.999999999996,Normal,Normal_026_window_011.csv,0
1.02,1.8164801127455263,3.2996,2.083266665599966,9.0,0.0,9.0,1.0,16506.000000000004,Normal,Normal_026_window_012.csv,0
1.02,1.7028211884986633,2.8996,1.9849433241279208,9.0,0.0,9.0,1.0,14530.0,Normal,Normal_026_window_013.csv,0
0.87,1.50103297765239,2.2531000000000008,1.7349351572897471,9.0,0.0,9.0,1.0,11278.0,Normal,Normal_027_window_001.csv,0
0.88,1.557433786714543,2.4256,1.7888543819998317,9.0,0.0,9.0,1.0,12199.999999999996,Normal,Normal_027_window_002.csv,0
0.83,1.3494813818649,1.8211,1.5842979517754858,8.0,0.0,8.0,1.0,9118.0,Normal,Normal_027_window_003.csv,0
0.95,1.6515144564913744,2.7275,1.905255888325765,8.0,0.0,8.0,17.5,13661.999999999998,Normal,Normal_027_window_004.csv,0
1.04,1.54220621189256,2.3784,1.8601075237738276,8.0,0.0,8.0,1.0,12020.0,Normal,Normal_027_window_005.csv,0
0.82,1.1435033887138246,1.3076000000000003,1.407124727947029,4.0,0.0,4.0,1.0,6540.000000000001,Normal,Normal_027_window_006.csv,0
0.65,1.023474474522936,1.0475,1.2124355652982142,4.0,0.0,4.0,15.5,5238.000000000001,Normal,Normal_027_window_007.csv,0
0.78,1.43234074158351,2.051599999999999,1.6309506430300091,8.0,0.0,8.0,1.0,10265.999999999998,Normal,Normal_027_window_008.csv,0
0.78,1.5138031576133006,2.2916,1.70293863659264,8.0,0.0,8.0,21.5,11508.0,Normal,Normal_027_window_009.csv,0
0.91,1.4006784070585223,1.9619,1.6703293088490063,8.0,0.0,8.0,6.5,9810.0,Normal,Normal_027_window_010.csv,0
1.05,1.4722431864335457,2.1675,1.8083141320025125,5.0,0.0,5.0,6.0,10862.0,Normal,Normal_027_window_011.csv,0
1.02,1.536098955145794,2.3596,1.8439088914585773,9.0,0.0,9.0,25.0,12190.000000000002,Normal,Normal_027_window_012.csv,0
0.97,1.7289013852733184,2.9891,1.982422760159901,9.0,0.0,9.0,10.5,15089.999999999998,Normal,Normal_027_window_013.csv,0
1.19,2.0233388248140742,4.0939,2.3473389188611,9.0,0.0,9.0,1.0,20482.0,Normal,Normal_028_window_001.csv,0
1.34,2.0110693672770217,4.0444,2.4166091947189146,9.0,0.0,9.0,1.0,20560.000000000004,Normal,Normal_028_window_002.csv,0
1.05,1.6992645467966432,2.887500000000001,1.997498435543818,9.0,0.0,9.0,1.0,14750.0,Normal,Normal_028_window_003.csv,0
0.79,1.4442645187083978,2.0859,1.6462077633154328,9.0,0.0,9.0,1.0,10434.0,Normal,Normal_028_window_004.csv,0
0.79,1.1941105476462386,1.4258999999999995,1.4317821063276353,8.0,0.0,8.0,1.0,7133.999999999999,Normal,Normal_028_window_005.csv,0
0.9,1.315294643796591,1.7300000000000002,1.5937377450509227,8.0,0.0,8.0,1.0,8722.0,Normal,Normal_028_window_006.csv,0
0.92,1.585433694608513,2.5135999999999994,1.833030277982336,9.0,0.0,9.0,1.0,12600.0,Normal,Normal_028_window_007.csv,0
1.05,1.904599695474091,3.6275,2.1748563170931545,9.0,0.0,9.0,1.0,18137.999999999996,Normal,Normal_028_window_008.csv,0
1.1,1.824828759089466,3.330000000000001,2.130727575266252,9.0,0.0,9.0,1.0,16682.000000000004,Normal,Normal_028_window_009.csv,0
1.02,1.6123275101541872,2.599600000000001,1.9078784028338915,9.0,0.0,9.0,11.5,13016.000000000004,Normal,Normal_028_window_010.csv,0
0.89,1.3848826665100549,1.9179,1.6462077633154328,8.0,0.0,8.0,1.0,9614.0,Normal,Normal_028_window_011.csv,0
0.8,1.131370849898476,1.28,1.3856406460551018,5.0,0.0,5.0,1.0,6432.0,Normal,Normal_028_window_012.csv,0
0.92,1.3317657451669191,1.7735999999999996,1.6186414056238645,8.0,0.0,8.0,1.5,8870.0,Normal,Normal_028_window_013.csv,0
0.97,1.3450278807519196,1.8091,1.6583123951777,5.0,0.0,5.0,1.0,9050.0,Normal,Normal_029_window_001.csv,0
0.89,1.3920847675339316,1.9379000000000004,1.6522711641858303,8.0,0.0,8.0,1.0,9702.0,Normal,Normal_029_window_002.csv,0
0.82,1.6515447314559784,2.7276,1.8439088914585773,9.0,0.0,9.0,2.5,13925.999999999998,Normal,Normal_029_window_003.csv,0
1.0,1.8601075237738276,3.46,2.1118712081942874,9.0,0.0,9.0,1.0,17812.0,Normal,Normal_029_window_004.csv,0
0.96,1.5869467539901898,2.5184,1.8547236990991407,8.0,0.0,8.0,1.0,12600.0,Normal,Normal_029_window_005.csv,0
0.68,1.147867588182539,1.3176,1.3341664064126333,4.0,0.0,4.0,19.0,6637.999999999998,Normal,Normal_029_window_006.csv,0
0.66,1.1155267813907472,1.2444,1.296148139681572,4.0,0.0,4.0,1.0,6240.0,Normal,Normal_029_window_007.csv,0
0.86,1.3857849761056005,1.9204,1.6309506430300091,9.0,0.0,9.0,17.5,9634.0,Normal,Normal_029_window_008.csv,0
0.92,1.4330387294138287,2.0536000000000003,1.70293863659264,9.0,0.0,9.0,1.0,10285.999999999998,Normal,Normal_029_window_009.csv,0
1.02,1.4140721339450826,1.9996,1.743559577416269,9.0,0.0,9.0,1.0,10096.0,Normal,Normal_029_window_010.csv,0
1.17,1.7265862272125303,2.9811,2.085665361461421,9.0,0.0,9.0,1.5,15049.999999999996,Normal,Normal_029_window_011.csv,0
1.05,1.5644487847162014,2.4475,1.8841443681416767,9.0,0.0,9.0,24.0,12278.0,Normal,Normal_029_window_012.csv,0
0.83,1.1229870880824944,1.2611,1.396424004376894,4.0,0.0,4.0,10.5,6449.999999999999,Normal,Normal_029_window_013.csv,0
0.74,1.064142847553842,1.1324,1.296148139681572,4.0,0.0,4.0,1.0,5694.0,Normal,Normal_030_window_001.csv,0
0.82,1.0618851161966627,1.1275999999999995,1.3416407864998738,4.0,0.0,4.0,1.0,5688.0,Normal,Normal_030_window_002.csv,0
0.83,1.0775435026020992,1.1611000000000002,1.3601470508735445,4.0,0.0,4.0,1.0,5809.999999999999,Normal,Normal_030_window_003.csv,0
1.0,1.3856406460551018,1.92,1.7088007490635062,8.0,0.0,8.0,1.0,9608.0,Normal,Normal_030_window_004.csv,0
1.21,1.4580466384858886,2.1259,1.8947295321496416,8.0,0.0,8.0,1.0,10629.999999999998,Normal,Normal_030_window_005.csv,0
0.95,1.2278029157808674,1.5075,1.5524174696260025,5.0,0.0,5.0,0.5,7717.999999999999,Normal,Normal_030_window_006.csv,0
0.76,1.2893409169028958,1.6624,1.4966629547095769,8.0,0.0,8.0,25.0,8824.0,Normal,Normal_030_window_007.csv,0
0.92,1.6951696080333674,2.8736,1.9287301521985911,8.0,0.0,8.0,4.0,14386.0,Normal,Normal_030_window_008.csv,0
0.86,1.5557634781675524,2.4204000000000003,1.7776388834631178,8.0,0.0,8.0,4.5,12174.0,Normal,Normal_030_window_009.csv,0
0.61,1.0382196299434914,1.0779,1.2041594578792296,5.0,0.0,5.0,4.0,5402.000000000001,Normal,Normal_030_window_010.csv,0
0.81,1.1635720862928949,1.3539,1.4177446878757824,5.0,0.0,5.0,11.5,6782.0,Normal,Normal_030_window_011.csv,0
79.61,207.034388206404,42863.2379,221.81296174930804,1023.0,0.0,1023.0,13.5,219062470.0,Severe_Fault,Severe_Fault_001_window_001.csv,3
81.49,211.7351881478371,44831.78989999998,226.87531818159508,792.0,0.0,792.0,7.0,228098574.0,Severe_Fault,Severe_Fault_001_window_002.csv,3
100.82,240.6248274804576,57900.30759999999,260.89265991974554,876.0,0.0,876.0,6.0,289509988.00000006,Severe_Fault,Severe_Fault_001_window_003.csv,3
96.24,237.80412612063736,56550.8024,256.5403282137138,876.0,0.0,876.0,6.0,284324003.99999994,Severe_Fault,Severe_Fault_001_window_004.csv,3
71.65,199.9849681851114,39993.98750000002,212.4328364448397,873.0,0.0,873.0,6.0,201646218.00000003,Severe_Fault,Severe_Fault_001_window_005.csv,3
72.73,195.42256036599252,38189.9771,208.5176970906786,846.0,0.0,846.0,12.5,196260426.0,Severe_Fault,Severe_Fault_001_window_006.csv,3
78.0,208.08599183991217,43299.78,222.22461609821715,846.0,0.0,846.0,6.5,216529652.0,Severe_Fault,Severe_Fault_001_window_007.csv,3
98.71,233.9985168756417,54755.30589999999,253.9664741653906,812.0,0.0,812.0,6.0,273805089.99999994,Severe_Fault,Severe_Fault_001_window_008.csv,3
104.34,242.78106268817592,58942.644400000005,264.2526821055937,900.0,0.0,900.0,5.5,295442854.0,Severe_Fault,Severe_Fault_001_window_009.csv,3
97.11,234.4451703490605,54964.5379,253.7614824988221,900.0,0.0,900.0,6.0,286080202.0,Severe_Fault,Severe_Fault_001_window_010.csv,3
101.76,239.05706933701,57148.2824,259.8141258669359,847.0,0.0,847.0,6.0,287681861.99999994,Severe_Fault,Severe_Fault_001_window_011.csv,3
110.48,249.63479244688637,62317.529600000016,272.9896701342379,859.0,0.0,859.0,6.0,313200455.99999994,Severe_Fault,Severe_Fault_001_window_012.csv,3
80.7,219.9610192738704,48382.85,234.29754586849603,918.0,0.0,918.0,7.0,241924050.0,Severe_Fault,Severe_Fault_002_window_001.csv,3
82.62,234.2498145143342,54872.975599999976,248.3929145527304,918.0,0.0,918.0,6.5,274382928.0,Severe_Fault,Severe_Fault_002_window_002.csv,3
74.74,216.72829164647607,46971.152399999984,229.2536150205706,927.0,0.0,927.0,6.5,242305562.0,Severe_Fault,Severe_Fault_002_window_003.csv,3
84.81,224.74157136586905,50508.773900000015,240.21138607484863,927.0,0.0,927.0,6.0,252656682.0000001,Severe_Fault,Severe_Fault_002_window_004.csv,3
79.2,219.3501310690285,48114.47999999999,233.21046288706688,916.0,0.0,916.0,12.5,244777400.0,Severe_Fault,Severe_Fault_002_window_005.csv,3
71.39,207.63963470397465,43114.21790000002,219.56946509020784,809.0,0.0,809.0,6.5,218109094.00000003,Severe_Fault,Severe_Fault_002_window_006.csv,3
86.18,232.5026614901429,54057.4876,247.9606420382073,956.0,0.0,956.0,6.0,272530399.99999994,Severe_Fault,Severe_Fault_002_window_007.csv,3
100.52,247.83718365087995,61423.26959999999,267.4463310647577,956.0,0.0,956.0,6.0,311103836.00000006,Severe_Fault,Severe_Fault_002_window_008.csv,3
94.22,236.66121693255957,56008.5316,254.7271873985971,892.0,0.0,892.0,6.0,284748969.99999994,Severe_Fault,Severe_Fault_002_window_009.csv,3
93.27,236.2791931169564,55827.85709999998,254.02194787065156,894.0,0.0,894.0,6.0,279790226.0,Severe_Fault,Severe_Fault_002_window_010.csv,3
107.7,247.37520085893817,61194.49,269.80322459155303,894.0,0.0,894.0,6.0,309254372.0,Severe_Fault,Severe_Fault_002_window_011.csv,3
102.8,251.4652262242237,63234.76,271.6663394681056,942.0,0.0,942.0,11.5,320297991.99999994,Severe_Fault,Severe_Fault_002_window_012.csv,3
88.68,242.84406025266503,58973.2376,258.52926333395993,942.0,0.0,942.0,6.0,294874125.99999994,Severe_Fault,Severe_Fault_002_window_013.csv,3
133.27,272.7450038039195,74389.83710000003,303.5633871203838,911.0,0.0,911.0,6.5,374093706.00000006,Severe_Fault,Severe_Fault_003_window_001.csv,3
119.97,257.7586256558643,66439.50909999998,284.3102354822984,951.0,0.0,951.0,6.5,333327049.99999994,Severe_Fault,Severe_Fault_003_window_002.csv,3
93.99,225.5760401727098,50884.54989999998,244.37403708250187,951.0,0.0,951.0,12.5,259349410.0,Severe_Fault,Severe_Fault_003_window_003.csv,3
91.43,223.4663847203869,49937.22509999998,241.4470335290952,916.0,0.0,916.0,6.0,255294026.0,Severe_Fault,Severe_Fault_003_window_004.csv,3
101.08,253.31710088345795,64169.553600000014,272.73928943223416,994.0,0.0,994.0,6.0,324093920.0,Severe_Fault,Severe_Fault_003_window_005.csv,3
95.9,252.3420496072741,63676.51,269.9505880712246,994.0,0.0,994.0,6.0,323867222.0,Severe_Fault,Severe_Fault_003_window_006.csv,3
107.55,264.0903396567167,69743.7075,285.1503287741398,918.0,0.0,918.0,6.0,350929842.0,Severe_Fault,Severe_Fault_003_window_007.csv,3
108.72,267.496096420116,71554.16159999998,288.7459090619294,908.0,0.0,908.0,6.0,358845386.0,Severe_Fault,Severe_Fault_003_window_008.csv,3
107.73,264.7753332544404,70105.97709999997,285.8526368603235,891.0,0.0,891.0,6.0,351290030.00000006,Severe_Fault,Severe_Fault_003_window_009.csv,3
97.5,254.6980368985988,64871.09,272.7220929811151,852.0,0.0,852.0,5.5,325119298.0,Severe_Fault,Severe_Fault_003_window_010.csv,3
101.08,260.6228570175686,67924.27360000001,279.5379044065402,884.0,0.0,884.0,6.0,339845817.99999994,Severe_Fault,Severe_Fault_003_window_011.csv,3
111.07,272.48630259152486,74248.78510000004,294.2538529909167,1023.0,0.0,1023.0,6.0,371597566.0,Severe_Fault,Severe_Fault_003_window_012.csv,3
116.07,268.4619248608637,72071.80510000003,292.47914455564177,1023.0,0.0,1023.0,5.5,360678226.0,Severe_Fault,Severe_Fault_003_window_013.csv,3
63.21,201.83876213453155,40738.8859,211.5050590411492,935.0,0.0,935.0,6.5,205748794.0,Severe_Fault,Severe_Fault_004_window_001.csv,3
70.29,211.35341468734308,44670.265900000006,222.73515663226584,923.0,0.0,923.0,6.0,236918170.0,Severe_Fault,Severe_Fault_004_window_002.csv,3
58.76,180.3920242139325,32541.28240000001,189.7209002719521,923.0,0.0,923.0,6.0,165383710.0,Severe_Fault,Severe_Fault_004_window_003.csv,3
89.21,220.358131004962,48557.70590000001,237.7312137688276,827.0,0.0,827.0,6.5,243099790.00000003,Severe_Fault,Severe_Fault_004_window_004.csv,3
108.04,244.8806207113989,59966.51840000001,267.6549270983069,827.0,0.0,827.0,6.0,309849880.0,Severe_Fault,Severe_Fault_004_window_005.csv,3
88.09,220.14000522394835,48461.621900000006,237.11067036301847,885.0,0.0,885.0,6.0,247418514.0000001,Severe_Fault,Severe_Fault_004_window_006.csv,3
88.76,223.9897372649024,50171.40240000001,240.93513649943213,885.0,0.0,885.0,5.5,250857212.0000001,Severe_Fault,Severe_Fault_004_window_007.csv,3
91.0,230.7665053685218,53253.18,248.06083931164952,832.0,0.0,832.0,5.5,267555517.99999997,Severe_Fault,Severe_Fault_004_window_008.csv,3
83.36,217.86277883107985,47464.19040000001,233.26611412719168,832.0,0.0,832.0,5.5,237908480.0,Severe_Fault,Severe_Fault_004_window_009.csv,3
87.89,223.22571066075696,49829.71789999998,239.90491866570807,858.0,0.0,858.0,5.5,252753202.00000003,Severe_Fault,Severe_Fault_004_window_010.csv,3
97.41,246.3257231796956,60676.36190000003,264.8869003933566,896.0,0.0,896.0,5.5,303754193.99999994,Severe_Fault,Severe_Fault_004_window_011.csv,3
78.29,220.87350655975013,48785.10589999998,234.3382811236781,896.0,0.0,896.0,5.5,243930430.00000003,Severe_Fault,Severe_Fault_004_window_012.csv,3
81.55,213.50711346463376,45585.28749999999,228.5512852731308,949.0,0.0,949.0,6.0,228050938.0,Severe_Fault,Severe_Fault_004_window_013.csv,3
106.74,244.26426754644245,59665.0324,266.56792755318486,949.0,0.0,949.0,11.5,298847404.00000006,Severe_Fault,Severe_Fault_004_window_014.csv,3
92.02,246.58925280717324,60806.25959999999,263.1994300905684,932.0,0.0,932.0,6.5,308531298.00000006,Severe_Fault,Severe_Fault_005_window_001.csv,3
101.33,258.68208500010195,66916.42109999998,277.82042761467346,932.0,0.0,932.0,6.5,335293729.99999994,Severe_Fault,Severe_Fault_005_window_002.csv,3
90.26,244.43062901363243,59746.33240000002,260.5632360867511,962.0,0.0,962.0,6.5,308847664.0,Severe_Fault,Severe_Fault_005_window_003.csv,3
98.4,254.86886824404425,64958.13999999999,273.20450215909693,962.0,0.0,962.0,25.0,358723022.00000006,Severe_Fault,Severe_Fault_005_window_004.csv,3
83.19,242.1595628919081,58641.2539,256.0504442487847,978.0,0.0,978.0,12.5,304012870.0,Severe_Fault,Severe_Fault_005_window_005.csv,3
89.22,246.89728957605016,60958.27159999997,262.5232942045334,978.0,0.0,978.0,6.0,307916357.99999994,Severe_Fault,Severe_Fault_005_window_006.csv,3
96.34,250.5739898712554,62787.32440000001,268.4561789193909,924.0,0.0,924.0,6.0,315219823.99999994,Severe_Fault,Severe_Fault_005_window_007.csv,3
104.75,263.359996013062,69358.4875,283.42732754623364,924.0,0.0,924.0,6.0,346813861.99999994,Severe_Fault,Severe_Fault_005_window_008.csv,3
112.16,282.21412863285207,79644.81439999999,303.6851659202339,914.0,0.0,914.0,5.5,398855760.00000006,Severe_Fault,Severe_Fault_005_window_009.csv,3
101.69,267.8052910231611,71719.67390000001,286.4620917329202,914.0,0.0,914.0,5.5,360014613.9999998,Severe_Fault,Severe_Fault_005_window_010.csv,3
98.67,259.6764546507827,67431.86110000001,277.79062259190823,972.0,0.0,972.0,5.5,337545626.0,Severe_Fault,Severe_Fault_005_window_011.csv,3
88.08,248.088801843211,61548.05360000002,263.26059332911944,972.0,0.0,972.0,5.5,307889325.99999994,Severe_Fault,Severe_Fault_005_window_012.csv,3
81.16,229.67858933736076,52752.2544,243.5963874937393,870.0,0.0,870.0,5.5,264159104.0000001,Severe_Fault,Severe_Fault_005_window_013.csv,3
27.53,122.1402845092478,14918.2491,125.20443282887392,886.0,0.0,886.0,17.0,74808386.00000001,Severe_Fault,Severe_Fault_006_window_001.csv,3
68.99,217.3593105896317,47245.06989999998,228.04536829324115,1023.0,0.0,1023.0,6.5,236978114.0,Severe_Fault,Severe_Fault_006_window_002.csv,3
85.05,235.81091471770347,55606.78750000002,250.6796561350761,1023.0,0.0,1023.0,12.5,288317050.0,Severe_Fault,Severe_Fault_006_window_003.csv,3
79.36,227.6055148716744,51804.27040000001,241.04414533441795,1023.0,0.0,1023.0,12.5,271883944.0,Severe_Fault,Severe_Fault_006_window_004.csv,3
78.2,238.95941077932045,57101.600000000006,251.42959253039407,1023.0,0.0,1023.0,12.5,290444081.99999994,Severe_Fault,Severe_Fault_006_window_005.csv,3
75.73,231.10382320506943,53408.97709999999,243.19541525283736,907.0,0.0,907.0,6.0,267605626.0,Severe_Fault,Severe_Fault_006_window_006.csv,3
87.88,246.0083852229432,60520.12560000001,261.23365020609424,1023.0,0.0,1023.0,6.0,302826420.0,Severe_Fault,Severe_Fault_006_window_007.csv,3
55.31,202.06918097522936,40831.95389999999,209.50214796034908,1023.0,0.0,1023.0,18.0,204929810.0,Severe_Fault,Severe_Fault_006_window_008.csv,3
45.56,192.71602528072236,37139.466400000005,198.0282303107312,1015.0,0.0,1015.0,5.5,188086630.00000003,Severe_Fault,Severe_Fault_006_window_009.csv,3
73.01,249.1526237068356,62077.0299,259.62952451522153,1023.0,0.0,1023.0,5.5,311625462.0,Severe_Fault,Severe_Fault_006_window_010.csv,3
76.98,242.6928091229734,58899.79959999999,254.608955066392,1023.0,0.0,1023.0,5.5,296373046.0,Severe_Fault,Severe_Fault_006_window_011.csv,3
84.59,249.1524872442577,62076.9619,263.1205617202882,1023.0,0.0,1023.0,6.0,310539933.99999994,Severe_Fault,Severe_Fault_006_window_012.csv,3
102.68,274.05291021990627,75104.99760000002,292.65710310874056,1023.0,0.0,1023.0,11.0,384119646.0,Severe_Fault,Severe_Fault_006_window_013.csv,3
64.03,213.5402282943427,45599.4291,222.9333308413078,933.0,0.0,933.0,7.5,230903606.00000003,Severe_Fault,Severe_Fault_007_window_001.csv,3
67.4,226.68462673944163,51385.91999999999,236.49245231085072,1014.0,0.0,1014.0,16.0,257047698.0,Severe_Fault,Severe_Fault_007_window_002.csv,3
68.15,219.06306740297416,47988.6275,229.4189399330404,1014.0,0.0,1014.0,7.5,241389838.0,Severe_Fault,Severe_Fault_007_window_003.csv,3
68.64,215.77106015404385,46557.15040000001,226.42570525450503,968.0,0.0,968.0,7.0,234449240.0,Severe_Fault,Severe_Fault_007_window_004.csv,3
55.53,196.59142682222944,38648.18909999999,204.28355293561933,962.0,0.0,962.0,6.5,198848846.00000003,Severe_Fault,Severe_Fault_007_window_005.csv,3
61.14,214.6130480655825,46058.76040000001,223.15210059508735,1023.0,0.0,1023.0,6.5,239122204.0,Severe_Fault,Severe_Fault_007_window_006.csv,3
73.68,229.71803934388785,52770.3776,241.24493777072297,1023.0,0.0,1023.0,6.0,264973890.0,Severe_Fault,Severe_Fault_007_window_007.csv,3
86.88,247.4510165669157,61232.0056,262.2596804695682,879.0,0.0,879.0,6.0,307649566.0,Severe_Fault,Severe_Fault_007_window_008.csv,3
92.15,260.46621182026666,67842.64750000002,276.28657223976705,1022.0,0.0,1022.0,6.0,355773250.0,Severe_Fault,Severe_Fault_007_window_009.csv,3
88.15,251.9897368941839,63498.82750000002,266.9630124193237,1022.0,0.0,1022.0,6.0,324461782.00000006,Severe_Fault,Severe_Fault_007_window_010.csv,3
74.24,227.3240031320934,51676.2024,239.1396663040241,965.0,0.0,965.0,6.0,258409333.99999997,Severe_Fault,Severe_Fault_007_window_011.csv,3
89.01,240.5324716124624,57855.869900000005,256.47348790859456,965.0,0.0,965.0,6.0,291415594.0,Severe_Fault,Severe_Fault_007_window_012.csv,3
74.79,223.8976683666,50130.1659,236.05870032684663,896.0,0.0,896.0,6.0,250695530.00000003,Severe_Fault,Severe_Fault_007_window_013.csv,3
73.41,230.39210468243044,53080.52189999999,241.8047766277581,1023.0,0.0,1023.0,6.5,268980422.0,Severe_Fault,Severe_Fault_008_window_001.csv,3
64.09,209.33041322273263,43819.2219,218.9217896875503,1023.0,0.0,1023.0,6.5,225113090.0,Severe_Fault,Severe_Fault_008_window_002.csv,3
77.9,231.90344973716975,53779.21000000003,244.63773216738252,1014.0,0.0,1014.0,6.0,275426548.0,Severe_Fault,Severe_Fault_008_window_003.csv,3
54.67,194.9390189264325,38001.22110000001,202.45994665612255,1014.0,0.0,1014.0,11.5,190860230.00000003,Severe_Fault,Severe_Fault_008_window_004.csv,3
66.35,203.50245084519247,41413.24749999998,214.04571941526885,987.0,0.0,987.0,6.0,207416522.0,Severe_Fault,Severe_Fault_008_window_005.csv,3
89.3,237.84349896518088,56569.530000000006,254.05515149274183,997.0,0.0,997.0,6.0,283700468.00000006,Severe_Fault,Severe_Fault_008_window_006.csv,3
97.38,252.82736323428284,63921.6756,270.9327222762138,997.0,0.0,997.0,6.0,319612610.0,Severe_Fault,Severe_Fault_008_window_007.csv,3
117.74,272.87186076984926,74459.05240000002,297.18977102181697,859.0,0.0,859.0,6.0,372301760.0,Severe_Fault,Severe_Fault_008_window_008.csv,3
124.86,280.2195218038886,78522.9804,306.7784216661922,885.0,0.0,885.0,6.0,392615480.0,Severe_Fault,Severe_Fault_008_window_009.csv,3
114.55,277.5780025506344,77049.54749999999,300.2852810245617,973.0,0.0,973.0,5.5,386260202.00000006,Severe_Fault,Severe_Fault_008_window_010.csv,3
109.58,268.8139200264748,72260.92359999998,290.29071635172903,975.0,0.0,975.0,5.5,361611946.0,Severe_Fault,Severe_Fault_008_window_011.csv,3
102.06,255.6978224389093,65381.3764,275.3136756501573,975.0,0.0,975.0,5.5,327496580.00000006,Severe_Fault,Severe_Fault_008_window_012.csv,3
114.87,273.4206522923973,74758.85310000001,296.57034578662785,944.0,0.0,944.0,11.5,375009506.0,Severe_Fault,Severe_Fault_008_window_013.csv,3
68.73,216.36926098686016,46815.65710000001,227.02306050267228,1023.0,0.0,1023.0,6.5,240213790.0,Severe_Fault,Severe_Fault_009_window_001.csv,3
65.65,208.18459957451225,43340.82750000001,218.29051743032724,970.0,0.0,970.0,6.0,216712458.0,Severe_Fault,Severe_Fault_009_window_002.csv,3
60.56,206.2541306253041,42540.76640000001,214.96111276228544,982.0,0.0,982.0,18.5,212756970.0,Severe_Fault,Severe_Fault_009_window_003.csv,3
96.12,254.49547265128317,64767.9456,272.0422761263403,1023.0,0.0,1023.0,6.0,331823736.0,Severe_Fault,Severe_Fault_009_window_004.csv,3
92.39,237.4813211602126,56397.37790000003,254.8201130209309,1023.0,0.0,1023.0,6.0,284008949.99999994,Severe_Fault,Severe_Fault_009_window_005.csv,3
91.28,240.8979900289747,58031.8416,257.6118786081108,927.0,0.0,927.0,11.5,292013946.00000006,Severe_Fault,Severe_Fault_009_window_006.csv,3
110.32,268.7807240112282,72243.0776,290.54015213047575,927.0,0.0,927.0,11.5,361798588.0,Severe_Fault,Severe_Fault_009_window_007.csv,3
91.0,244.22026942905453,59643.54,260.62336810040654,903.0,0.0,903.0,5.5,298713708.0,Severe_Fault,Severe_Fault_009_window_008.csv,3
101.37,259.3516398637186,67263.27309999999,278.4585247393227,1014.0,0.0,1014.0,5.5,339094090.0,Severe_Fault,Severe_Fault_009_window_009.csv,3
98.99,248.90425850113533,61953.3299,267.8662912723436,1014.0,0.0,1014.0,6.0,310660434.0,Severe_Fault,Severe_Fault_009_window_010.csv,3
84.45,224.7719010463719,50522.4075,240.11291093983263,894.0,0.0,894.0,6.0,252612798.0,Severe_Fault,Severe_Fault_009_window_011.csv,3
76.78,226.62597291572732,51359.33159999999,239.27912570886747,1023.0,0.0,1023.0,6.5,259418708.00000003,Severe_Fault,Severe_Fault_009_window_012.csv,3
73.79,227.56723380135375,51786.845900000015,239.231707764669,1023.0,0.0,1023.0,5.5,259050874.0,Severe_Fault,Severe_Fault_009_window_013.csv,3
73.57,223.9829571641557,50168.36510000001,235.75603915912737,982.0,0.0,982.0,6.5,251584806.0000001,Severe_Fault,Severe_Fault_010_window_001.csv,3
85.8,213.61048663396656,45629.44,230.19791484720272,860.0,0.0,860.0,6.5,230437000.00000003,Severe_Fault,Severe_Fault_010_window_002.csv,3
110.9,264.4747435956787,69946.89,286.78511118954555,910.0,0.0,910.0,12.5,358271162.00000006,Severe_Fault,Severe_Fault_010_window_003.csv,3
112.82,277.6562759960596,77093.00760000004,299.7021187779626,910.0,0.0,910.0,6.0,391150230.00000006,Severe_Fault,Severe_Fault_010_window_004.csv,3
115.18,272.4907477328358,74251.20759999998,295.8338046944602,903.0,0.0,903.0,6.0,372479086.0,Severe_Fault,Severe_Fault_010_window_005.csv,3
102.93,259.50935455200835,67345.10509999999,279.1768077760042,903.0,0.0,903.0,5.5,339363629.99999994,Severe_Fault,Severe_Fault_010_window_006.csv,3
98.12,255.03310687046107,65041.885600000016,273.2570584632719,990.0,0.0,990.0,5.5,326564086.0,Severe_Fault,Severe_Fault_010_window_007.csv,3
97.9,256.24478531279425,65661.39000000001,274.30967901260794,990.0,0.0,990.0,10.5,328391000.00000006,Severe_Fault,Severe_Fault_010_window_008.csv,3
97.02,250.2132682333213,62606.6796,268.3646027329238,1023.0,0.0,1023.0,5.0,313819656.00000006,Severe_Fault,Severe_Fault_010_window_009.csv,3
120.23,272.1320949465535,74055.87709999998,297.5082015676207,1023.0,0.0,1023.0,5.0,370399926.0,Severe_Fault,Severe_Fault_010_window_010.csv,3
119.06,281.47564086435614,79228.53639999998,305.6203854457356,1023.0,0.0,1023.0,5.5,399957004.00000006,Severe_Fault,Severe_Fault_010_window_011.csv,3
106.88,269.4364964142757,72596.02560000002,289.86093217265415,1023.0,0.0,1023.0,11.5,368598080.0,Severe_Fault,Severe_Fault_010_window_012.csv,3
108.35,267.9690420552344,71807.4075,289.0452040771478,895.0,0.0,895.0,5.5,359399138.00000006,Severe_Fault,Severe_Fault_010_window_013.csv,3
23.04,115.0432023198242,13234.9384,117.3276608477302,1005.0,0.0,1005.0,7.5,66422499.99999999,Severe_Fault,Severe_Fault_011_window_001.csv,3
24.99,142.46364413421412,20295.8899,144.6388260461208,1005.0,0.0,1005.0,25.0,104390734.0,Severe_Fault,Severe_Fault_011_window_002.csv,3
23.89,143.5864823024786,20617.0779,145.56033113455052,1023.0,0.0,1023.0,22.0,103142850.0,Severe_Fault,Severe_Fault_011_window_003.csv,3
29.9,142.11421463034586,20196.450000000004,145.22554871647068,1023.0,0.0,1023.0,6.0,101561138.0,Severe_Fault,Severe_Fault_011_window_004.csv,3
42.56,159.17250516342327,25335.886400000003,164.76419513959942,875.0,0.0,875.0,6.0,126932904.00000004,Severe_Fault,Severe_Fault_011_window_005.csv,3
52.28,192.9976725248261,37248.101600000016,199.9532445348162,1023.0,0.0,1023.0,6.0,186376750.00000003,Severe_Fault,Severe_Fault_011_window_006.csv,3
68.92,224.9247732020642,50591.15360000001,235.24693409266783,1023.0,0.0,1023.0,5.5,253098346.00000003,Severe_Fault,Severe_Fault_011_window_007.csv,3
61.4,207.4583331659637,43038.95999999999,216.3536919028654,909.0,0.0,909.0,5.5,215416578.00000003,Severe_Fault,Severe_Fault_011_window_008.csv,3
50.67,181.3944902691369,32903.9611,188.33855155012745,899.0,0.0,899.0,11.5,165150370.00000003,Severe_Fault,Severe_Fault_011_window_009.csv,3
65.45,219.35698643991253,48117.48749999997,228.91306210000337,994.0,0.0,994.0,12.0,241068618.0,Severe_Fault,Severe_Fault_011_window_010.csv,3
81.28,248.559613775046,61781.88160000002,261.5116058610019,1023.0,0.0,1023.0,6.0,315548775.99999994,Severe_Fault,Severe_Fault_011_window_011.csv,3
86.03,253.32060536008512,64171.3291,267.5303534180748,1023.0,0.0,1023.0,5.5,324450526.0000001,Severe_Fault,Severe_Fault_011_window_012.csv,3
90.77,263.7205284008054,69548.51710000001,278.90448185714047,1004.0,0.0,1004.0,5.5,348292785.99999994,Severe_Fault,Severe_Fault_011_window_013.csv,3
71.83,224.2937384324404,50307.6811,235.51481906665663,960.0,0.0,960.0,6.5,255207746.0,Severe_Fault,Severe_Fault_012_window_001.csv,3
56.32,190.775725919206,36395.37760000001,198.9153588841244,960.0,0.0,960.0,6.5,182647370.0,Severe_Fault,Severe_Fault_012_window_002.csv,3
26.6,119.93464887179184,14384.320000000002,122.8490130200483,754.0,0.0,754.0,18.5,71959138.0,Severe_Fault,Severe_Fault_012_window_003.csv,3
67.06,218.57423544416213,47774.696400000015,228.6301379958469,997.0,0.0,997.0,6.0,239375484.00000003,Severe_Fault,Severe_Fault_012_window_004.csv,3
88.46,254.70243108380413,64873.32839999999,269.62659364387633,997.0,0.0,997.0,5.5,324702842.0,Severe_Fault,Severe_Fault_012_window_005.csv,3
69.88,220.6267563102898,48676.16560000001,231.42899559044025,972.0,0.0,972.0,6.0,244880740.0,Severe_Fault,Severe_Fault_012_window_006.csv,3
84.85,237.99804095832383,56643.06749999999,252.67091245333324,986.0,0.0,986.0,6.0,290041849.99999994,Severe_Fault,Severe_Fault_012_window_007.csv,3
104.8,269.6264082021641,72698.40000000002,289.2774446789794,1023.0,0.0,1023.0,6.0,369177192.0,Severe_Fault,Severe_Fault_012_window_008.csv,3
80.69,237.27514387309927,56299.49389999999,250.61997127124567,1023.0,0.0,1023.0,6.0,287759730.0,Severe_Fault,Severe_Fault_012_window_009.csv,3
78.7,233.7800461972749,54653.10999999999,246.6714413952292,898.0,0.0,898.0,5.5,273765550.0,Severe_Fault,Severe_Fault_012_window_010.csv,3
83.78,245.4950744923409,60267.831600000005,259.3972243490666,886.0,0.0,886.0,5.5,301441310.0,Severe_Fault,Severe_Fault_012_window_011.csv,3
86.71,254.0209949984449,64526.66589999998,268.41253696502326,955.0,0.0,955.0,5.5,323930989.99999994,Severe_Fault,Severe_Fault_012_window_012.csv,3
93.31,263.4313457051002,69396.07390000002,279.4688354718644,955.0,0.0,955.0,17.0,347640470.00000006,Severe_Fault,Severe_Fault_012_window_013.csv,3
39.64,183.0825234696092,33519.2104,187.32469137836583,993.0,0.0,993.0,7.0,168885669.99999997,Severe_Fault,Severe_Fault_013_window_001.csv,3
74.58,240.9085378312691,58036.9236,252.1886198859893,993.0,0.0,993.0,6.5,291480668.0,Severe_Fault,Severe_Fault_013_window_002.csv,3
89.49,252.23780426415067,63623.909899999984,267.64224255524385,1023.0,0.0,1023.0,6.0,323326314.0,Severe_Fault,Severe_Fault_013_window_003.csv,3
88.28,255.23025212540932,65142.48160000002,270.0663622149193,1023.0,0.0,1023.0,11.5,327140458.00000006,Severe_Fault,Severe_Fault_013_window_004.csv,3
87.94,255.1643713373793,65108.8564,269.8931269965948,906.0,0.0,906.0,11.5,328244769.99999994,Severe_Fault,Severe_Fault_013_window_005.csv,3
92.61,255.77466234949856,65420.67789999999,272.02442905003954,918.0,0.0,918.0,11.5,328197110.0,Severe_Fault,Severe_Fault_013_window_006.csv,3
95.36,262.7185764273246,69021.05040000001,279.48985670324424,924.0,0.0,924.0,11.5,345233270.0,Severe_Fault,Severe_Fault_013_window_007.csv,3
92.34,257.62419218699154,66370.22439999996,273.6729800327391,924.0,0.0,924.0,5.5,331899794.00000006,Severe_Fault,Severe_Fault_013_window_008.csv,3
79.39,229.13951623410568,52504.91789999997,242.50296905398912,923.0,0.0,923.0,5.5,262578054.00000003,Severe_Fault,Severe_Fault_013_window_009.csv,3
72.66,212.56712916158983,45184.78440000001,224.64251601155112,923.0,0.0,923.0,5.5,226109972.00000003,Severe_Fault,Severe_Fault_013_window_010.csv,3
88.42,246.13752984866,60583.6836,261.5373395903537,999.0,0.0,999.0,6.0,302992916.0,Severe_Fault,Severe_Fault_013_window_011.csv,3
95.69,255.45342804511355,65256.45389999999,272.78751804289,1023.0,0.0,1023.0,6.0,326290850.0,Severe_Fault,Severe_Fault_013_window_012.csv,3
67.5,215.575253681864,46472.69,225.89586096252407,920.0,0.0,920.0,7.0,233321178.0,Severe_Fault,Severe_Fault_014_window_001.csv,3
71.79,212.54996095036103,45177.4859,224.34636168210972,860.0,0.0,860.0,7.0,226287942.0000001,Severe_Fault,Severe_Fault_014_window_002.csv,3
85.83,242.75403415803413,58929.521100000005,257.4806983057177,1003.0,0.0,1003.0,6.5,294677618.0,Severe_Fault,Severe_Fault_014_window_003.csv,3
106.28,288.8998816199135,83463.14160000003,307.82881606503315,1003.0,0.0,1003.0,6.5,417358340.0,Severe_Fault,Severe_Fault_014_window_004.csv,3
102.36,280.8575980813053,78880.99040000001,298.92902167571486,1007.0,0.0,1007.0,6.0,395596920.0,Severe_Fault,Severe_Fault_014_window_005.csv,3
87.29,256.3244543542422,65702.2259,270.77992909371994,1007.0,0.0,1007.0,6.0,332148034.0,Severe_Fault,Severe_Fault_014_window_006.csv,3
74.43,230.31366676773652,53044.3851,242.04175259653036,936.0,0.0,936.0,6.0,265741106.00000003,Severe_Fault,Severe_Fault_014_window_007.csv,3
84.63,244.1993306706634,59633.313100000014,258.44835073956267,924.0,0.0,924.0,6.0,299950726.0,Severe_Fault,Severe_Fault_014_window_008.csv,3
84.34,247.0138141885996,61015.8244,261.01544015632487,924.0,0.0,924.0,6.0,310289113.99999994,Severe_Fault,Severe_Fault_014_window_009.csv,3
71.66,215.85746315566672,46594.444400000015,227.44142102967965,883.0,0.0,883.0,6.0,233298654.0,Severe_Fault,Severe_Fault_014_window_010.csv,3
65.68,196.1679321397868,38481.85759999999,206.87126431672428,880.0,0.0,880.0,6.0,195213000.0,Severe_Fault,Severe_Fault_014_window_011.csv,3
69.72,203.05413465379127,41230.9816,214.69014881917616,931.0,0.0,931.0,6.0,206788846.0,Severe_Fault,Severe_Fault_014_window_012.csv,3
82.82,230.23207335208537,53006.807600000015,244.675213293051,931.0,0.0,931.0,5.5,267628680.0000001,Severe_Fault,Severe_Fault_014_window_013.csv,3
54.37,181.84392511161872,33067.21309999999,189.7980769133344,921.0,0.0,921.0,24.5,167762670.0,Severe_Fault,Severe_Fault_015_window_001.csv,3
57.43,187.1453047767964,35023.365099999995,195.7589589265329,1023.0,0.0,1023.0,13.0,178284470.0,Severe_Fault,Severe_Fault_015_window_002.csv,3
68.89,208.9954494719921,43679.09790000001,220.05665179675893,1023.0,0.0,1023.0,5.0,225310970.00000003,Severe_Fault,Severe_Fault_015_window_003.csv,3
57.73,178.23455641373252,31767.5571,187.35076727891988,842.0,0.0,842.0,5.5,159934466.00000003,Severe_Fault,Severe_Fault_015_window_004.csv,3
47.9,147.8397443179607,21856.59,155.40592009315475,733.0,0.0,733.0,5.5,111396518.0,Severe_Fault,Severe_Fault_015_window_005.csv,3
57.29,196.11085105113384,38459.4659,204.30763568697083,959.0,0.0,959.0,10.5,196610314.00000003,Severe_Fault,Severe_Fault_015_window_006.csv,3
61.77,217.721696438366,47402.7371,226.3145377566364,959.0,0.0,959.0,5.5,242594826.0,Severe_Fault,Severe_Fault_015_window_007.csv,3
68.57,206.6895379548757,42720.5651,217.76687075861656,947.0,0.0,947.0,11.0,218075866.00000003,Severe_Fault,Severe_Fault_015_window_008.csv,3
55.53,188.15469459994875,35402.18909999999,196.1779039545484,913.0,0.0,913.0,6.0,177356226.0,Severe_Fault,Severe_Fault_015_window_009.csv,3
65.76,215.17281984488656,46299.34240000001,224.9971555375756,913.0,0.0,913.0,11.5,232527760.0,Severe_Fault,Severe_Fault_015_window_010.csv,3
79.51,227.54307262582176,51775.8499,241.03462406882545,895.0,0.0,895.0,5.5,259095074.0,Severe_Fault,Severe_Fault_015_window_011.csv,3
83.56,233.37331981184136,54463.1064,247.8817863417964,976.0,0.0,976.0,5.5,272632340.0,Severe_Fault,Severe_Fault_015_window_012.csv,3
94.98,262.4003422253866,68853.93960000001,279.0611760886849,979.0,0.0,979.0,11.5,344683747.99999994,Severe_Fault,Severe_Fault_015_window_013.csv,3
46.42,163.4883592186306,26728.443599999995,169.9507575740691,867.0,0.0,867.0,18.5,139504106.0,Severe_Fault,Severe_Fault_016_window_001.csv,3
59.02,184.1274004595731,33902.8996,193.35526887054303,867.0,0.0,867.0,6.0,169914116.0,Severe_Fault,Severe_Fault_016_window_002.csv,3
61.44,192.3919603309868,37014.6664,201.96420474925748,954.0,0.0,954.0,6.5,185103590.0,Severe_Fault,Severe_Fault_016_window_003.csv,3
54.53,191.9587171763762,36848.1491,199.5536769894256,954.0,0.0,954.0,19.5,188310550.0,Severe_Fault,Severe_Fault_016_window_004.csv,3
58.98,200.5089514211273,40203.83959999999,209.0035406398657,936.0,0.0,936.0,5.5,211198269.99999997,Severe_Fault,Severe_Fault_016_window_005.csv,3
70.62,211.07400503141068,44552.23559999999,222.5745268443808,905.0,0.0,905.0,5.5,222973730.0,Severe_Fault,Severe_Fault_016_window_006.csv,3
57.25,170.55024919360275,29087.3875,179.9026125435648,882.0,0.0,882.0,5.5,149826622.0,Severe_Fault,Severe_Fault_016_window_007.csv,3
58.7,175.07658324287684,30651.809999999987,184.6550838726083,947.0,0.0,947.0,18.5,153394249.99999997,Severe_Fault,Severe_Fault_016_window_008.csv,3
57.57,186.054145613582,34616.14509999999,194.75741320935643,947.0,0.0,947.0,5.5,173264950.0,Severe_Fault,Severe_Fault_016_window_009.csv,3
55.76,183.0177106183989,33495.4824,191.32344341454865,775.0,0.0,775.0,5.5,167484374.00000003,Severe_Fault,Severe_Fault_016_window_010.csv,3
68.92,217.2193674606388,47184.25360000001,227.89080718624876,961.0,0.0,961.0,5.5,241386086.00000003,Severe_Fault,Severe_Fault_016_window_011.csv,3
73.24,229.99622257767624,52898.26239999999,241.37597229218983,977.0,0.0,977.0,5.5,270484033.99999994,Severe_Fault,Severe_Fault_016_window_012.csv,3
67.02,210.5230144188516,44319.93959999999,220.93351941251467,977.0,0.0,977.0,5.5,222481490.0,Severe_Fault,Severe_Fault_016_window_013.csv,3
42.99,172.85314547326004,29878.209899999994,178.11892094889862,997.0,0.0,997.0,6.5,149809662.0,Severe_Fault,Severe_Fault_017_window_001.csv,3
24.46,126.5734111099168,16020.828400000006,128.9151659037834,950.0,0.0,950.0,3.0,80760800.0,Severe_Fault,Severe_Fault_017_window_002.csv,3
23.83,106.67746294321026,11380.0811,109.30667866146148,632.0,0.0,632.0,23.5,56943918.00000001,Severe_Fault,Severe_Fault_017_window_003.csv,3
41.36,164.83073257132605,27169.170400000006,169.9406366941115,1023.0,0.0,1023.0,5.5,136188644.0,Severe_Fault,Severe_Fault_017_window_004.csv,3
38.02,159.87851512945696,25561.1396,164.33703173661132,1023.0,0.0,1023.0,5.5,128716948.0,Severe_Fault,Severe_Fault_017_window_005.csv,3
32.62,141.30483218913642,19967.055600000003,145.0211019127906,1023.0,0.0,1023.0,19.5,103373078.0,Severe_Fault,Severe_Fault_017_window_006.csv,3
36.59,161.56324427294717,26102.6819,165.65479166024747,1023.0,0.0,1023.0,5.0,131685390.0,Severe_Fault,Severe_Fault_017_window_007.csv,3
53.72,197.77659517748805,39115.58159999999,204.9424797351686,953.0,0.0,953.0,6.0,195578196.0,Severe_Fault,Severe_Fault_017_window_008.csv,3
65.07,211.8119097218095,44864.28509999998,221.5815651176785,940.0,0.0,940.0,11.5,224323946.0,Severe_Fault,Severe_Fault_017_window_009.csv,3
50.79,186.37437028733325,34735.405900000005,193.17098643429867,938.0,0.0,938.0,5.5,173879914.0,Severe_Fault,Severe_Fault_017_window_010.csv,3
52.63,197.42004229560885,38974.67309999999,204.31492848052,939.0,0.0,939.0,5.5,196309878.0,Severe_Fault,Severe_Fault_017_window_011.csv,3
59.21,209.88393435420443,44051.26589999999,218.0758812890596,953.0,0.0,953.0,5.5,222954494.0,Severe_Fault,Severe_Fault_017_window_012.csv,3
71.7,239.8537262583177,57529.80999999999,250.3411672098698,1023.0,0.0,1023.0,5.5,287921372.0,Severe_Fault,Severe_Fault_017_window_013.csv,3
37.0,146.51211553997845,21465.8,151.11187908301585,933.0,0.0,933.0,7.5,109141608.0,Severe_Fault,Severe_Fault_018_window_001.csv,3
44.25,155.23333243862285,24097.3875,161.41700653896416,956.0,0.0,956.0,6.5,120828902.0,Severe_Fault,Severe_Fault_018_window_002.csv,3
50.7,174.0748402268404,30302.05000000001,181.3078597303493,956.0,0.0,956.0,6.0,156034282.0,Severe_Fault,Severe_Fault_018_window_003.csv,3
50.02,189.03613305397465,35734.6596,195.54196480551175,1023.0,0.0,1023.0,5.5,187135796.0,Severe_Fault,Severe_Fault_018_window_004.csv,3
39.52,172.05170618160108,29601.78959999999,176.53220669328303,1023.0,0.0,1023.0,5.5,148034940.0,Severe_Fault,Severe_Fault_018_window_005.csv,3
61.69,208.5999853787148,43513.95390000001,217.5307104755556,941.0,0.0,941.0,6.0,221824213.99999997,Severe_Fault,Severe_Fault_018_window_006.csv,3
69.94,215.01106111081825,46229.756400000006,226.1003317113887,941.0,0.0,941.0,5.5,231250032.0,Severe_Fault,Severe_Fault_018_window_007.csv,3
51.12,174.49546011286367,30448.6656,181.82937056482376,956.0,0.0,956.0,6.0,152641159.99999997,Severe_Fault,Severe_Fault_018_window_008.csv,3
61.59,200.84616476298476,40339.1819,210.07739050169107,956.0,0.0,956.0,5.5,202227390.00000003,Severe_Fault,Severe_Fault_018_window_009.csv,3
69.7,221.47837366208012,49052.66999999999,232.18690746896127,954.0,0.0,954.0,10.5,246436862.0,Severe_Fault,Severe_Fault_018_window_010.csv,3
70.72,223.57701491879703,49986.68159999999,234.49520250956093,954.0,0.0,954.0,5.0,252349010.0,Severe_Fault,Severe_Fault_018_window_011.csv,3
71.69,217.26503147078225,47204.09389999999,228.78712813442985,924.0,0.0,924.0,5.5,239576914.0,Severe_Fault,Severe_Fault_018_window_012.csv,3
62.14,196.16049653281368,38478.94040000001,205.7676359391826,906.0,0.0,906.0,5.5,192995310.00000003,Severe_Fault,Severe_Fault_018_window_013.csv,3
49.18,185.79232384573916,34518.78760000001,192.19120687482035,985.0,0.0,985.0,24.0,172651738.0,Severe_Fault,Severe_Fault_019_window_001.csv,3
41.84,163.97388328633312,26887.4344,169.22771640603085,800.0,0.0,800.0,21.5,136612870.0,Severe_Fault,Severe_Fault_019_window_002.csv,3
34.37,147.57199293903977,21777.4931,151.52158262109066,773.0,0.0,773.0,9.5,108929226.0,Severe_Fault,Severe_Fault_019_window_003.csv,3
33.56,152.14324303103308,23147.5664,155.80064184720163,1023.0,0.0,1023.0,5.5,115766154.0,Severe_Fault,Severe_Fault_019_window_004.csv,3
33.13,150.0531675773624,22515.953099999995,153.66701012253736,1023.0,0.0,1023.0,19.0,112619246.0,Severe_Fault,Severe_Fault_019_window_005.csv,3
31.23,141.61651422062332,20055.23710000001,145.01913666823424,727.0,0.0,727.0,25.0,105152750.0,Severe_Fault,Severe_Fault_019_window_006.csv,3
41.4,154.83714024742255,23974.54,160.27632389096027,743.0,0.0,743.0,5.5,125755150.0,Severe_Fault,Severe_Fault_019_window_007.csv,3
54.84,187.31415963562395,35086.59440000001,195.17689412427896,818.0,0.0,818.0,5.5,175433070.00000003,Severe_Fault,Severe_Fault_019_window_008.csv,3
80.38,243.4694551684051,59277.37560000002,256.3948517423858,979.0,0.0,979.0,5.5,296540336.00000006,Severe_Fault,Severe_Fault_019_window_009.csv,3
72.48,231.6315816118346,53653.1896,242.70669541650477,996.0,0.0,996.0,5.5,270504675.99999994,Severe_Fault,Severe_Fault_019_window_010.csv,3
55.21,200.42027317614355,40168.28590000001,207.88561758813427,996.0,0.0,996.0,5.5,202474054.00000003,Severe_Fault,Severe_Fault_019_window_011.csv,3
66.67,219.6253653383416,48235.3011,229.5216547517903,895.0,0.0,895.0,5.5,241176926.0,Severe_Fault,Severe_Fault_019_window_012.csv,3
58.77,198.1676994366135,39270.43709999999,206.6986937549437,889.0,0.0,889.0,17.5,198800870.00000003,Severe_Fault,Severe_Fault_019_window_013.csv,3
76.72,232.3123793515963,53969.04159999998,244.6528152300725,965.0,0.0,965.0,6.0,270536695.99999994,Severe_Fault,Severe_Fault_020_window_001.csv,3
93.75,244.8133319490587,59933.5675,262.15001430478696,1023.0,0.0,1023.0,12.5,321151849.99999994,Severe_Fault,Severe_Fault_020_window_002.csv,3
87.12,236.7165934192193,56034.74559999999,252.2392515053912,1023.0,0.0,1023.0,6.0,280192546.0,Severe_Fault,Severe_Fault_020_window_003.csv,3
73.93,235.67750232043784,55543.88509999999,247.00107287216383,1003.0,0.0,1003.0,6.0,277732710.0,Severe_Fault,Severe_Fault_020_window_004.csv,3
76.1,241.92062747934497,58525.59,253.6075708649093,1020.0,0.0,1020.0,11.5,292627968.0,Severe_Fault,Severe_Fault_020_window_005.csv,3
70.57,214.9497734355633,46203.4051,226.2377731502854,1020.0,0.0,1020.0,5.5,234670130.0,Severe_Fault,Severe_Fault_020_window_006.csv,3
62.13,189.1017004154114,35759.4531,199.04670306237176,863.0,0.0,863.0,6.0,179914778.0,Severe_Fault,Severe_Fault_020_window_007.csv,3
60.8,188.2570051817462,35440.70000000001,197.83159504993128,863.0,0.0,863.0,11.5,177431988.0,Severe_Fault,Severe_Fault_020_window_008.csv,3
68.26,213.83454444967492,45725.21240000001,224.465231160641,1006.0,0.0,1006.0,11.5,229781262.0000001,Severe_Fault,Severe_Fault_020_window_009.csv,3
84.42,246.59627653312208,60809.72360000001,260.6462353459186,1006.0,0.0,1006.0,5.5,305173618.00000006,Severe_Fault,Severe_Fault_020_window_010.csv,3
94.0,257.2244545139517,66164.42,273.86204556309,950.0,0.0,950.0,5.5,331405299.99999994,Severe_Fault,Severe_Fault_020_window_011.csv,3
89.97,260.40059350930824,67808.46909999999,275.5051179197948,1004.0,0.0,1004.0,5.5,340906726.0,Severe_Fault,Severe_Fault_020_window_012.csv,3
94.69,265.7227764042819,70608.59389999999,282.090038817396,1004.0,0.0,1004.0,5.5,360465774.0,Severe_Fault,Severe_Fault_020_window_013.csv,3
60.45,196.1049910124676,38457.16750000001,205.2105504110352,854.0,0.0,854.0,12.5,193958458.0,Severe_Fault,Severe_Fault_021_window_001.csv,3
79.18,233.58486166701817,54561.88760000002,246.6401427180904,965.0,0.0,965.0,6.0,274240870.0,Severe_Fault,Severe_Fault_021_window_002.csv,3
77.5,232.74829752331163,54171.77,245.3120869423274,965.0,0.0,965.0,6.0,288512532.0,Severe_Fault,Severe_Fault_021_window_003.csv,3
64.38,205.3505188695661,42168.83560000001,215.20599434030643,923.0,0.0,923.0,5.5,211119460.0,Severe_Fault,Severe_Fault_021_window_004.csv,3
78.84,225.55299687656557,50874.15439999999,238.93492838009263,846.0,0.0,846.0,5.5,254434854.00000003,Severe_Fault,Severe_Fault_021_window_005.csv,3
86.79,238.8484580230737,57048.5859,254.1280976200782,846.0,0.0,846.0,5.5,285269610.0,Severe_Fault,Severe_Fault_021_window_006.csv,3
66.99,204.386422983524,41773.80989999999,215.0847972312316,841.0,0.0,841.0,5.5,209895794.0,Severe_Fault,Severe_Fault_021_window_007.csv,3
61.1,196.9227513518943,38778.56999999999,206.18384999800543,851.0,0.0,851.0,5.5,195724547.99999997,Severe_Fault,Severe_Fault_021_window_008.csv,3
85.91,237.7871777451425,56542.74189999999,252.83051635433569,957.0,0.0,957.0,5.5,282737689.99999994,Severe_Fault,Severe_Fault_021_window_009.csv,3
85.47,227.92259453595207,51948.70910000001,243.42109604551533,957.0,0.0,957.0,5.5,259798326.0,Severe_Fault,Severe_Fault_021_window_010.csv,3
69.22,212.91047790092435,45330.8716,223.8800571734785,1023.0,0.0,1023.0,11.5,226675990.0,Severe_Fault,Severe_Fault_021_window_011.csv,3
80.36,236.76378608224692,56057.0904,250.0296382431491,1023.0,0.0,1023.0,5.5,281785364.00000006,Severe_Fault,Severe_Fault_021_window_012.csv,3
94.97,256.8081951573976,65950.4491,273.8060444913516,884.0,0.0,884.0,6.0,330247258.0,Severe_Fault,Severe_Fault_021_window_013.csv,3
54.34,187.8339277127537,35281.58439999999,195.53623705083413,953.0,0.0,953.0,6.0,176439172.0,Severe_Fault,Severe_Fault_022_window_001.csv,3
51.45,189.16777606135776,35784.4475,196.0396643539261,953.0,0.0,953.0,18.0,180271962.0,Severe_Fault,Severe_Fault_022_window_002.csv,3
53.66,182.00446258265208,33125.6244,189.74988801050716,952.0,0.0,952.0,5.5,166085090.0,Severe_Fault,Severe_Fault_022_window_003.csv,3
72.5,213.4347909784157,45554.41,225.41220020220732,846.0,0.0,846.0,5.5,228383668.0,Severe_Fault,Severe_Fault_022_window_004.csv,3
65.5,215.6010899786919,46483.83,225.33104535327573,835.0,0.0,835.0,6.0,232497558.0,Severe_Fault,Severe_Fault_022_window_005.csv,3
48.53,171.46914912018434,29401.66910000001,178.2044612236181,832.0,0.0,832.0,17.5,147763566.00000003,Severe_Fault,Severe_Fault_022_window_006.csv,3
45.58,151.09891991672208,22830.883599999997,157.8240159164631,750.0,0.0,750.0,10.5,114450868.0,Severe_Fault,Severe_Fault_022_window_007.csv,3
69.52,198.88999371511883,39557.229600000006,210.6899617922031,788.0,0.0,788.0,6.0,197797700.0,Severe_Fault,Severe_Fault_022_window_008.csv,3
114.88,272.762581011399,74399.4256,295.96763336554216,966.0,0.0,966.0,6.0,372257770.0,Severe_Fault,Severe_Fault_022_window_009.csv,3
115.33,282.63559772257986,79882.88109999998,305.2603642794131,966.0,0.0,966.0,11.5,400680046.0,Severe_Fault,Severe_Fault_022_window_010.csv,3
91.86,251.89509800708709,63451.14040000001,268.12198716256,954.0,0.0,954.0,5.5,332139670.0,Severe_Fault,Severe_Fault_022_window_011.csv,3
84.94,244.6161000424952,59837.0364,258.94370044471054,948.0,0.0,948.0,5.5,309591103.99999994,Severe_Fault,Severe_Fault_022_window_012.csv,3
87.87,244.8950654872409,59973.59310000003,260.1821093003898,897.0,0.0,897.0,5.5,304908278.0,Severe_Fault,Severe_Fault_022_window_013.csv,3
65.23,207.12179291421748,42899.43709999999,217.15061593281283,984.0,0.0,984.0,6.5,214641370.0,Severe_Fault,Severe_Fault_023_window_001.csv,3
53.36,173.24211497208174,30012.83039999999,181.27360535941244,764.0,0.0,764.0,6.0,150411929.99999997,Severe_Fault,Severe_Fault_023_window_002.csv,3
51.27,167.4297378006667,28032.7171,175.10376923413156,754.0,0.0,754.0,11.5,141672170.0,Severe_Fault,Severe_Fault_023_window_003.csv,3
51.58,166.15752646208955,27608.323599999992,173.97936659270837,756.0,0.0,756.0,5.5,139175636.0,Severe_Fault,Severe_Fault_023_window_004.csv,3
55.73,186.0289146880129,34606.75709999999,194.19729658262492,1023.0,0.0,1023.0,11.5,173090570.0,Severe_Fault,Severe_Fault_023_window_005.csv,3
60.75,203.73587681113017,41508.3075,212.60025870163,1023.0,0.0,1023.0,5.0,207552342.0,Severe_Fault,Severe_Fault_023_window_006.csv,3
61.69,203.16208775261197,41274.83389999999,212.32166634613623,1023.0,0.0,1023.0,5.0,206415354.0,Severe_Fault,Severe_Fault_023_window_007.csv,3
67.3,205.32318427298952,42157.61000000001,216.0715159385892,934.0,0.0,934.0,4.5,210991572.00000003,Severe_Fault,Severe_Fault_023_window_008.csv,3
71.02,206.2813602825035,42551.99960000001,218.16470842003756,873.0,0.0,873.0,5.5,213088048.0,Severe_Fault,Severe_Fault_023_window_009.csv,3
81.9,223.8806601741205,50122.55000000001,238.3907716334674,873.0,0.0,873.0,5.5,251666902.00000003,Severe_Fault,Severe_Fault_023_window_010.csv,3
84.09,232.8462623706896,54217.38190000001,247.56516313891984,868.0,0.0,868.0,10.5,271136521.99999994,Severe_Fault,Severe_Fault_023_window_011.csv,3
77.6,233.9907690486956,54751.67999999999,246.52269672385137,861.0,0.0,861.0,10.5,277946018.0,Severe_Fault,Severe_Fault_023_window_012.csv,3
88.78,251.6770382851801,63341.33160000001,266.8767880502162,1023.0,0.0,1023.0,5.5,317054436.00000006,Severe_Fault,Severe_Fault_023_window_013.csv,3
46.22,171.63266472323966,29457.7716,177.74718000575987,911.0,0.0,911.0,6.5,147936380.0,Severe_Fault,Severe_Fault_024_window_001.csv,3
77.65,214.7519673949461,46118.4075,228.35921264534085,911.0,0.0,911.0,6.5,238829778.0,Severe_Fault,Severe_Fault_024_window_002.csv,3
64.07,195.4133186351432,38186.36510000001,205.6485594406146,932.0,0.0,932.0,6.0,192137730.0,Severe_Fault,Severe_Fault_024_window_003.csv,3
61.56,201.0694069220875,40428.90640000001,210.28204868699564,932.0,0.0,932.0,11.5,202181524.0000001,Severe_Fault,Severe_Fault_024_window_004.csv,3
63.42,194.213706004494,37718.96360000001,204.30628967312776,878.0,0.0,878.0,5.5,189500676.0000001,Severe_Fault,Severe_Fault_024_window_005.csv,3
72.46,222.24627870900332,49393.4084,233.7602618068349,1023.0,0.0,1023.0,5.5,251056841.99999997,Severe_Fault,Severe_Fault_024_window_006.csv,3
86.4,250.7949760262354,62898.11999999999,265.2604003616069,1023.0,0.0,1023.0,5.5,315588762.0,Severe_Fault,Severe_Fault_024_window_007.csv,3
80.17,235.77756699906803,55591.06110000001,249.0347164553569,998.0,0.0,998.0,5.5,278947946.0,Severe_Fault,Severe_Fault_024_window_008.csv,3
78.18,228.32496052775303,52132.2876,241.33876605303175,998.0,0.0,998.0,5.5,264247280.0,Severe_Fault,Severe_Fault_024_window_009.csv,3
74.98,226.39063496531836,51252.71960000001,238.48421331400533,883.0,0.0,883.0,5.5,257174848.0,Severe_Fault,Severe_Fault_024_window_010.csv,3
69.05,217.01983204306467,47097.6075,227.74000526916652,883.0,0.0,883.0,10.5,239266538.0,Severe_Fault,Severe_Fault_024_window_011.csv,3
69.47,216.1280386715245,46711.3291,227.01852347330603,1006.0,0.0,1006.0,5.5,234180490.0,Severe_Fault,Severe_Fault_024_window_012.csv,3
84.98,250.73467969150175,62867.87959999999,264.7441784062494,1006.0,0.0,1006.0,14.5,314643598.00000006,Severe_Fault,Severe_Fault_024_window_013.csv,3
86.97,259.18554955861254,67177.1491,273.3878746396775,1023.0,0.0,1023.0,12.0,348221290.0,Severe_Fault,Severe_Fault_025_window_001.csv,3
77.1,239.2713313374589,57250.77000000002,251.3865151514695,1023.0,0.0,1023.0,6.0,293557692.0,Severe_Fault,Severe_Fault_025_window_002.csv,3
50.06,176.86852857419265,31282.476400000007,183.8164301687964,894.0,0.0,894.0,5.5,157403614.00000003,Severe_Fault,Severe_Fault_025_window_003.csv,3
76.21,233.79701858663643,54661.04590000002,245.90447332246725,1023.0,0.0,1023.0,11.5,273462590.00000006,Severe_Fault,Severe_Fault_025_window_004.csv,3
76.92,237.4814384325647,56397.43360000001,249.62796317720495,1023.0,0.0,1023.0,5.5,282195826.00000006,Severe_Fault,Severe_Fault_025_window_005.csv,3
64.48,211.16488723270257,44590.60959999999,220.7901265908419,951.0,0.0,951.0,5.5,222957280.0,Severe_Fault,Severe_Fault_025_window_006.csv,3
67.44,223.50298968917613,49953.58639999998,233.45607723938136,1023.0,0.0,1023.0,5.5,251712323.99999997,Severe_Fault,Severe_Fault_025_window_007.csv,3
63.74,221.43620390532357,49033.99240000002,230.42738552524523,1023.0,0.0,1023.0,5.0,245585834.0,Severe_Fault,Severe_Fault_025_window_008.csv,3
64.97,207.02567256260755,42859.629099999984,216.9809438637412,1023.0,0.0,1023.0,5.0,214928710.0,Severe_Fault,Severe_Fault_025_window_009.csv,3
103.64,258.0707081402304,66600.4904,278.1038295313461,934.0,0.0,934.0,6.0,333894899.99999994,Severe_Fault,Severe_Fault_025_window_010.csv,3
120.72,273.49011243553207,74796.84159999999,298.9484236452837,934.0,0.0,934.0,5.5,374108210.0,Severe_Fault,Severe_Fault_025_window_011.csv,3
96.08,244.63248680418548,59845.05359999998,262.8239334611671,1003.0,0.0,1003.0,5.5,299828070.0,Severe_Fault,Severe_Fault_025_window_012.csv,3
99.94,260.65758458176504,67942.37640000001,279.1601332568818,1003.0,0.0,1003.0,5.5,340441514.0,Severe_Fault,Severe_Fault_025_window_013.csv,3
65.88,220.53926090381276,48637.56559999999,230.16893795644967,1023.0,0.0,1023.0,6.0,248333460.0,Severe_Fault,Severe_Fault_026_window_001.csv,3
62.82,212.97283300928316,45357.4276,222.04454508048605,962.0,0.0,962.0,6.0,226793188.0,Severe_Fault,Severe_Fault_026_window_002.csv,3
89.01,251.56317278170903,63284.0299,266.8460417544169,964.0,0.0,964.0,11.5,316697662.00000006,Severe_Fault,Severe_Fault_026_window_003.csv,3
89.13,253.68427838555544,64355.71309999999,268.8863514572653,964.0,0.0,964.0,11.5,323336178.0,Severe_Fault,Severe_Fault_026_window_004.csv,3
85.67,243.791962746929,59434.521100000005,258.4064047193877,934.0,0.0,934.0,6.0,297480718.00000006,Severe_Fault,Severe_Fault_026_window_005.csv,3
90.89,239.62303290794063,57419.19790000001,256.28146636071835,892.0,0.0,892.0,5.5,287121754.0,Severe_Fault,Severe_Fault_026_window_006.csv,3
80.09,220.70192998703024,48709.34189999999,234.78447563669965,878.0,0.0,878.0,5.5,244406070.0,Severe_Fault,Severe_Fault_026_window_007.csv,3
71.72,205.3637786952704,42174.2816,217.52710175975776,878.0,0.0,878.0,5.5,210968208.0,Severe_Fault,Severe_Fault_026_window_008.csv,3
70.59,203.39789059869815,41370.70189999999,215.2989781675705,849.0,0.0,849.0,5.5,208043934.00000003,Severe_Fault,Severe_Fault_026_window_009.csv,3
90.7,250.85021427138548,62925.83000000001,266.7439221425673,996.0,0.0,996.0,6.0,324637488.0,Severe_Fault,Severe_Fault_026_window_010.csv,3
105.35,269.0457721280897,72385.62749999999,288.9364116894927,996.0,0.0,996.0,5.5,363307598.0,Severe_Fault,Severe_Fault_026_window_011.csv,3
99.26,257.31380141764646,66210.39240000001,275.7951051052212,911.0,0.0,911.0,5.5,333161420.0,Severe_Fault,Severe_Fault_026_window_012.csv,3
90.52,259.779270920526,67485.26960000003,275.0984187522713,1007.0,0.0,1007.0,5.5,339694797.99999994,Severe_Fault,Severe_Fault_026_window_013.csv,3
73.52,220.11935307918745,48452.52959999999,232.0726610352887,900.0,0.0,900.0,19.0,249475050.0,Severe_Fault,Severe_Fault_027_window_001.csv,3
74.64,226.92031729221603,51492.83039999999,238.8806396508516,981.0,0.0,981.0,5.5,264540474.0,Severe_Fault,Severe_Fault_027_window_002.csv,3
82.82,239.75284690697632,57481.42760000002,253.65444999053335,1019.0,0.0,1019.0,6.0,288716100.0,Severe_Fault,Severe_Fault_027_window_003.csv,3
79.85,239.9207942217598,57561.9875,252.8596646363354,1022.0,0.0,1022.0,5.5,288258342.0000001,Severe_Fault,Severe_Fault_027_window_004.csv,3
89.78,259.9066978744488,67551.49160000001,274.9762535201904,1023.0,0.0,1023.0,5.5,339639258.00000006,Severe_Fault,Severe_Fault_027_window_005.csv,3
89.04,257.4353091555236,66272.9384,272.3987151217861,1023.0,0.0,1023.0,5.5,342175942.00000006,Severe_Fault,Severe_Fault_027_window_006.csv,3
91.99,258.8091766147406,66982.18989999998,274.6713490701205,1018.0,0.0,1018.0,6.0,335095174.0,Severe_Fault,Severe_Fault_027_window_007.csv,3
85.13,250.9300163392176,62965.87309999999,264.9773386537045,1018.0,0.0,1018.0,5.5,320964870.0,Severe_Fault,Severe_Fault_027_window_008.csv,3
82.64,243.9479255906883,59510.5904,257.5654479933208,886.0,0.0,886.0,5.5,297554874.0,Severe_Fault,Severe_Fault_027_window_009.csv,3
79.49,234.7073707832798,55087.54989999998,247.8027643106509,886.0,0.0,886.0,5.0,275466790.0,Severe_Fault,Severe_Fault_027_window_010.csv,3
65.31,211.49107286124396,44728.47389999999,221.34558952009863,889.0,0.0,889.0,10.5,223855574.00000003,Severe_Fault,Severe_Fault_027_window_011.csv,3
81.61,242.51927325472505,58815.59789999999,255.882375321162,905.0,0.0,905.0,5.0,299460469.99999994,Severe_Fault,Severe_Fault_027_window_012.csv,3
78.52,235.4950309454533,55457.909600000006,248.24040766966203,905.0,0.0,905.0,5.0,282403150.00000006,Severe_Fault,Severe_Fault_027_window_013.csv,3
78.45,228.3448871772696,52141.38749999998,241.4452111763661,883.0,0.0,883.0,6.0,260846858.0,Severe_Fault,Severe_Fault_027_window_014.csv,3
81.21,223.3300380602663,49876.3059,237.6370551913148,898.0,0.0,898.0,6.0,252599714.0,Severe_Fault,Severe_Fault_027_window_015.csv,3
82.88,239.60406006576767,57410.1056,253.53342974842587,1023.0,0.0,1023.0,6.5,288251777.99999994,Severe_Fault,Severe_Fault_028_window_001.csv,3
72.63,221.3675972223577,49003.6131,232.977960331015,1023.0,0.0,1023.0,6.5,250064730.0,Severe_Fault,Severe_Fault_028_window_002.csv,3
55.61,187.05148462388635,34988.25789999999,195.14284511608412,949.0,0.0,949.0,12.5,174989030.0,Severe_Fault,Severe_Fault_028_window_003.csv,3
51.23,193.1099093780534,37291.4371,199.7897645025891,949.0,0.0,949.0,11.5,187458298.00000003,Severe_Fault,Severe_Fault_028_window_004.csv,3
71.52,223.71376712218668,50047.84959999998,234.86796290682133,932.0,0.0,932.0,11.5,253206296.00000003,Severe_Fault,Severe_Fault_028_window_005.csv,3
110.95,274.8167889703975,75524.26749999999,296.3683012739385,978.0,0.0,978.0,6.0,377653342.0,Severe_Fault,Severe_Fault_028_window_006.csv,3
112.8,283.14826504854307,80172.93999999999,304.7897307981356,982.0,0.0,982.0,5.5,401621150.0000001,Severe_Fault,Severe_Fault_028_window_007.csv,3
90.89,254.63895597492547,64840.99790000003,270.37379680730896,982.0,0.0,982.0,5.0,326522694.00000006,Severe_Fault,Severe_Fault_028_window_008.csv,3
78.48,236.92334118866376,56132.6696,249.5832125764872,930.0,0.0,930.0,5.5,293495525.99999994,Severe_Fault,Severe_Fault_028_window_009.csv,3
77.76,234.7382423040609,55102.04240000002,247.28255094122596,889.0,0.0,889.0,5.5,278164420.00000006,Severe_Fault,Severe_Fault_028_window_010.csv,3
88.34,240.91787895463463,58041.42439999999,256.60354635117574,965.0,0.0,965.0,10.5,291159321.99999994,Severe_Fault,Severe_Fault_028_window_011.csv,3
96.0,252.0991471623813,63553.98,269.7591147672308,1023.0,0.0,1023.0,5.5,318708350.0,Severe_Fault,Severe_Fault_028_window_012.csv,3
106.49,274.67116685229263,75444.24989999998,294.5918702204798,1023.0,0.0,1023.0,5.5,380013134.0,Severe_Fault,Severe_Fault_028_window_013.csv,3
63.93,193.3509376755127,37384.5851,203.6458445439042,835.0,0.0,835.0,6.5,196379826.0,Severe_Fault,Severe_Fault_029_window_001.csv,3
99.33,257.46864100313263,66290.1011,275.964762243298,866.0,0.0,866.0,6.0,344409646.0,Severe_Fault,Severe_Fault_029_window_002.csv,3
91.88,236.43626117835643,55902.10559999998,253.6612702010301,866.0,0.0,866.0,6.0,280521570.0,Severe_Fault,Severe_Fault_029_window_003.csv,3
68.3,198.7834751683349,39514.87,210.18981897323192,1001.0,0.0,1001.0,5.5,199834288.00000003,Severe_Fault,Severe_Fault_029_window_004.csv,3
86.51,248.56429731560408,61784.20990000002,263.1885065879587,1023.0,0.0,1023.0,5.5,312871910.00000006,Severe_Fault,Severe_Fault_029_window_005.csv,3
95.82,265.19473524185963,70328.24760000002,281.9746797143318,1023.0,0.0,1023.0,5.5,352024926.00000006,Severe_Fault,Severe_Fault_029_window_006.csv,3
78.19,237.153945571226,56241.99390000001,249.7111731581108,996.0,0.0,996.0,5.0,285671053.99999994,Severe_Fault,Severe_Fault_029_window_007.csv,3
82.35,235.25039319839613,55342.7475,249.2474072081794,996.0,0.0,996.0,5.0,276907801.99999994,Severe_Fault,Severe_Fault_029_window_008.csv,3
81.63,230.86968856911463,53300.81309999999,244.8760298600089,860.0,0.0,860.0,5.5,268904306.00000006,Severe_Fault,Severe_Fault_029_window_009.csv,3
79.27,227.9664824047605,51968.7171,241.355443278166,854.0,0.0,854.0,5.5,260522198.0,Severe_Fault,Severe_Fault_029_window_010.csv,3
76.96,233.96965273299864,54741.79839999998,246.3019285348777,872.0,0.0,872.0,5.0,288844994.0,Severe_Fault,Severe_Fault_029_window_011.csv,3
77.6,242.3793308019477,58747.73999999999,254.4985265183278,874.0,0.0,874.0,11.0,302110931.99999994,Severe_Fault,Severe_Fault_029_window_012.csv,3
85.03,249.94917303323888,62474.58909999998,264.0164578203412,1018.0,0.0,1018.0,5.5,313201130.0,Severe_Fault,Severe_Fault_029_window_013.csv,3
64.74,198.38435522994249,39356.3524,208.68066513215837,852.0,0.0,852.0,6.5,210270580.0,Severe_Fault,Severe_Fault_030_window_001.csv,3
74.61,216.2669597973763,46771.39789999998,228.7751079116782,852.0,0.0,852.0,25.0,261126102.0,Severe_Fault,Severe_Fault_030_window_002.csv,3
73.82,218.65142944879187,47808.44760000001,230.77660193355825,844.0,0.0,844.0,6.0,245048816.0000001,Severe_Fault,Severe_Fault_030_window_003.csv,3
80.0,230.63425591182244,53192.16,244.11505484095,886.0,0.0,886.0,6.0,265970600.0,Severe_Fault,Severe_Fault_030_window_004.csv,3
67.24,205.51530940540653,42236.54239999999,216.2354272546476,886.0,0.0,886.0,5.5,211258762.0,Severe_Fault,Severe_Fault_030_window_005.csv,3
64.88,204.93029449059011,41996.4256,214.955437242234,878.0,0.0,878.0,5.5,210657250.00000003,Severe_Fault,Severe_Fault_030_window_006.csv,3
63.79,205.3659316926739,42175.16590000001,215.0449487897821,878.0,0.0,878.0,5.5,211364890.0000001,Severe_Fault,Severe_Fault_030_window_007.csv,3
79.37,219.26338750461736,48076.4331,233.1866848685833,862.0,0.0,862.0,10.5,250985178.00000003,Severe_Fault,Severe_Fault_030_window_008.csv,3
72.55,207.3264756368564,42984.26750000001,219.6537502525281,861.0,0.0,861.0,5.0,219575638.0,Severe_Fault,Severe_Fault_030_window_009.csv,3
51.45,177.6994864933492,31577.1075,184.99786485254364,917.0,0.0,917.0,5.5,157892150.0,Severe_Fault,Severe_Fault_030_window_010.csv,3
58.11,185.605382195668,34449.357899999995,194.48940845197717,917.0,0.0,917.0,12.5,172846301.99999997,Severe_Fault,Severe_Fault_030_window_011.csv,3
69.99,201.33218793824295,40534.64989999999,213.15076823694537,904.0,0.0,904.0,6.0,204089494.0,Severe_Fault,Severe_Fault_030_window_012.csv,3
80.83,213.6913220044277,45663.981100000005,228.467656354242,904.0,0.0,904.0,5.5,228547718.0,Severe_Fault,Severe_Fault_030_window_013.csv,3
