Ax_Mean,Ax_Std,Ax_Variance,Ax_RMS,Ax_Maximum,Ax_Minimum,Ax_Peak_to_Peak,Ay_Mean,Ay_Std,Ay_Variance,Ay_RMS,Ay_Maximum,Ay_Minimum,Ay_Peak_to_Peak,Az_Mean,Az_Std,Az_Variance,Az_RMS,Az_Maximum,Az_Minimum,Az_Peak_to_Peak,Gx_Mean,Gx_Std,Gx_Variance,Gx_RMS,Gx_Maximum,Gx_Minimum,Gx_Peak_to_Peak,Gy_Mean,Gy_Std,Gy_Variance,Gy_RMS,Gy_Maximum,Gy_Minimum,Gy_Peak_to_Peak,Gz_Mean,Gz_Std,Gz_Variance,Gz_RMS,Gz_Maximum,Gz_Minimum,Gz_Peak_to_Peak,AccelMag_Mean,AccelMag_Std,AccelMag_Variance,AccelMag_RMS,AccelMag_Maximum,AccelMag_Minimum,AccelMag_Peak_to_Peak,GyroMag_Mean,GyroMag_Std,GyroMag_Variance,GyroMag_RMS,GyroMag_Maximum,GyroMag_Minimum,GyroMag_Peak_to_Peak
1.8003,3.0269160725068014,9.16222091,3.521832051645848,8.24,-7.53,15.77,0.8253999999999998,10.155458573594792,103.13333884,10.18894616729326,19.61,-19.61,39.22,6.078,4.543914831948328,20.647162,7.588757869374935,17.0,-9.75,26.75,0.5497,3.440906989443336,11.839840909999998,3.484538850407612,4.37,-4.37,8.74,0.1607999999999999,1.814896514956156,3.2938493600000003,1.8220060373116216,4.37,-4.37,8.74,0.2304,2.589838187995536,6.70726184,2.600066537610144,4.37,-4.37,8.74,12.208297274680918,4.976409212777675,24.764648653018515,13.1835947677407,26.53342231978377,1.503795198821967,25.02962712096181,4.2439161051195615,2.052130379071176,4.211239092706809,4.714028319813108,7.569062029075994,0.4597825573029059,7.109279471773088
1.0730000000000002,4.203657811953775,17.670738999999998,4.338440733719892,19.61,-12.07,31.68,-0.9504000000000002,9.104505249600331,82.89201584,9.153975966758926,19.61,-19.61,39.22,7.8584,3.759263417213537,14.13206144,8.711286472157829,19.61,-5.9,25.51,0.1559999999999999,3.259672069395938,10.625461999999995,3.263402825273031,4.37,-4.37,8.74,-0.0096999999999999,0.9822102168069724,0.9647369099999998,0.9822581127178336,4.37,-4.37,8.74,-0.0638999999999999,2.161868587588061,4.67367579,2.1628127519505704,4.37,-4.37,8.74,12.538023262046114,4.615390414730978,21.30182868039059,13.36053352228121,33.17143650793556,4.773698775582725,28.39773773235284,3.560660958859533,1.901073785010332,3.614081536053511,4.036383034351423,7.569062029075994,0.4980963762164909,7.070965652859503
0.1292,2.12049743220783,4.496509359999999,2.1244298058537967,5.0,-6.23,11.23,0.7088000000000001,1.742384733633763,3.03590456,1.8810374796903968,4.8,-3.03,7.83,9.7705,2.6123416219935707,6.824328749999999,10.113703525415405,19.61,1.67,17.939999999999998,-0.0784,0.1821742023448984,0.03318744,0.1983280111330721,0.36,-0.81,1.17,0.0211,0.1206225103370013,0.01454979,0.1224540730233176,0.35,-0.33,0.6799999999999999,-0.0085999999999999,0.0432670775532621,0.00187204,0.0441134900002255,0.13,-0.18,0.31,10.201221520813457,2.5047120559641907,6.273582483292362,10.504213583129392,20.0945415473954,2.5871026264916512,17.507438920903752,0.1917033229091405,0.1397312992339003,0.0195248359855938,0.2372235232855291,0.8229823813423955,0.0223606797749978,0.8006217015673976
0.3789,2.6696815896282464,7.12719979,2.6964356102084097,14.08,-7.57,21.65,2.2833,8.434502600035167,71.14083411,8.738094357467194,18.44,-15.66,34.1,6.7342,2.525505961188767,6.378180359999999,7.19219229442595,11.26,-1.47,12.73,0.5751999999999999,3.2085094607932825,10.29453296,3.2596607185411184,4.37,-4.37,8.74,-0.0375,1.2270626512122351,1.50568275,1.2276355322325925,3.19,-3.12,6.3100000000000005,0.3726,2.6147139881830284,6.836729239999999,2.641128546663339,4.37,-4.37,8.74,11.21504146198119,3.0944358138508523,9.575533006042788,11.634117413882327,19.721838149624897,4.289254014394578,15.43258413523032,3.9486274461614976,1.875200866952692,3.516378291420127,4.371274070565698,6.74817753174885,0.3228002478313794,6.425377283917471
0.5424,0.0771766804157836,0.00595624,0.5478631215915157,0.88,0.22,0.66,-0.0784,0.0649879988921031,0.00422344,0.1018331969448077,0.16,-0.4,0.56,9.8692,0.0567746422269661,0.00322336,9.869363302665477,10.01,9.74,0.2699999999999996,-0.0539999999999999,0.0048989794855663,2.3999999999999974e-05,0.0542217668469038,-0.05,-0.06,0.0099999999999999,0.0314,0.0096974223379205,9.404000000000004e-05,0.0328633534503099,0.06,-0.03,0.09,-0.0096,0.0019595917942265,3.8400000000000005e-06,0.0097979589711327,-0.0,-0.01,0.01,9.884908733712289,0.0586116556546683,0.0034353261785814,9.8850824983912,10.048139131202351,9.750348711712828,0.2977904194895249,0.0639840219427551,0.0046952035130572,2.2044936029025523e-05,0.0641560597293817,0.0787400787401181,0.0547722557505166,0.0239678229896014
0.2249999999999999,5.635182250823837,31.755279,5.639672330907177,18.58,-19.61,38.19,-0.3486000000000001,4.914381959107371,24.15115004,4.926730355925724,18.25,-19.61,37.86,9.1317,4.71251971985264,22.20784211,10.27598107238428,19.61,-19.61,39.22,-0.1420999999999999,0.8476158268932926,0.7184525900000003,0.8594445880916349,4.37,-4.37,8.74,0.0225999999999999,0.690212460044007,0.47639324,0.6905823629372532,3.62,-3.34,6.96,-0.0066999999999999,0.230438950700614,0.05310211,0.2305363311931548,1.15,-1.1,2.25,11.75227547600971,4.853697985658021,23.55838413598073,12.71512339696316,33.96551633642569,7.701454408097213,26.26406192832848,0.5645000120021316,0.9746977667203272,0.9500357364495932,1.1263640619266937,5.780250859608085,0.0244948974278317,5.755755962180253
-0.1688999999999998,5.986845061466013,35.84231379,5.98922707868052,19.61,-19.61,39.22,0.5975,5.163394498776943,26.66064275,5.197850421087548,19.61,-19.61,39.22,9.339,4.319012734410492,18.653871,10.289353332450004,19.61,-19.61,39.22,-0.0574,0.8695316210466414,0.7560852399999999,0.8714241217684993,1.74,-4.37,6.11,0.0043999999999999,0.9170695938695164,0.84101664,0.9170801491690898,2.45,-4.37,6.82,-0.0112999999999999,0.296852337029709,0.0881213099999999,0.2970673324349211,0.86,-1.88,2.74,11.806909619371126,5.418133187731876,29.356167240001582,12.990738316200508,33.96551633642569,2.3720244518132607,31.593491884612423,0.7755831938372293,1.0426580021451155,1.0871357094372436,1.29948643702041,5.470594117643897,0.0223606797749978,5.448233437868899
1.5598,6.002380691025853,36.02857396,6.201737659720862,19.61,-19.61,39.22,-0.0719000000000001,11.016894816144884,121.37197139,11.017129435565328,19.61,-19.61,39.22,6.189800000000002,7.334933398470636,53.80124796,9.59764929553065,19.61,-19.61,39.22,0.3473999999999999,3.42475272684029,11.728931240000003,3.4423274103431822,4.37,-4.37,8.74,-0.0549999999999999,1.2521329801582577,1.567837,1.2533403368598652,3.74,-3.65,7.390000000000001,-0.0389999999999999,2.711628846284093,7.352931000000002,2.7119092905183977,4.37,-4.37,8.74,14.722933671102773,5.932013748830011,35.18878711630828,15.873045170980898,33.96551633642569,5.467083317455479,28.498433018970207,4.126653315531131,1.935371905711128,3.745664413415922,4.557952610547854,7.223669427652404,0.3488552708502481,6.874814156802156
-0.102,1.963407242525096,3.854968000000001,1.966054933108432,4.14,-8.45,12.59,0.2628999999999999,2.147794820274972,4.613022590000001,2.163825085352326,6.97,-8.46,15.43,9.726300000000002,1.9168117565374017,3.67416731,9.913378788284044,16.36,1.63,14.73,-0.0362,0.7238850461226563,0.5240095600000001,0.7247896246498015,1.83,-2.21,4.04,0.0028999999999999,0.5536068912143345,0.3064805899999999,0.5536144868046716,1.16,-1.72,2.88,-0.0177999999999999,0.4925374706557868,0.24259316,0.4928590062076577,1.35,-1.96,3.31,10.185824997315729,1.7525864098691657,3.07155912405809,10.335501439214257,16.508933944988694,7.118974645270202,9.389959299718493,0.8752102614655526,0.5556311710347064,0.3087259982253991,1.0366865485767625,3.4182012813759224,0.0591607978309961,3.359040483544926
1.4650999999999996,3.246430499795121,10.53931099,3.561717142053815,14.12,-6.14,20.26,1.1500999999999997,8.763508600440808,76.79908299,8.838654479048268,19.61,-18.78,38.39,6.9564,3.600199861118824,12.961439040000002,7.832811755685183,14.63,-4.72,19.35,0.2201999999999999,3.460010398828304,11.971671960000002,3.4670102393849374,4.37,-4.37,8.74,0.1477,1.6823797757938008,2.83040171,1.688850792698988,4.37,-3.5,7.87,-0.0760999999999999,1.2867485340966975,1.65572179,1.2889968968155043,3.18,-3.25,6.43,11.447515304576616,4.5951034103145165,21.11497535148409,12.33533874686869,22.26343639243502,2.744631122755843,19.518805269679177,3.7687626061612014,1.5265380500993164,2.330318418401024,4.066188633105946,6.116224325513249,0.3695943722515266,5.746629953261722
-0.2613,5.261344629464982,27.68174731000001,5.267829249320824,19.61,-19.61,39.22,-0.5255000000000001,3.4165852469973585,11.67305475,3.4567622134014364,6.36,-19.54,25.9,9.0444,5.3187551776708055,28.28915664,10.492393816474866,19.61,-19.61,39.22,-0.0581,0.5137055479552465,0.26389339,0.5169806572783938,1.18,-2.66,3.84,0.0262,0.7824867794410331,0.61228556,0.7829252837914994,3.39,-3.76,7.15,-0.0212,0.2793574054862337,0.07804056,0.2801606681888091,1.01,-1.19,2.2,11.506121663381728,4.17117756364528,17.39872226745777,12.2388544398567,28.002831999638893,6.486886772558929,21.515945227079964,0.516748322391209,0.8316863419017239,0.6917021713058712,0.9791480991147355,4.343109485150012,0.0458257569495584,4.297283728200453
1.5909,5.235325795974879,27.408636190000003,5.471708965213701,19.61,-19.26,38.870000000000005,-0.4301,11.681614485592307,136.46011699000002,11.689529631255484,19.61,-19.61,39.22,6.116499999999999,6.3163241485851565,39.89595075,8.792469675807816,19.61,-19.61,39.22,0.6666,3.6959202426459368,13.659826440000002,3.755553487836381,4.37,-4.37,8.74,-0.06,1.427706552481987,2.0383460000000007,1.4289667595854008,3.61,-4.37,7.98,0.1003999999999999,2.628692420196779,6.910023840000001,2.630609054952864,4.37,-4.37,8.74,14.498655610020236,5.803551542118738,33.68121050202878,15.617049177101288,33.96551633642569,3.800684148939504,30.164832187486184,4.519378403372791,1.625254086943822,2.6414508471275973,4.802731722676168,7.058463005499143,0.310805405358401,6.747657600140742
0.3353000000000001,3.790382422658695,14.366998909999998,3.805183964015406,19.61,-6.93,26.54,-0.2722,9.36688225398398,87.73848316,9.370836462130796,19.61,-19.61,39.22,7.284700000000002,3.91311447698633,15.31246491,8.269178858871054,17.6,-4.77,22.37,0.1333999999999999,3.032614126459217,9.19674844,3.035546738233493,4.37,-4.37,8.74,0.0494999999999999,1.7184722139156046,2.95314675,1.7191849813210909,4.37,-4.37,8.74,-0.0908,2.420774537209114,5.860149359999999,2.4224768316745573,4.37,-4.37,8.74,12.224535358231394,4.6078254388974536,21.232055275350508,13.064123391946357,32.846068257860026,3.666142386760231,29.1799258710998,3.829789874406548,1.8360949098271253,3.3712445178930808,4.247179652428185,7.281229291816046,0.8339064695755753,6.44732282224047
0.8808000000000001,3.690544317577016,13.62011736,3.7941963575966913,11.54,-8.44,19.98,-0.5724,6.777525082211058,45.934846240000006,6.801653328419496,18.28,-19.61,37.89,7.411700000000001,3.139751281550817,9.858038109999995,8.04930649186624,13.43,-6.57,20.0,-0.2415,2.7235033963628537,7.41747075,2.734189642288918,4.37,-4.37,8.74,0.0225,1.9768876422295727,3.90808475,1.97701568026154,4.37,-4.37,8.74,-0.047,1.7768542427560003,3.157211,1.777475738231045,4.37,-4.37,8.74,10.668142842306198,3.411814370119081,11.640477296151062,11.200435214758398,24.63595949014368,3.95070879716539,20.685250692978283,3.3486899240787937,1.8248506219340697,3.3300797923731613,3.813633962508725,7.112257025726784,0.3549647869859769,6.757292238740807
0.0669,1.1356986352021383,1.28981139,1.137667350326975,2.59,-3.47,6.0600000000000005,-0.0347,1.3513448523600482,1.8261329100000003,1.3517902943874098,3.13,-3.63,6.76,9.5604,2.04823481075779,4.19526584,9.77734698167146,16.51,0.74,15.77,-0.0674,0.121339358824744,0.01472324,0.138802017276407,0.25,-0.43,0.6799999999999999,0.0343,0.0615021137848123,0.00378251,0.070420167565833,0.26,-0.14,0.4,-0.0018,0.0325693107080883,0.00106076,0.0326190128606001,0.18,-0.09,0.27,9.7327478178158,1.99793841616848,3.9917579148018127,9.935700176635766,16.67903474425304,1.1861703081766968,15.492864436076344,0.125461079234689,0.0977165165019049,0.009548517597267,0.1590251552428105,0.4892851929090027,0.01,0.4792851929090027
-0.0362,1.8822565074930675,3.5428895600000003,1.882604578768468,7.99,-6.03,14.02,0.2976,1.6059869987020443,2.57919424,1.6333278911473958,7.02,-4.68,11.7,9.4421,2.1293836173879046,4.534274589999999,9.679231736041864,19.61,-2.34,21.95,-0.0603999999999999,0.2926223504792482,0.0856278399999999,0.2987908967823485,0.68,-1.16,1.84,0.0416,0.2979151557071241,0.08875344,0.3008055850545332,0.64,-1.47,2.11,-0.0172,0.0628980126872065,0.00395616,0.0652073615476044,0.22,-0.21,0.43,9.836940818584877,1.7703339604884536,3.1340823316587336,9.994973086507038,21.381332979961748,4.118361324604726,17.26297165535702,0.3468916031207296,0.2523454292915373,0.0636782156843302,0.4289661991346172,1.4810131667206743,0.033166247903554,1.4478469188171204
0.1100999999999999,1.834665906916025,3.36599899,1.8379665394125104,4.19,-5.58,9.77,-0.3203999999999999,1.7413643616429044,3.03234984,1.7705948153092508,8.14,-5.86,14.0,9.7415,2.584299663351756,6.67860475,10.078463523771864,19.61,-2.47,22.08,-0.0603999999999999,0.1285528685016402,0.01652584,0.1420352069030773,0.4,-0.35,0.75,0.0288999999999999,0.0838319151636177,0.0070277899999999,0.0886735586293907,0.22,-0.24,0.4599999999999999,-0.0127,0.0519587336258304,0.00269971,0.0534883164812653,0.16,-0.2,0.36,10.13881579656974,2.300645179776294,5.292968243227896,10.396564528727748,20.024752183235627,3.976744900040736,16.04800728319489,0.1478799107231266,0.0950238496616513,0.0090295320045201,0.1757782694191748,0.4420407221060069,0.0223606797749978,0.419680042331009
-0.1241999999999999,1.9842410035073863,3.93721236,1.9881242415905505,8.1,-4.49,12.59,0.0213,2.259995865040465,5.10758131,2.2600962368890403,5.82,-5.26,11.08,9.536700000000002,2.664090109211773,7.097376109999999,9.90181917629281,19.32,-4.37,23.69,-0.0183,1.2648992489522632,1.5999701099999997,1.2650316201581682,3.67,-4.08,7.75,0.0644999999999999,0.6513545501491488,0.42426275,0.6545402966968497,2.16,-1.52,3.68,0.0011999999999999,0.4561475199976428,0.20807056,0.4561490984316422,1.44,-1.61,3.05,10.053222959697656,2.457519912962629,6.03940412260785,10.34923649357768,21.47662217388945,5.26677320567347,16.20984896821598,1.205754761740296,0.8848477013252634,0.7829554545406026,1.4955935276671934,4.133049721452671,0.0979795897113271,4.035070131741343
0.5635999999999999,0.0330913886079142,0.0010950399999999,0.5645706333134942,0.66,0.47,0.19,-0.0612,0.0329933326597965,0.00108856,0.0695269731830747,0.03,-0.16,0.19,9.8858,0.0531635213280685,0.00282636,9.88594294946112,10.0,9.76,0.2400000000000002,-0.0576999999999999,0.0042083250825001,1.770999999999998e-05,0.0578532626564829,-0.05,-0.06,0.0099999999999999,0.0314,0.0034698703145794,1.2040000000000008e-05,0.0315911379978626,0.04,0.03,0.01,-0.0087,0.00336303434416,1.1309999999999997e-05,0.0093273790530888,-0.0,-0.01,0.01,9.902152418347072,0.0530988118810107,0.0028194838231749,9.902294784543631,10.015358206275002,9.77356639103659,0.2417918152384111,0.0664482161254547,0.0040785504465259,1.6634573744857156e-05,0.0665732679083729,0.0728010988928051,0.058309518948453,0.0144915799443521
0.2997999999999999,3.6875598923949697,13.59809796,3.6997267466665695,19.61,-6.63,26.24,0.6858,1.6810711942092158,2.826000359999999,1.815577594045487,5.55,-4.13,9.68,9.601800000000004,2.7504037449072816,7.564720759999999,9.987956948245222,19.61,2.48,17.13,-0.0532,0.6054153615494076,0.3665277599999998,0.607748303165052,2.02,-1.41,3.43,0.0339999999999999,0.6801441023783121,0.462596,0.680993392038425,2.73,-1.35,4.08,-0.0205999999999999,0.3040191441340495,0.09242764,0.3047162614630208,1.02,-0.73,1.75,10.21059302258704,3.533747886748128,12.48737412709686,10.80479449133578,27.920191618253625,6.016469064160473,21.90372255409315,0.8281946939412717,0.4899546396632278,0.2400555489275233,0.9622691931055468,2.8285862192975486,0.1714642819948224,2.657121937302726
0.3531,2.748006439220985,7.551539389999999,2.7705990327003294,6.95,-8.26,15.21,0.5776999999999999,8.148251451078323,66.39400171,8.16870485450417,17.92,-18.46,36.38,7.7933,3.3504913236717986,11.22579211,8.483001650359382,19.61,-3.66,23.27,0.3853999999999999,3.1284591798519603,9.78725684,3.152108817918569,4.37,-4.37,8.74,-0.0707999999999999,1.729550045532074,2.99134336,1.73099855574752,2.73,-4.37,7.1,-0.1968999999999999,2.1423523029604628,4.589673389999999,2.1513816490804225,4.37,-4.37,8.74,11.550767094297187,3.597923641949796,12.94505453330128,12.098151718341112,22.595986369264786,4.0826829414001775,18.513303427864606,3.77286707274346,1.82374972279866,3.3260630514081884,4.190535645952675,7.569062029075994,0.3753664875824692,7.193695541493525
-0.2706999999999999,2.07282138883214,4.296588509999999,2.090422684530571,8.1,-13.67,21.77,0.4418999999999999,2.642066499920091,6.980515390000001,2.6787666938350565,5.82,-6.94,12.760000000000002,9.6564,2.3264662129504483,5.41244504,9.932698827609746,19.61,5.2,14.41,-0.0875,1.3145389876302642,1.7280127499999998,1.3174479116837978,3.06,-4.08,7.140000000000001,0.0087999999999999,0.4964378712386878,0.24645056,0.4965158607738528,1.41,-1.1,2.51,-0.0041999999999999,0.4978316582942471,0.24783636,0.4978493748112977,1.44,-1.61,3.05,10.168626111897028,2.608295803095563,6.803206996445928,10.497817106427412,24.556168267871108,5.904938611027213,18.651229656843896,1.1224637294617985,0.9849498342772136,0.9701261760427102,1.4933355282721965,4.133049721452671,0.0979795897113271,4.035070131741343
0.2350999999999999,1.559730422220455,2.43275899,1.57734935889295,5.19,-4.34,9.53,0.7447,1.712553914479775,2.9328409100000004,1.867463252650504,5.15,-3.38,8.530000000000001,9.6805,2.4353900611606343,5.931124749999999,9.982144308714435,19.61,2.09,17.52,-0.0691,0.1796668862088949,0.03228019,0.1924967532193725,0.35,-0.46,0.81,0.0389,0.0744297655511556,0.00553979,0.0839821409586586,0.23,-0.15,0.38,-0.0035,0.0289956893347959,0.00084075,0.0292061637330204,0.07,-0.09,0.16,9.998205981438876,2.377926019185593,5.654532152719841,10.277093703961253,20.227177262287487,2.204948979001555,18.022228283285934,0.1798109039605553,0.112378996333336,0.0126290388168879,0.2120400905489337,0.4656178690729126,0.02,0.4456178690729126
0.0319999999999999,6.235068564177944,38.87608,6.235150679815203,19.61,-19.61,39.22,-0.7613000000000002,9.84440507648888,96.91231131,9.873798104073224,19.61,-19.61,39.22,6.9889,6.206884386711259,38.52541379,9.347199420147192,19.61,-19.61,39.22,0.2593,3.2501317680980257,10.563356509999998,3.260459016764357,4.37,-4.37,8.74,-0.0775999999999999,0.8307106836919819,0.6900802399999999,0.8343272739159376,1.87,-4.37,6.24,0.0363999999999999,2.1311731604916577,4.5418990400000006,2.131483990087657,4.37,-4.37,8.74,13.817042036510404,5.729614241928033,32.82847936130455,14.95791195321058,33.96551633642569,4.309767975193096,29.65574836123259,3.4527925284040912,1.9869933960123989,3.9481427557968862,3.983706691010272,6.793099439872789,0.1835755975068582,6.60952384236593
0.2423999999999999,1.2516382224908285,1.5665982400000005,1.2748945054395675,3.33,-3.23,6.5600000000000005,-0.2105999999999999,1.550168906925952,2.40302364,1.5644091536423586,6.44,-5.14,11.58,10.0451,1.3409545070583118,1.7981589899999997,10.134209046590662,19.61,7.04,12.57,-0.0616,0.1641750285518476,0.02695344,0.1753510764152875,0.37,-0.6,0.97,0.0272,0.087052627760453,0.00757816,0.0912030701237628,0.24,-0.58,0.82,-0.0088,0.0334747666160647,0.00112056,0.0346121365997535,0.14,-0.14,0.28,10.24722076808234,1.3301847729477163,1.7693915301819685,10.333195294776925,19.74399655591542,7.19967360371288,12.54432295220254,0.1517736439826456,0.1312583749412933,0.0172287609922291,0.2006589145789441,0.7001428425685718,0.0,0.7001428425685718
0.1343,2.610500049798889,6.814710510000001,2.613952371410007,16.9,-4.58,21.48,0.3412,3.8831251022855287,15.078660559999996,3.898086453633373,14.43,-12.61,27.04,9.8899,1.3793661551596803,1.90265099,9.985628322744644,19.61,6.37,13.239999999999998,-0.0503999999999999,0.9597634291845047,0.92114584,0.9610858442407731,2.08,-2.53,4.609999999999999,0.0451,0.2175154937010235,0.0473129899999999,0.2221418465755608,0.89,-0.4,1.29,-0.0142999999999999,0.6516613460993371,0.42466251,0.651818226195003,1.49,-1.71,3.2,10.783654323537178,2.3352510422774406,5.453397430457873,11.033612191843616,29.63759436931412,8.583507441599851,21.054086927714263,0.9146014192475692,0.7492691398358349,0.561404243910332,1.1823282116231515,2.6927495241852704,0.0244948974278317,2.6682546267574385
1.7157,5.4699512347003605,29.92036651,5.73271253421973,16.34,-17.76,34.1,-0.3516999999999999,11.14704813437172,124.25668211000004,11.152594989508046,19.61,-19.61,39.22,6.559500000000002,5.020504631010712,25.205466750000006,8.26029702855775,19.61,-12.45,32.06,0.4581999999999999,3.4360484222432026,11.806428760000005,3.466464481283488,4.37,-4.37,8.74,-0.0625999999999999,1.1197549910583118,1.25385124,1.1215034551886145,4.37,-4.09,8.46,0.1589999999999999,2.821314764431647,7.959817,2.8257915705161274,4.37,-4.37,8.74,14.099701303719,5.164813466709588,26.67529814590471,15.015887419663214,31.826526671944585,6.834303183207488,24.992223488737096,4.224431806682047,1.8475442919435148,3.4134199106930634,4.610774772204776,7.569062029075994,0.6531462317123172,6.9159157973636765
1.7669,4.111682306550446,16.90593139,4.475250495782331,19.61,-5.78,25.39,0.8412000000000001,9.724307716233584,94.56216056,9.760623853012676,19.61,-19.61,39.22,7.9364,3.536450061855815,12.50647904,8.688666410905645,19.61,-1.36,20.97,0.2643,3.385728948099655,11.463160509999996,3.396029299049112,4.37,-4.37,8.74,-0.0152999999999999,1.2631638492293864,1.59558291,1.2632565060192644,4.15,-4.37,8.52,-0.0709999999999999,2.2711140438119792,5.157959,2.2722235805483577,4.37,-4.37,8.74,12.97676925449473,4.732232952380965,22.394028715600268,13.812695935261878,30.77396627020963,2.9801677805116946,27.79379848969793,3.9197337719773615,1.710999461373416,2.927519156820119,4.276895135492569,6.361910090530988,0.1920937271229854,6.169816363408002
0.5718,5.660832338093048,32.04502276,5.689637774059083,19.61,-19.61,39.22,0.1358999999999998,10.26115861830427,105.29137619,10.262058516691472,19.61,-19.61,39.22,7.437200000000001,5.037064637266431,25.37202016,8.982425284966194,19.61,-14.71,34.32,0.3158,3.0845963042187545,9.51473436,3.100719916406512,4.37,-4.37,8.74,0.0116999999999999,1.6257300237124244,2.64299811,1.6257721242535803,4.37,-4.37,8.74,-0.0076,2.255787720509179,5.08857824,2.255800523095959,4.37,-4.37,8.74,13.791814272358303,5.305812480362804,28.15164607677369,14.777204979291586,31.53417669767201,5.164436077637132,26.369740620034875,3.720497919992361,1.8719322176116628,3.504130227332518,4.164881150765289,7.1673356276931806,0.2922327839240491,6.875102843769131
1.0872,3.440033744020544,11.83383216,3.607746665163728,9.24,-11.25,20.49,0.6918,7.514222165999619,56.46353476,7.546000397561611,19.61,-19.61,39.22,8.314400000000001,2.6869455967696854,7.21967664,8.737787134051734,13.58,-1.29,14.87,0.0525,2.650942615372879,7.02749675,2.6514624266619355,4.37,-4.37,8.74,0.1312,1.7191627497127782,2.9555205600000005,1.7241618253516693,4.37,-4.37,8.74,-0.3147,1.795850469833165,3.22507891,1.823215565971287,4.11,-4.37,8.48,11.51627646156781,3.698953698106958,13.68225846073914,12.095738175076375,21.441849267262374,2.9818618344920007,18.45998743277037,3.237216707703988,1.6874625884333416,2.847529987362153,3.6506303565274862,6.891755944605119,0.4496665431183423,6.442089401486777
0.0653999999999999,1.1311626054639536,1.27952884,1.1330516316567398,3.6,-4.12,7.720000000000001,-0.0287,1.3375332930435786,1.7889953099999998,1.3378411714400182,4.17,-2.85,7.02,9.8509,0.8634107886747768,0.74547819,9.888665683498456,13.25,7.53,5.72,-0.0699,0.1305564628810079,0.01704499,0.1480911881240744,0.26,-0.57,0.83,0.0385999999999999,0.0586518541906391,0.00344004,0.0702139587261678,0.16,-0.14,0.3,-0.0071,0.0251115511269216,0.00063059,0.0260959767013997,0.08,-0.07,0.15,10.006875545399216,0.8495739043138888,0.7217758188911447,10.042874787629287,13.291384427515442,7.850999936313846,5.440384491201597,0.1419995886676894,0.0858959650868829,0.007378116818207,0.1659578259679247,0.5721887800367986,0.0282842712474619,0.5439045087893367
0.1365,1.3240508864843528,1.7531107500000005,1.331068367890996,4.42,-2.85,7.27,0.2927999999999999,1.7599341351311986,3.0973681600000003,1.7841244351221694,4.81,-3.36,8.17,9.7906,2.306295653206674,5.31899964,10.058570872643887,19.61,3.76,15.85,-0.0486999999999999,0.2230858803241478,0.04976731,0.2283396592797668,0.99,-0.68,1.67,0.0252,0.0910217556411652,0.00828496,0.0944457516249407,0.26,-0.31,0.5700000000000001,-0.0068,0.0442239753979671,0.00195576,0.0447437146423941,0.1,-0.25,0.35,10.048958064514954,2.268949716855773,5.148132817619892,10.301926567395052,20.11003232220177,3.775195359183416,16.334836963018354,0.1890845129675706,0.165251465820478,0.0273080469558166,0.2511194934687468,1.0642368157510809,0.0141421356237309,1.05009468012735
0.4948999999999999,0.0487133451941046,0.0023729899999999,0.4972916649211004,0.74,0.38,0.36,-0.2822,0.0417032372844123,0.0017391599999999,0.2852647892748069,-0.2,-0.49,0.29,9.8653,0.0541563477350531,0.0029329099999999,9.865448646665795,10.04,9.71,0.3299999999999983,-0.0542,0.0055099909255823,3.035999999999998e-05,0.0544793538875049,-0.05,-0.07,0.02,0.032,0.0050990195135927,2.6e-05,0.0324037034920393,0.06,0.02,0.0399999999999999,-0.0098,0.0014,1.960000000000001e-06,0.0098994949366116,-0.0,-0.01,0.01,9.881942568171931,0.0544341744818856,0.0029630793515243,9.882092490965665,10.05298463144155,9.728190993190871,0.3247936382506768,0.0638919639859645,0.0058152332727246,3.3816938016203864e-05,0.0641560597293817,0.0860232526704262,0.058309518948453,0.0277137337219732
0.0889,1.2439774073511145,1.54747979,1.2471499508880235,6.34,-2.93,9.27,0.2232,2.046725619129247,4.189085759999999,2.058859878670717,4.66,-5.71,10.37,9.9867,1.661501763465811,2.760588109999999,10.123969824135196,19.61,7.77,11.84,-0.0428,1.020883029538644,1.0422021599999998,1.021779819726344,1.8,-3.81,5.61,0.0139999999999999,0.2785964823898536,0.0776159999999999,0.2789480238323978,0.68,-1.18,1.86,-0.0015,0.3140139328119056,0.0986047499999999,0.3140175154350471,0.72,-1.04,1.76,10.252022765058738,1.78467958600903,3.1850812247173623,10.4062025734655,20.75689283105735,7.855157541386423,12.901735289670928,0.8287767014956855,0.7304670964923274,0.5335821790579313,1.1047411461514411,3.8513633949550905,0.05,3.80136339495509
0.5468,0.0315873392358394,0.0009977599999999,0.5477116029444693,0.62,0.46,0.1599999999999999,-0.0764,0.0334819354279288,0.00112104,0.0834146270146908,0.01,-0.17,0.18,9.884,0.0463896540189729,0.002152,9.884108862209075,9.98,9.77,0.2100000000000008,-0.0550999999999999,0.0049989998999799,2.4989999999999976e-05,0.0553263047744922,-0.05,-0.06,0.0099999999999999,0.0313,0.00336303434416,1.1310000000000004e-05,0.0314801524773943,0.04,0.03,0.01,-0.0093999999999999,0.0023748684174075,5.640000000000003e-06,0.0096953597148326,-0.0,-0.01,0.01,9.89951559789244,0.0463133575147809,0.0021449270842919,9.899623932251163,9.997669728491736,9.785719186651535,0.2119505418401992,0.0642333676812779,0.0044804549235275,2.0074476321761955e-05,0.0643894401280209,0.0728010988928051,0.058309518948453,0.0144915799443521
-0.1796,1.7338165531566485,3.0061198400000007,1.7430938012625714,3.79,-6.01,9.8,0.4265,2.512016868972021,6.310228749999999,2.5479660515791807,7.63,-4.49,12.12,9.5878,2.068402078900521,4.27828716,9.808373769387051,19.61,1.48,18.13,-0.0768,0.2150668733208348,0.04625376,0.2283681238702109,0.5,-0.55,1.05,0.0385999999999999,0.1170898800067708,0.01371004,0.1232882800593795,0.32,-0.3,0.62,-0.0134,0.038294124875756,0.00146644,0.0405709255502015,0.08,-0.17,0.25,10.11408178183366,1.8547379088109588,3.440052710380449,10.282738108111088,19.66225317709036,4.253904089186779,15.40834908790358,0.2273703985199884,0.1315321324880792,0.0173007018768616,0.2626747037687489,0.562316636780382,0.03,0.532316636780382
0.5700999999999999,0.0972264881603773,0.00945299,0.5783312199769264,1.02,0.13,0.89,-0.0632999999999999,0.1263254131202427,0.01595811,0.1412975583653164,0.66,-0.48,1.14,9.876,0.0530094331227942,0.0028099999999999,9.87614226304988,10.0,9.66,0.3399999999999998,-0.0573,0.0059757844673314,3.570999999999999e-05,0.0576107628833363,-0.04,-0.08,0.04,0.0341,0.015690442951045,0.0002461899999999,0.0375366487582469,0.15,-0.0,0.15,-0.0088999999999999,0.0031288975694324,9.790000000000005e-06,0.0094339811320566,-0.0,-0.01,0.01,9.893919836669207,0.0544817911189389,0.0029682655635276,9.894069840060764,10.073529669386,9.710849602377746,0.3626800670082541,0.0683118893263787,0.012267264432651,0.0001504857766605,0.0694046107978425,0.1658312395177699,0.0509901951359278,0.1148410443818421
1.3966,5.286998244750985,27.95235044,5.468349111020619,19.61,-12.27,31.88,0.9012000000000002,11.491213885399576,132.04799656000003,11.526498080509969,19.61,-19.61,39.22,5.680700000000001,5.285264280052607,27.93401851,7.759147569159901,17.62,-13.94,31.56,0.8756999999999998,3.4573811635398264,11.953484510000004,3.56655786438409,4.37,-4.37,8.74,0.0104999999999999,1.6767709294951412,2.81156075,1.676803804862095,4.0,-4.37,8.370000000000001,0.1182,2.6542431614303914,7.04500676,2.656873726769867,4.37,-4.37,8.74,13.888945102935695,5.483117263714004,30.064574927638542,14.93209198337594,29.078676035885817,2.4942533953069006,26.584422640578914,4.382219269674138,1.840417961360044,3.387138272496659,4.752997370081326,7.569062029075994,0.5376802023508026,7.031381826725191
-0.3016000000000001,1.8315303546488115,3.3545034400000007,1.856196649064964,4.5,-6.91,11.41,0.1533,2.3364387665847355,5.458946109999999,2.34146257710859,6.51,-11.16,17.67,10.0063,3.0343851617749515,9.207493309999998,10.456267641945669,19.61,-5.01,24.62,-0.0473,0.1981305377774966,0.03925571,0.2036983063258013,0.39,-0.65,1.04,0.0176,0.3047068099009275,0.09284624,0.3052146785461014,0.58,-1.5,2.08,0.0071,0.0571190861271431,0.00326259,0.0575586657246326,0.17,-0.15,0.32,10.440075443626254,3.0440549816637845,9.266270731392105,10.874807860371602,23.51298790030735,2.590308861892728,20.92267903841462,0.2879044428666336,0.2346764406105846,0.0550730317776532,0.3714323626180142,1.5105297084135751,0.0412310562561766,1.4692986521573983
-0.1206,2.221154123423226,4.93352564,2.22442576859737,4.02,-6.39,10.41,-0.4689000000000001,2.510769561309839,6.30396379,2.554179124493817,6.3,-8.03,14.329999999999998,9.7107,1.8578747293614817,3.4516985099999986,9.886829269285476,19.33,0.03,19.3,-0.0358,0.2729218935886237,0.07448636,0.2752598772069769,0.51,-0.7,1.21,0.0225,0.1414734957509709,0.02001475,0.1432515270424717,0.44,-0.45,0.89,-0.0088,0.0453933915895254,0.00206056,0.0462385120867875,0.16,-0.14,0.3,10.31705858261299,1.6672121049619415,2.779596202931629,10.450899195763013,19.76187744117446,7.342649385610074,12.419228055564384,0.2725685264372821,0.1553492787102941,0.0241333983958086,0.3137307763035051,0.7286288492778747,0.058309518948453,0.6703193303294217
-0.3925,3.83211935487401,14.685138749999998,3.852167571640673,15.66,-19.61,35.27,0.4941000000000001,4.944718818092693,24.450244190000003,4.96934392047884,19.61,-19.61,39.22,10.0179,3.763713670033894,14.16554059,10.701582172744365,19.61,-8.57,28.18,-0.0421999999999999,1.0245472951503996,1.04969716,1.0254160131380825,3.3,-3.09,6.39,-0.0665,0.6313135116564511,0.39855675,0.6348062696602799,1.31,-4.37,5.68,-0.0064,0.4832194532507979,0.23350104,0.4832618337919931,1.2,-1.55,2.75,11.568679063093036,4.497010088397935,20.2230997351528,12.411987552362431,28.56139177281108,2.9562137947043,25.605177978106774,0.9625074401445946,0.8726846095046592,0.7615784276662996,1.2992301566697102,5.151951086724329,0.053851648071345,5.0980994386529845
0.9541,5.639552658677815,31.804554190000005,5.719690638487365,19.61,-19.61,39.22,0.0328999999999999,11.149712040676206,124.31607858999996,11.14976058038916,19.61,-19.61,39.22,6.291,6.097413468020682,37.178451,8.761000627782193,19.61,-17.15,36.76,0.6218,3.2197277462543323,10.366646760000004,3.279219724263686,4.37,-4.37,8.74,0.0431,0.9527136978127267,0.9076633899999998,0.9536881041514568,2.91,-3.29,6.2,0.1387999999999999,2.25489125236673,5.08453456,2.25915913560776,4.37,-4.37,8.74,14.028335630333132,6.082183279277752,36.99295344272586,15.2900998688694,33.96551633642569,6.1107200885002095,27.85479624792548,3.572502131715332,2.000957650448758,4.003831518889414,4.0947042628253385,6.830951617454189,0.201246117974981,6.629705499479208
0.221,1.7903164524742547,3.205233,1.80390520815258,4.19,-5.58,9.77,-0.6539999999999999,1.717591336727104,2.95012,1.8378890064419016,8.14,-5.86,14.0,9.6224,2.6521459688335405,7.033878239999999,9.98120533803408,19.61,-2.47,22.08,-0.0538999999999999,0.1542912505620458,0.02380579,0.1634350023709731,0.4,-0.62,1.02,0.0289,0.1002885337414003,0.01005779,0.104369535785113,0.43,-0.27,0.7,-0.0088,0.0475243095688932,0.00225856,0.0483321838943782,0.17,-0.19,0.36,10.041915266610602,2.3272962377430395,5.416307778212906,10.308073049799368,19.9351598940164,2.0616013193631786,17.873558574653224,0.1610068835170547,0.1183924974824231,0.0140167834601255,0.1998499437077729,0.6732755750805163,0.0223606797749978,0.6509148953055184
0.8474,4.211251742653245,17.734641239999995,4.295663860219978,19.61,-19.61,39.22,0.4785999999999999,9.282304672870849,86.16118004,9.294634904072348,19.61,-19.61,39.22,7.7785,4.02222907726549,16.17832675,8.75690521816926,19.61,-5.39,25.0,0.2815,3.147618266245131,9.907500750000004,3.1601808492553083,4.37,-4.37,8.74,-0.0473,1.2736811649702604,1.62226371,1.2745591394674474,3.54,-4.37,7.91,-0.0711,2.0831350868342646,4.33945179,2.0843480995265646,4.37,-4.37,8.74,12.604594789017904,4.75925889237628,22.650545204662706,13.473171675592948,33.96551633642569,5.650212385388712,28.315303951036974,3.492557936727638,1.9385020140822111,3.7577900586007886,3.9944650455348834,6.769682415002937,0.1897366596101027,6.579945755392835
2.1189,3.7907690235623694,14.36992979,4.342771810721811,11.81,-8.84,20.65,1.556,7.958573490268214,63.33889199999999,8.109255699507816,19.61,-19.61,39.22,7.4884,3.595394198137389,12.926859439999998,8.306804078585216,19.61,-5.44,25.05,0.4422,3.260635085378307,10.631741159999995,3.290483551090934,4.37,-4.37,8.74,-0.1370999999999999,1.7925497454743062,3.2132345900000003,1.797785026080705,4.2,-4.28,8.48,0.0893999999999999,1.831311453576371,3.3537016400000006,1.8334922961387103,4.04,-4.37,8.41,11.576748924521308,4.427366411151745,19.601573338594683,12.394462029471065,27.751479239853143,2.401874268149772,25.34960497170337,3.8960478655709054,1.4972701924436966,2.2418180291803846,4.173847984773763,7.079442068411889,0.7048404074682438,6.374601660943645
1.4543000000000004,4.775961527273854,22.80980851,4.992474035986567,19.61,-19.61,39.22,-0.3620999999999999,10.82634142219799,117.20966858999998,10.8323951645054,19.61,-19.61,39.22,7.750199999999999,3.999711484594857,15.997691959999996,8.721427176787065,19.61,-11.57,31.18,0.1710999999999999,3.3050697103086946,10.92348579,3.309495580900509,4.37,-4.37,8.74,-0.0790999999999999,0.8969281966802025,0.80448019,0.9004093513508177,3.02,-2.9,5.92,0.0056,2.2333030784020336,4.98764264,2.233310099381633,4.37,-4.37,8.74,13.805463910186116,5.266691582440409,27.73804022454866,14.775955942002534,33.96551633642569,2.590559785065768,31.37495655135992,3.653471269451042,1.8448088473594733,3.403319683295789,4.092819566020472,6.536872340806419,0.1920937271229854,6.344778613683434
0.5332,0.027708482455739,0.00076776,0.5339194695831947,0.6,0.46,0.1399999999999999,-0.2855999999999999,0.0308324504378098,0.0009506399999999,0.2872594645960338,-0.14,-0.35,0.2099999999999999,9.8704,0.0445403188134077,0.00198384,9.87050049389594,9.98,9.77,0.2100000000000008,-0.0522999999999999,0.0042083250825001,1.7709999999999988e-05,0.0524690384893796,-0.05,-0.06,0.0099999999999999,0.0316999999999999,0.0037563279941985,1.4110000000000004e-05,0.0319217793990247,0.04,0.03,0.01,-0.0097,0.0017058722109231,2.9099999999999992e-06,0.0098488578017961,-0.0,-0.01,0.01,9.889003722122627,0.0444227851989604,0.0019733838448329,9.889103498295484,9.998519890463788,9.791031610611824,0.2074882798519635,0.0620557300310165,0.0042528073454589,1.8086370317589293e-05,0.0622012861603359,0.0728010988928051,0.058309518948453,0.0144915799443521
0.8345,2.411632382847768,5.815970750000003,2.551932796920797,10.41,-9.77,20.18,0.3166,8.805841381719295,77.54284244,8.811530967998694,19.61,-18.97,38.58,7.0678,2.984717936422134,8.90854116,7.672179481737898,13.25,-5.93,19.18,0.2508000000000001,3.338299171734013,11.144241359999995,3.347706976424311,4.37,-4.37,8.74,-0.0565999999999999,1.587960465502841,2.52161844,1.5889688480269208,4.31,-4.37,8.68,-0.0044,2.4141886090361706,5.828306639999999,2.414192618661568,4.37,-4.37,8.74,11.358709454260833,3.741322832058944,13.997496533685556,11.959004013712848,23.1431393721768,4.389715252724258,18.75342411945254,3.959884539541245,1.9696711485682628,3.879604433502219,4.42270166301097,7.569062029075994,0.3880721582386451,7.180989870837348
-0.3496,1.086582642968311,1.18066184,1.1414385660209665,2.28,-3.72,6.0,-0.3041,4.713889497007752,22.22075419,4.723688283534383,11.21,-15.07,26.28,9.766,1.3448003569303513,1.8084880000000003,9.858156217062094,17.13,6.45,10.68,-0.0475,1.383085228754902,1.91292475,1.383900646722878,2.65,-2.99,5.640000000000001,-0.019,0.2015217109891636,0.040611,0.2024154144327946,0.44,-0.75,1.19,-0.0452,0.6244333110909444,0.38991696,0.626067089056756,1.51,-1.31,2.8200000000000003,10.867803988316076,1.6401809264654967,2.6901934715412152,10.99087607973086,17.874658038687063,8.321562353308423,9.55309568537864,1.3468432642292183,0.730839395216476,0.5341262216003845,1.532355376536396,3.219860245414388,0.0447213595499957,3.175138885864392
0.1933,1.5249642979427418,2.32551611,1.5371665492066888,3.66,-3.91,7.57,-0.5279,1.5168937306218917,2.3009665900000003,1.6061273299461658,2.07,-6.5,8.57,9.6584,2.5146752156093632,6.323591439999999,9.980394881967346,19.61,-1.11,20.72,-0.0502,0.1404633760095492,0.01972996,0.1491643389017629,0.28,-0.62,0.9,0.0309,0.083151608523227,0.00691419,0.0887073841345803,0.43,-0.27,0.7,-0.0124,0.032499846153482,0.00105624,0.0347850542618521,0.17,-0.1,0.27,9.979242643403618,2.2283456338895813,4.96552426407476,10.22500894865134,19.9351598940164,2.0616013193631786,17.873558574653224,0.1364308516908184,0.1127635699457847,0.0127156227069179,0.177,0.6732755750805163,0.01,0.6632755750805163
1.0098,2.378129088169942,5.655497959999999,2.5836396807604576,8.76,-3.44,12.2,2.3975000000000004,9.266788696738477,85.87337275,9.571905714119838,19.61,-19.61,39.22,6.5543000000000005,3.463845335750429,11.99822451,7.413303784413533,19.61,-11.32,30.93,0.473,3.2768675591180068,10.737861000000004,3.3108292012726963,4.37,-4.37,8.74,-0.1086999999999999,1.0590379171682194,1.12156131,1.0646018034927425,2.54,-3.46,6.0,0.1555,2.8548615990972315,8.150234750000001,2.859093387771725,4.37,-4.37,8.74,11.816562267499917,3.6908674018849807,13.62250217829719,12.379565662817091,21.15403271246407,4.628887555341996,16.525145157122072,4.044142023679659,1.978458311996536,3.914297292308184,4.502153040490739,7.0827537017744735,0.3228002478313794,6.759953453943094
0.062,0.1415697707845852,0.020042,0.1545509624686951,0.38,-0.39,0.77,0.3959,0.0817691262029868,0.0066861899999999,0.4042561069421215,0.59,0.04,0.5499999999999999,9.9059,0.0622269234335107,0.00387219,9.906095446743889,10.16,9.73,0.4299999999999997,-0.0577,0.0178244214492364,0.00031771,0.060390396587537,-0.01,-0.12,0.11,0.0336999999999999,0.0247246840222478,0.00061131,0.0417971290880127,0.09,-0.05,0.14,-0.0051,0.0122061459929004,0.00014899,0.0132287565553229,0.08,-0.06,0.14,9.91535059683712,0.0621171618940665,0.0038585418017736,9.915545169076688,10.173190256748372,9.75168703353425,0.4215032232141222,0.0724740649154803,0.0177907255227755,0.0003165099146267,0.0746257328272225,0.1417744687875782,0.04,0.1017744687875782
-1.7192999999999998,3.888354216117664,15.11929851,4.251504557212658,5.94,-11.33,17.27,0.9721,8.413104337282405,70.78032459,8.46907922976282,19.61,-19.61,39.22,6.510999999999999,2.8681455681328307,8.226258999999999,7.114729791074289,13.89,-1.54,15.43,0.0371999999999999,3.1320712252437684,9.80987016,3.1322921319698134,4.37,-4.37,8.74,0.4236,1.6376877113784545,2.6820210399999995,1.6915844643410511,4.37,-4.37,8.74,0.0678999999999999,2.6863988143981903,7.216738590000002,2.687256779691885,4.37,-4.37,8.74,11.263667018440604,3.681002485423411,13.54977929769333,11.8498934172422,20.502002341234867,3.0551759360141606,17.446826405220705,4.001179279914096,1.970945298577847,3.884625369986119,4.460275888327986,7.187676954343455,0.4674398357008097,6.720237118642645
-0.9339,4.025883727829208,16.207739789999998,4.132784654443054,7.44,-9.69,17.13,0.2478,7.482495115935593,55.98773316,7.486597224373701,15.39,-12.96,28.35,7.4282,2.519392934815845,6.34734076,7.843818967824283,13.84,-0.83,14.67,-0.0438,2.966350545704267,8.799235560000001,2.9666738951222804,4.37,-4.37,8.74,-0.1706999999999999,1.4240472288516275,2.02791051,1.4342416114448775,4.13,-4.37,8.5,-0.1137999999999999,2.403519411196839,5.776905559999999,2.406211960738289,4.37,-4.37,8.74,11.246317140731994,2.859177114149761,8.174893770077755,11.604074413756576,18.18281056382649,3.7239092362730863,14.4589013275534,3.586384567800846,1.9457401501330904,3.78590473183994,4.080203303758282,7.077873974577394,0.2565151067676132,6.821358867809781
1.7391,4.933407969142629,24.33851419,5.230963869116284,19.61,-14.47,34.08,-0.5336,10.947536482697831,119.84855504,10.960533016236026,19.61,-19.61,39.22,7.2272,4.144569719524573,17.17745816,8.331259088517173,19.61,-6.46,26.07,0.0712999999999999,3.532585074700962,12.47915731,3.53330454390787,4.37,-4.37,8.74,0.0419999999999999,1.2516397245213975,1.5666020000000005,1.2523442018870052,4.37,-3.67,8.04,-0.0837999999999999,2.677048292429556,7.166587559999999,2.678359572574228,4.37,-4.37,8.74,13.827218874112148,5.070913449014563,25.714163207396773,14.727733871848717,33.94820466534276,2.927609946697135,31.020594718645626,4.159391044302007,1.9813336772437564,3.925683140580266,4.607191877923038,7.569062029075994,0.1360147050873544,7.43304732398864
0.3044,0.9972776143080724,0.99456264,1.0426993814134542,3.1,-3.04,6.140000000000001,0.0283,0.8514458937595506,0.7249601099999999,0.8519160756788194,3.25,-3.3,6.55,9.919199999999998,1.4499321915179344,2.10230336,10.024611314160763,17.25,4.84,12.41,-0.0421,0.0639420831690679,0.00408859,0.0765571681816928,0.12,-0.22,0.3399999999999999,0.0298,0.0421895721713316,0.00177996,0.0516526862805798,0.16,-0.15,0.31,-0.0092,0.0170692706346814,0.00029136,0.0193907194296653,0.04,-0.08,0.12,10.012895691685234,1.4309908690943134,2.0477348674312985,10.114633705676148,17.553714706579914,5.588568689745165,11.965146016834748,0.0820012131245627,0.0466990475930724,0.0021808010461,0.0943663075467086,0.2315167380558045,0.0141421356237309,0.2173746024320735
0.5431,4.201444916930365,17.65213939,4.236401421017607,19.04,-8.2,27.24,-0.2432,7.818479376451664,61.12861976,7.822260926356267,19.61,-19.61,39.22,7.629700000000001,3.399918368137682,11.55944491,8.35294959879443,19.61,-1.89,21.5,-0.0277999999999998,2.731195188923706,7.459427159999999,2.73133666910544,4.37,-4.37,8.74,-0.0122,1.7533154764616663,3.07411516,1.7533579212471135,4.37,-4.37,8.74,0.0149,1.7642326915687736,3.11251699,1.7642956101515412,4.37,-4.37,8.74,11.330657965860077,4.530211922271582,20.522820060691583,12.202730432161486,28.67487227521685,1.2197540735738497,27.455118201643,3.1500988809862527,1.9297875634403807,3.7240800400091616,3.694212094615035,6.626152729902926,0.1256980508997653,6.500454679003161
-0.2002,0.1232962286527856,0.0152019599999999,0.23512124531824,0.18,-0.5,0.6799999999999999,0.3908,0.0470888521839299,0.00221736,0.3936267267348598,0.51,0.27,0.24,9.8792,0.0506296355902351,0.00256336,9.87932973434939,9.98,9.75,0.2300000000000004,-0.0573,0.0077272245987806,5.971000000000001e-05,0.057818682101895,-0.04,-0.07,0.03,0.0349999999999999,0.019723082923316,0.000389,0.0401746188532013,0.1,-0.05,0.15,-0.0059,0.0049183330509431,2.419e-05,0.0076811457478686,-0.0,-0.01,0.01,9.889842108735447,0.0490210595884358,0.0024030642831729,9.889963599528564,9.989679674544124,9.76941144593675,0.2202682286073738,0.0700484286177452,0.0104507247683907,0.0001092176481846,0.070823724838503,0.1224744871391589,0.05,0.0724744871391589
0.074,1.3354212818432991,1.78335,1.337469999663544,5.55,-4.3,9.85,0.4722,2.158383459906974,4.65861916,2.2094325063237394,6.0,-7.14,13.14,9.5711,2.119911269369546,4.49402379,9.803059675427871,19.61,-4.8,24.41,-0.0532,0.6852311726709461,0.46954176,0.687293241637076,1.44,-1.67,3.11,0.0462,0.1942924599669271,0.0377495599999999,0.1997097894445838,0.54,-0.76,1.3,-0.0128,0.1020105876857887,0.0104061599999999,0.102810505299799,0.25,-0.34,0.5900000000000001,10.010125995185945,1.6024277083546026,2.5677745605025835,10.13757352624384,20.903868063112142,4.91184283136177,15.992025231750375,0.5875218800495133,0.4214783985723175,0.1776440404630853,0.7230670784927219,1.687986966774329,0.03,1.657986966774329
0.5259,0.1552488003174259,0.02410219,0.5483365754716714,1.33,0.18,1.15,-0.2583,0.2455241535979709,0.06028211,0.3563719966551805,1.15,-0.94,2.09,9.8655,0.0626637853947556,0.0039267499999999,9.865699012234256,10.07,9.68,0.3900000000000005,-0.0544999999999999,0.0185674446276271,0.0003447499999999,0.0575760366819391,0.0,-0.18,0.18,0.0353,0.0235140383600945,0.0005529099999999,0.042414620120897,0.19,-0.03,0.22,-0.0088999999999999,0.0039736632972611,1.5790000000000006e-05,0.0097467943448089,0.01,-0.01,0.02,9.887122083006613,0.0671410137170194,0.0045079157229489,9.88735004943185,10.104152611674072,9.710514919405664,0.3936376922684079,0.0678805988576839,0.0245198755853736,0.0006012242987222,0.0721734023030645,0.1992485884517127,0.03,0.1692485884517127
0.7759999999999998,3.89474466428802,15.169036,3.971298528189489,17.6,-17.17,34.77,0.2914000000000001,9.450103070337384,89.30444804000003,9.45459475599034,19.61,-19.61,39.22,8.064799999999998,3.1007107185289,9.614406960000002,8.640335988837471,19.61,-8.42,28.03,0.5469999999999999,3.2573767052645293,10.610503,3.302985316346411,4.37,-4.37,8.74,0.1207999999999999,0.9003751218242317,0.8106753600000001,0.9084426233945654,3.94,-2.19,6.13,0.1653,2.1056754047098525,4.43386891,2.1121536402449514,4.37,-4.37,8.74,12.606566186495511,4.5706092575835,20.89046898550799,13.409548090819465,32.846068257860026,5.222662156410272,27.62340610144976,3.61180821681617,1.7751096881430162,3.1510144049391964,4.024446918521848,6.536872340806419,0.3327160951922825,6.204156245614136
0.564,0.0329545141065681,0.0010859999999999,0.5649619456211188,0.65,0.48,0.17,-0.0726,0.0316739640714578,0.0010032399999999,0.0792085853932514,0.01,-0.15,0.16,9.8781,0.0528336067290508,0.00279139,9.878241290837147,9.99,9.74,0.25,-0.0561,0.0048774993593028,2.378999999999997e-05,0.0563116329012043,-0.05,-0.06,0.0099999999999999,0.0316999999999999,0.0037563279941985,1.4110000000000004e-05,0.0319217793990247,0.04,0.03,0.01,-0.0093,0.0025514701644346,6.510000000000001e-06,0.0096436507609929,-0.0,-0.01,0.01,9.894560183755033,0.0527803945570728,0.0027857700496002,9.894700955562024,10.008246599679689,9.75659776766471,0.2516488320149772,0.0652749895266188,0.004709112687099,2.217574229979761e-05,0.0654446330878247,0.0728010988928051,0.058309518948453,0.0144915799443521
1.919,3.414070444498765,11.655876999999997,3.9164317943761007,11.18,-9.06,20.24,1.0916,9.618905729863457,92.52334744,9.6806476023043,19.61,-16.76,36.370000000000005,6.842300000000002,3.985124052021468,15.88121371,7.918224737906851,14.86,-5.05,19.91,0.1883,3.4047143947767484,11.59208011,3.409917447681102,4.37,-4.37,8.74,0.1938999999999999,1.726081049661342,2.97935579,1.7369378227213546,4.37,-4.17,8.54,-0.0048,1.3231458574170878,1.7507149600000005,1.3231545639115636,4.04,-4.32,8.36,12.331142389502814,4.437858308892586,19.694586369806963,13.105405716726208,24.61098535207398,3.631487298614715,20.979498053459263,3.739098725806013,1.5538239020802365,2.414368718675852,4.049102122693376,6.367746854264859,0.5736723803705387,5.79407447389432
0.0206,5.702340189781736,32.516683640000004,5.70237739894511,19.61,-19.61,39.22,0.9051000000000003,9.3990151074461,88.34148499000001,9.442493897270996,19.61,-19.61,39.22,7.985100000000001,4.500350318586321,20.25315299,9.165968306731155,19.61,-11.31,30.92,0.4854,2.7883738701974674,7.775028840000002,2.8303077571175894,4.37,-4.37,8.74,0.0014999999999999,2.0634317895195857,4.25775075,2.063432334727747,4.37,-4.37,8.74,0.0836,2.1392865726685613,4.57654704,2.1409194286567628,4.37,-4.37,8.74,13.284132878420255,5.4059770318115445,29.22458766847396,14.341993376096642,33.96551633642569,5.697560881640493,28.267955454785195,3.626220326786562,1.92417700370833,3.702457141599967,4.105110351744518,7.569062029075994,0.3967366884975474,7.172325340578446
0.1892999999999999,2.0799919495036514,4.326366510000001,2.088588279197219,4.11,-4.75,8.86,0.6624000000000002,1.2032482038216388,1.4478062399999998,1.3735283033123122,3.35,-2.35,5.7,9.8085,2.6365778482722635,6.95154275,10.156683267681434,19.61,0.67,18.94,-0.0414,0.1664212726787053,0.02769604,0.1714934401077779,0.61,-0.42,1.03,0.0215,0.0882085596753512,0.0077807499999999,0.0907909687138539,0.35,-0.19,0.54,-0.0082,0.0357317785731413,0.0012767599999999,0.0366606055596467,0.11,-0.1,0.21,10.175445948412944,2.422250142104771,5.867295750926584,10.45977992120293,20.076917094016203,2.963207721372229,17.113709372643974,0.1621930193586379,0.1126517841462286,0.0126904244713285,0.197476580889988,0.6104096984812741,0.0141421356237309,0.5962675628575432
0.1767,2.107970614121553,4.44354011,2.1153635621329965,5.79,-4.87,10.66,0.5827999999999999,1.5557995243603848,2.42051216,1.6613753338725117,6.39,-2.85,9.24,10.2379,2.873158643374918,8.255040589999998,10.633420757216372,19.61,0.48,19.13,-0.0742,0.2212111208777714,0.0489343599999999,0.2333238093294381,0.49,-0.79,1.28,0.0213999999999999,0.089777725522537,0.00806004,0.092293011653104,0.25,-0.31,0.56,-0.0093999999999999,0.0428910247021448,0.00183964,0.0439089968002003,0.13,-0.16,0.29,10.601682388971458,2.812276395266373,7.908898523372426,10.968343904163474,19.754812071999066,3.375040740494846,16.37977133150422,0.2008804640772862,0.1566302625679154,0.0245330391520941,0.2547273051716286,0.7986238163240564,0.0141421356237309,0.7844816807003255
1.2808000000000002,4.192881271870216,17.58025336,4.384142105361094,12.52,-9.97,22.49,-1.1697,6.350908510599093,40.33403891,6.457726922067858,19.61,-19.61,39.22,8.2893,2.9064938517051777,8.44770651,8.784087943548835,19.61,-1.29,20.9,0.1124999999999999,2.3216069327084634,5.389858749999999,2.32433108657093,4.37,-4.37,8.74,0.1337,2.3970451205598944,5.745825309999999,2.4007709178511805,4.37,-4.37,8.74,-0.2366999999999999,1.6978798868000056,2.88279611,1.714299565420233,4.25,-4.37,8.620000000000001,11.18525961815393,3.601819994738068,12.973107274494934,11.750878265048955,24.72684977913685,2.9818618344920007,21.744987944644848,3.41848177152955,1.5553203456909424,2.4190213777201923,3.755667583799184,6.891755944605119,0.2853068523537421,6.606449092251378
0.375,3.983769948177229,15.870423,4.0013807616871455,18.95,-13.26,32.21,0.5706999999999999,8.436636563820915,71.17683650999999,8.455917159007651,19.61,-16.75,36.36,7.7517,5.55091056584413,30.81260811,9.534225768251977,19.61,-19.61,39.22,0.0846,3.1489193130342352,9.91569284,3.1500555550656566,4.37,-4.37,8.74,0.1422,0.9861527062275904,0.97249716,0.9963523473149448,4.37,-4.37,8.74,-0.0071999999999999,1.8722329342258672,3.5052561600000005,1.8722467786058543,4.23,-4.37,8.600000000000001,12.464354377669816,4.8015532849134654,23.05491394786329,13.35720943910067,30.50503728894623,4.034364881861828,26.4706724070844,3.3906399444979245,1.7100984669822712,2.924436766775114,3.797482850520855,6.991902459273871,0.2459674775249768,6.745934981748894
-0.4463,3.2869318992032674,10.80392131,3.317092853689809,10.25,-6.42,16.67,0.516,2.1536424958660154,4.6381760000000005,2.214595222608412,11.59,-9.75,21.34,9.6905,2.025906895688941,4.104298750000001,9.900004494948474,19.61,4.49,15.12,-0.0504999999999999,0.1659359816314713,0.02753475,0.1734502810605967,0.54,-0.61,1.15,-0.0096,0.4877087655558386,0.23785984,0.4878032390216367,0.69,-1.31,2.0,-0.0096999999999999,0.1090271067212186,0.01188691,0.1094577544078079,0.31,-0.5,0.81,10.38529278255814,2.4623809251506588,6.063319820545815,10.673220038957316,24.978845049361272,4.572942160141543,20.40590288921973,0.4538359935686465,0.272122933509029,0.0740508909415594,0.529167270340863,1.3188631468048533,0.0714142842854285,1.2474488625194249
0.0094,0.926263267111462,0.8579636399999999,0.926310962906086,3.43,-3.41,6.84,0.2398,2.309893928300605,5.33560996,2.3223079037888152,5.41,-6.95,12.36,9.9129,0.8914990689843708,0.7947705899999999,9.952906962289962,13.28,8.01,5.27,-0.0409,1.182243710069967,1.39770019,1.1829509710888275,1.9,-4.03,5.93,0.0430999999999999,0.2123661696221881,0.0450993899999999,0.2166956390885612,0.91,-0.65,1.56,-0.0045,0.2835008818328437,0.08037275,0.2835365937581955,0.62,-0.79,1.41,10.219588946927754,0.933554902419824,0.8715247558320872,10.262140273841515,13.480014836787086,8.110080147569443,5.369934689217644,0.8972215345413163,0.8495390031983969,0.7217165179553259,1.2356063288928234,4.07917883893315,0.053851648071345,4.025327190861805
-0.3771,6.620576001376316,43.832026590000005,6.631306884770151,19.61,-19.61,39.22,-0.7658,10.02119685267184,100.42438635999996,10.0504147178114,19.61,-19.61,39.22,7.8877,6.351251349930973,40.33839371,10.12690500597295,19.61,-19.61,39.22,0.1225999999999999,2.8508464076480866,8.12732524,2.8534813824519687,4.37,-4.37,8.74,0.0793,0.9363912163193332,0.87682851,0.9397430499876016,4.37,-2.11,6.48,0.3166,1.9140069069885823,3.6634224400000006,1.9400149483960167,4.37,-4.37,8.74,14.496880481491676,6.1138963276576535,37.379728305345736,15.73338081913738,33.96551633642569,3.658770285218792,30.306746051206893,2.892160661578758,2.1034585110280446,4.424537707616319,3.576189452475917,7.569062029075994,0.1122497216032182,7.456812307472775
-0.2156,2.233168296389683,4.98704064,2.243551648614313,5.36,-6.23,11.59,0.7204999999999999,1.572816184428428,2.47375075,1.7299916184768065,4.66,-3.31,7.970000000000001,9.4745,2.0068459706713915,4.02743075,9.684708617196492,15.92,1.67,14.25,-0.0684,0.2051522361564699,0.04208744,0.2162544797223863,0.53,-0.81,1.34,-0.0038999999999999,0.1404556513636956,0.01972779,0.1405097861360553,0.35,-0.41,0.76,-0.0108,0.0461666546329707,0.00213136,0.0474130783645187,0.16,-0.18,0.3399999999999999,9.905072502064328,1.9260100541921288,3.709514728849169,10.090588486307425,16.061145662747723,2.5871026264916512,13.474043036256072,0.2137918853496762,0.1518223625116897,0.0230500297586309,0.2622155601790252,0.8229823813423955,0.0316227766016837,0.7913596047407118
1.4241999999999997,5.414080010491164,29.31226236,5.598268303681059,19.61,-11.57,31.18,1.1177999999999997,12.201491841574128,148.87640316,12.252586665680026,19.61,-19.61,39.22,6.378800000000001,4.0980198340174,16.793766559999998,7.581744917893241,19.61,-8.74,28.35,0.4497999999999999,3.600155824405383,12.961121960000003,3.6281458074338735,4.37,-4.37,8.74,-0.0071999999999999,1.0351763907663274,1.07159016,1.0352014296744378,4.37,-2.68,7.050000000000001,0.2289,2.958104763188755,8.75038379,2.9669477582188737,4.37,-4.37,8.74,14.36339454170106,5.713338887151036,32.642241239432245,15.457986414795426,33.96551633642569,5.190433507906637,28.77508282851905,4.386187319537995,1.9491597671622736,3.799223797924088,4.799777390671363,7.563292933636776,0.1933907960581371,7.369902137578639
0.8164999999999998,4.137500302114794,17.118908750000006,4.217295460363194,11.65,-13.75,25.4,-1.0813,9.987835366584696,99.75685531000003,10.046196543966278,19.61,-19.61,39.22,7.736099999999999,3.824873042337485,14.629653790000004,8.629999826187715,19.61,-7.04,26.65,0.0387999999999999,3.447198363889145,11.883176559999995,3.4474167140048504,4.37,-4.37,8.74,-0.1233999999999999,0.7396015413721093,0.54701044,0.7498253129896323,3.75,-1.94,5.69,0.0259,2.505645663297188,6.278260190000002,2.5057795194310293,4.37,-4.37,8.74,13.08710195932112,4.681485373931368,21.916305306333324,13.899228144037352,29.203196742822524,2.03324863211561,27.169948110706912,3.956649074555313,1.75236386085213,3.070779100820584,4.327337634157982,7.228851914377553,0.3702701716314723,6.858581742746081
0.5376,3.608718919505923,13.022852239999995,3.64854299686875,19.61,-13.78,33.39,-0.7438999999999999,8.305767381163525,68.98577179,8.339014270283988,17.75,-19.61,37.36,8.0074,4.08102428809239,16.654759239999997,8.987391946499272,19.61,-3.99,23.6,0.5593,3.004379554916456,9.026296510000002,3.0559962369086784,4.37,-4.37,8.74,-0.0195999999999999,1.7144298877469444,2.93926984,1.7145419213305926,4.37,-4.37,8.74,0.0137999999999999,2.4194531530905903,5.85375356,2.419492508771209,4.37,-4.37,8.74,12.021833683072153,4.370326520587656,19.099753896551807,12.7915690593453,33.96551633642569,3.4742625116706423,30.491253824755045,3.792290188567532,1.936813394649685,3.7512461256944367,4.25825210620508,7.569062029075994,0.261725046566048,7.307336982509946
0.4842999999999998,4.699967288184036,22.08969251,4.724853331056955,19.61,-19.61,39.22,0.3663,6.657415963420042,44.321187310000006,6.667485508045743,19.61,-19.61,39.22,9.3022,3.913443644668976,15.31504116,10.091876237845964,19.61,-19.61,39.22,0.1851,2.200252028745798,4.84110899,2.2080242299395176,4.37,-4.37,8.74,0.0914999999999999,0.6847632802655236,0.46890075,0.6908494770932377,4.37,-1.6,5.970000000000001,0.0003999999999999,1.626898841354311,2.64679984,1.6268988905276198,4.37,-4.37,8.74,12.243720927959773,4.326299323699177,18.71686583823996,12.985590783633988,27.733854762726367,7.097407977564767,20.6364467851616,2.127392851772264,1.8637713524540167,3.4736436542282743,2.8283288351957943,7.569062029075994,0.0883176086632784,7.480744420412715
1.1512,2.6745239875536733,7.153078560000001,2.911758918591991,9.39,-6.79,16.18,2.6002,9.94694847478361,98.94178396,10.28118786911318,19.61,-15.79,35.4,5.960999999999999,3.921768096152552,15.380265,7.135389688026857,12.47,-6.98,19.450000000000003,0.2159,3.387438588373227,11.474740190000002,3.3943118595674147,4.37,-4.37,8.74,0.2584,1.347606559794067,1.81604344,1.372156696591173,3.25,-3.27,6.52,0.3028,2.914544588782268,8.49457016,2.9302317314506032,4.37,-4.37,8.74,12.029020825947054,4.516371106201532,20.397607968932054,12.84892797084644,22.012809906960992,1.900894526269146,20.111915380691848,4.233376104658751,2.017164285948049,4.068951756504303,4.689394950310755,6.982571159680365,0.2720294101747089,6.710541749505656
0.2345,0.942854575212954,0.8889747500000001,0.971578612362376,2.5,-3.59,6.09,0.0648,0.7357791516481015,0.54137096,0.7386271048370754,3.38,-2.77,6.15,9.9132,0.82858660380192,0.68655576,9.947768091386129,13.37,7.1,6.27,-0.0535999999999999,0.0606386015669886,0.00367704,0.0809320702811932,0.09,-0.39,0.48,0.0361,0.0350398344744948,0.0012277899999999,0.050309044912421,0.13,-0.09,0.22,-0.0062,0.0179320941331457,0.0003215599999999,0.0189736659610102,0.07,-0.06,0.13,9.989390817668244,0.8122167764121646,0.6596960918853683,10.022356259882203,13.510373792016264,7.105920067098982,6.404453724917284,0.0824317120996678,0.0514394094087157,0.0026460128403174,0.0971648084442098,0.3973663297261106,0.0173205080756887,0.3800458216504218
1.0477,4.941055728283177,24.414031710000003,5.050911501897454,19.61,-13.41,33.02,0.0290999999999999,10.385118978134049,107.85069619,10.38515974841023,19.61,-19.61,39.22,7.099,4.513677768738039,20.373287,8.412436507932764,19.61,-12.8,32.41,0.7671000000000001,3.4897619675272984,12.17843859,3.5730772451767674,4.37,-4.37,8.74,0.0118,1.0976113884248837,1.2047507600000005,1.097674815234457,4.37,-2.84,7.21,0.0907,2.3776712367356425,5.65332051,2.37940055476164,4.37,-4.37,8.74,13.288752340198537,5.247990019128069,27.541399240867825,14.287488862637828,33.96551633642569,5.4700182815051,28.49549805492059,4.092006705162047,1.6996467647452076,2.8887991249088514,4.430950011002156,7.569062029075994,0.8830628516702534,6.685999177405741
0.8265,6.082353389108529,36.99502275,6.1382509723861896,19.55,-19.61,39.16,0.203,5.64991867198104,31.921581,5.6535643624177485,19.61,-19.61,39.22,9.2149,4.371916397874049,19.11365299,10.199413463528185,19.61,-15.45,35.06,-0.0607999999999999,0.7539226485522239,0.5683993600000001,0.7563702796911048,2.27,-2.64,4.91,-0.0540999999999999,0.7307353761793662,0.5339741899999999,0.7327352864438835,1.72,-4.22,5.94,-0.0254,0.2318767776212184,0.05376684,0.2332637991630934,0.64,-1.02,1.66,12.100767718242782,5.219230846507303,27.24037062913334,13.178351566110234,32.9644748175972,6.426857708087211,26.537617109509988,0.6598063042756216,0.8532670395826536,0.7280646408381457,1.0786143889268305,4.55421782526923,0.0424264068711928,4.511791418398038
0.9257,4.327082909998374,18.72364651,4.424993446322831,14.8,-13.88,28.68,-0.2206999999999999,9.41402275916093,88.62382450999999,9.416609421654908,19.61,-19.61,39.22,7.791499999999998,3.845145348358108,14.78514275,8.688648629102227,19.61,-4.62,24.23,0.5703999999999999,3.023375570451015,9.14079984,3.0767118812134493,4.37,-4.37,8.74,-0.0656999999999999,0.9700404682280014,0.9409785100000002,0.9722628245490004,2.33,-2.96,5.29,0.1841999999999999,2.1622466001823195,4.67531036,2.170078339599748,4.37,-4.37,8.74,12.515428910278606,5.206702813850857,27.10975419176244,13.55528365619842,31.138558091215465,3.032243393924703,28.106314697290763,3.404679989688862,1.878522070089209,3.528845167812249,3.8885332710419234,6.489545438626654,0.2004993765576342,6.289046062069019
0.9969,3.435842748147825,11.805015390000005,3.577544548988873,10.56,-7.03,17.59,0.4213,6.005296771184585,36.063589310000005,6.020056727307476,18.33,-12.1,30.43,8.766399999999999,2.073088285626061,4.29769504,9.008188719159918,13.07,0.14,12.93,0.1832,2.7566218021339086,7.598963759999998,2.762702662249414,4.37,-4.37,8.74,-0.0667,2.0805095794059687,4.32852011,2.081578487590608,4.37,-4.37,8.74,-0.0991999999999999,1.634188287805295,2.6705713600000003,1.637196384066371,3.8,-4.37,8.17,11.063949468198189,2.788618684072282,7.776394165157025,11.409968098114913,20.194756745254445,2.040122545338882,18.154634199915563,3.49949864793157,1.5490049106200785,2.399416213125117,3.8269971256848367,6.698462510158581,0.4396589587396122,6.2588035514189695
0.4762999999999999,0.4169260246134798,0.1738273099999999,0.6329999999999999,1.41,-1.32,2.73,-0.3581,0.3760337617821038,0.14140139,0.519265827876243,1.08,-1.5,2.58,9.8455,0.2298450565054642,0.05282875,9.848182522678997,10.32,8.78,1.540000000000001,-0.0492,0.0180377382174151,0.00032536,0.0524022900262956,-0.0,-0.13,0.13,0.0272,0.0344406736287198,0.00118616,0.0438862165149833,0.13,-0.12,0.25,-0.0088999999999999,0.0093696317963941,8.779e-05,0.01292284798332,0.02,-0.04,0.06,9.879708126145715,0.2199825951530909,0.0483923421702887,9.882156900191376,10.401240310655265,8.979487735945742,1.4217525747095203,0.0659875719653218,0.022014548510507,0.0004846403461214,0.0695629211577547,0.1392838827718412,0.0173205080756887,0.1219633746961524
0.5484,0.0352340744166779,0.0012414399999999,0.5495307088780389,0.65,0.47,0.18,-0.082,0.0323419232575924,0.0010459999999999,0.088147603484156,-0.02,-0.18,0.16,9.8699,0.0433242426361962,0.00187699,9.869995086118331,9.98,9.72,0.2599999999999998,-0.0537999999999999,0.0048538644398046,2.355999999999997e-05,0.054018515344278,-0.05,-0.06,0.0099999999999999,0.0319,0.0039230090491866,1.539000000000001e-05,0.0321403173599763,0.04,0.03,0.01,-0.0097,0.0017058722109231,2.9099999999999992e-06,0.0098488578017961,-0.0,-0.01,0.01,9.885579270432398,0.0433530621437669,0.0018794879972413,9.885674332082765,9.994668578797398,9.73862926699646,0.2560393118009383,0.0634493126666342,0.0047100660432407,2.218472213168954e-05,0.0636238948823474,0.0728010988928051,0.0591607978309961,0.013640301061809
1.1712,4.879996573769289,23.814366560000003,5.018573103980851,19.61,-10.78,30.39,0.8436,11.65412403572229,135.81860704,11.68461672456568,19.61,-19.61,39.22,6.8549,4.295719379801246,18.45320499,8.089676075097197,19.61,-13.84,33.45,0.2407999999999999,3.579759120387851,12.81467536,3.5878489377341407,4.37,-4.37,8.74,-0.0791,0.8729857902623617,0.7621041900000002,0.8765620343136019,2.39,-2.68,5.07,0.2072999999999999,3.0656346341336893,9.39811571,3.072635513691788,4.37,-4.37,8.74,13.988444192066977,5.610938610021288,31.482632085427618,15.071801584415846,33.96551633642569,5.190433507906637,28.77508282851905,4.461079860151221,1.7835011862494394,3.180876481353158,4.804384455890266,6.662874754938742,0.1933907960581371,6.469483958880605
1.0898,2.940605713114221,8.647161959999998,3.136052614354549,8.42,-7.45,15.87,-1.746,7.949788676436625,63.19913999999999,8.139266306000804,18.33,-18.67,37.0,7.383800000000001,2.8592452780410427,8.17528356,7.918067062105498,14.4,0.84,13.56,-0.1172999999999999,3.2943763764937364,10.85291571,3.296464014667838,4.37,-4.37,8.74,0.3869,1.3397773658335923,1.79500339,1.3945232160132723,3.96,-2.64,6.6,0.1098999999999999,2.2112048729143123,4.88942699,2.213934280867434,4.37,-4.37,8.74,11.32036870218018,3.2599877985507093,10.6275204466995,11.780418838054953,21.10220130697269,2.641457930764751,18.46074337620794,3.7779762765693214,1.85466176260778,3.4397702536793964,4.208666653466392,6.677926324840669,0.5135172830587107,6.164409041781958
0.1681,1.345851919789098,1.81131739,1.356309330499499,5.79,-3.4,9.19,0.143,1.5089045695470604,2.276793,1.5156655303859092,4.62,-4.05,8.67,9.441,2.5720277992276834,6.615327000000001,9.785080888781655,19.61,-0.31,19.92,-0.0659,0.1567360520110162,0.0245661899999999,0.1700264685276972,0.34,-0.57,0.91,0.0377,0.0785092988123063,0.00616371,0.087091905479212,0.43,-0.32,0.75,-0.0105,0.0328443297998299,0.0010787499999999,0.0344818792991333,0.07,-0.24,0.31,9.72106191041479,2.3206853155658105,5.3855803338827855,9.994229585115605,20.571431646825168,1.881090109484392,18.69034153734077,0.1599101952724559,0.1100533027579137,0.012111729447925,0.1941210962260413,0.7532595834106592,0.0173205080756887,0.7359390753349705
0.8645999999999999,3.1674754679397283,10.032900840000002,3.2833571234332704,11.75,-9.35,21.1,0.6300999999999999,10.01127798984725,100.22568698999996,10.031087328899098,19.61,-19.61,39.22,6.7329,4.553374198328092,20.73321659,8.128047674564908,18.05,-8.9,26.950000000000003,0.4204,3.36482300277444,11.322033839999996,3.390983633107066,4.37,-4.37,8.74,0.1838,1.7553237764013796,3.0811615600000004,1.7649203948053862,4.37,-4.37,8.74,0.0345999999999999,2.621481420876372,6.872164839999999,2.621709747473965,4.37,-4.37,8.74,12.555865848555024,4.451801746831238,19.818538793089665,13.3217230867482,24.95735963598714,3.858523033493515,21.098836602493623,4.213286821583652,1.9326898765889813,3.7352901590695313,4.635415407490465,7.318483449458638,0.3841874542459709,6.934295995212667
0.2434,0.9898880946854548,0.97987844,1.0193733369085147,3.34,-2.18,5.52,-0.1452,1.4235557453082055,2.0265109600000004,1.430941648006654,4.18,-3.39,7.57,9.8475,1.3710115790904174,1.87967275,9.942481028395276,14.27,5.17,9.1,-0.0559,0.1448523040893723,0.02098219,0.1552642908076419,0.42,-0.35,0.77,0.0417,0.0655141969347102,0.00429211,0.0776595132614157,0.2,-0.14,0.34,-0.0058,0.0171569228010153,0.00029436,0.0181107702762748,0.05,-0.06,0.11,10.00435178899931,1.361098924379231,1.8525902819463,10.096516478469196,14.410669658277508,5.295790781365896,9.114878876911613,0.1360516562845814,0.1093432522939669,0.0119559468222221,0.1745451231057459,0.4346262762420146,0.01,0.4246262762420146
0.2541,1.1785449461093964,1.38896819,1.2056263932081115,5.06,-3.73,8.79,-0.1117,0.8717167601922082,0.75989011,0.8788441272489679,2.91,-2.92,5.83,10.017499999999998,1.917970998216605,3.678612750000001,10.19945679926142,19.61,1.51,18.1,-0.0418999999999999,0.0794442571870365,0.00631139,0.0898164795569276,0.3,-0.37,0.6699999999999999,0.0354,0.0486501798557826,0.00236684,0.0601664358259653,0.26,-0.08,0.34,-0.0070999999999999,0.0208468222998134,0.00043459,0.0220227155455452,0.06,-0.08,0.14,10.119335371563237,1.9631282784956168,3.853872637829164,10.307997914241156,20.460298140545262,1.6300613485387598,18.830236792006502,0.0924479858362439,0.0602110447909819,0.0036253699148216,0.1103267873184024,0.3806573262134856,0.01,0.3706573262134855
0.3419,1.959875860864662,3.84111339,1.9894745537452847,8.39,-4.02,12.41,0.4529000000000001,2.1173900420092657,4.48334059,2.165284969697984,4.94,-7.2,12.14,9.9695,2.1175336479026727,4.483948750000001,10.191902619236508,19.61,1.17,18.44,-0.0391999999999999,0.2099365618466683,0.04407336,0.2135649784023588,0.64,-0.39,1.03,0.0245,0.1008798790641622,0.0101767499999999,0.1038123306741544,0.27,-0.22,0.49,-0.0115,0.0434137075127199,0.00188475,0.0449110231457712,0.14,-0.11,0.25,10.397356960873424,2.1015030878342693,4.416315228176969,10.607607977296292,20.47686255264708,4.8396900727216,15.637172479925477,0.2034427460116368,0.1304417459835792,0.0170150490952446,0.2416691953890689,0.6688049042882386,0.0282842712474619,0.6405206330407767
-0.2062,1.6910533876847296,2.85966156,1.7035785863880777,7.92,-5.19,13.11,-0.2264999999999999,4.168546599235758,17.376780750000005,4.174695557762266,12.31,-12.24,24.55,9.7898,1.3383362656671904,1.7911439600000003,9.88085664302443,13.38,5.73,7.65,-0.0493999999999999,1.4492900468850258,2.10044164,1.4501317181552855,3.18,-3.03,6.21,0.0408999999999999,0.2291772021820669,0.05252219,0.2327981958692979,0.89,-0.45,1.34,0.0198,0.904534112126237,0.81818196,0.9047507944179988,1.77,-2.1,3.87,10.744827340688794,1.5843851863693132,2.5102764187865234,10.861012429787564,15.960031328290054,7.825873753134534,8.13415757515552,1.5423749948814858,0.7724832523520079,0.5967303751643359,1.725007536215422,3.4686020238707123,0.0714142842854285,3.397187739585284
0.2102,1.4964250599345097,2.2392879600000004,1.5111161437824692,2.91,-4.55,7.46,-0.1836999999999999,1.5297435438660951,2.34011531,1.5407339160283324,3.53,-4.92,8.45,9.7997,2.993600325694798,8.96164291,10.246744019443446,19.49,-1.99,21.48,-0.0367999999999999,0.1663903843375571,0.0276857599999999,0.1704112672331263,0.85,-0.5,1.35,0.0282,0.0783119403411765,0.00613276,0.0832346081867392,0.25,-0.27,0.52,-0.0122,0.0484268520554454,0.00234516,0.049939963956735,0.18,-0.29,0.47,10.112875781328734,2.7171380957571327,7.3828394314146975,10.471537422938429,20.43498470760377,2.8128633098677227,17.62212139773605,0.144695053878633,0.1323833123284784,0.0175253413830594,0.1961173118314648,0.8573214099741122,0.0141421356237309,0.8431792743503813
2.6593,3.512813474979849,12.339858510000004,4.405875054969217,10.5,-11.74,22.24,0.0505,6.828522442666497,46.62871875000002,6.82870917523949,19.07,-19.61,38.68,7.1386,2.4181447516639696,5.847424040000001,7.537044115566791,11.83,0.38,11.45,0.4036,3.217415583974194,10.351763040000002,3.242631030505938,4.37,-4.37,8.74,-0.0296999999999999,1.4328506237567125,2.05306091,1.433158400177733,4.12,-4.37,8.49,-0.0607,1.3175372897948658,1.7359045100000003,1.318934797478632,4.17,-3.47,7.640000000000001,10.631929459245642,3.132429404411959,9.812113973624662,11.083773635364446,21.8911877247444,3.4177770553387474,18.473410669405656,3.437242439755692,1.579098606909126,2.493552410342342,3.782616554714474,6.1806310357438425,0.4446346815083142,5.735996354235528
2.160200000000001,3.4860734300929463,12.15270796,4.101118384050867,11.69,-7.52,19.21,-0.3831999999999999,10.674533889589746,113.94567375999998,10.681409832039964,19.61,-19.61,39.22,6.1791,4.554348272804793,20.74208819,7.676155613326244,16.91,-5.11,22.02,0.0377999999999999,3.503955359304682,12.277703160000003,3.5041592429568613,4.37,-4.37,8.74,0.1105,2.030811845051136,4.12419675,2.033815871705204,4.37,-4.37,8.74,-0.0374,2.787428786534286,7.769759240000001,2.787679680307621,4.37,-4.37,8.74,12.89183680872598,4.861645472180992,23.635596697177945,13.77806419639566,24.4195945912294,1.848810428356569,22.57078416287283,4.546020917265748,1.876270454860462,3.520390819782285,4.917997254980934,7.569062029075994,0.6964194138592059,6.872642615216788
0.0320999999999999,1.099428301436706,1.2087425900000002,1.0998968133420517,2.34,-2.99,5.33,0.0702,1.28710681763403,1.65664396,1.2890197826255425,3.23,-3.04,6.27,9.4364,2.1210683723067487,4.49893104,9.671844498336396,13.38,0.73,12.65,-0.0581,0.1540110061002135,0.02371939,0.1646055892125173,0.32,-0.5,0.8200000000000001,0.0336,0.0457278908326198,0.0020910399999999,0.0567450438364444,0.21,-0.08,0.29,-0.0076999999999999,0.0268274113548064,0.00071971,0.0279105714739057,0.07,-0.09,0.16,9.625677559626132,1.939652679762503,3.762252518109859,9.819160911198065,13.523864092780585,1.881090109484392,11.642773983296191,0.1420334844093518,0.1045011450010879,0.0109204893065384,0.1763349086256037,0.503189825016365,0.0141421356237309,0.489047689392634
2.2273,5.243709537150203,27.49648971,5.697135683832711,19.61,-15.08,34.69,1.1035,12.085697693968685,146.06408875,12.135971366149477,19.61,-19.61,39.22,6.417699999999999,6.398614983728901,40.94227371,9.062513282748888,19.61,-18.32,37.93,0.9807,3.5082512039476303,12.307826509999998,3.6427460795394455,4.37,-4.37,8.74,-0.0260999999999999,1.043485404785328,1.08886179,1.0438117646395828,2.11,-3.77,5.88,0.3251000000000001,3.001081303463803,9.00648899,3.018638600429008,4.37,-4.37,8.74,15.032266884299991,5.99159872815076,35.899255319177804,16.1823454109718,33.96551633642569,6.34175054697045,27.62376578945524,4.5290357673798125,1.7202197585757333,2.959156017794354,4.844720941395903,6.74817753174885,0.7495998932764064,5.998577638472444
-0.124,2.0526767889758,4.213482,2.056418731678935,7.13,-7.64,14.77,0.8588,1.7620960700256951,3.1049825600000003,1.960234679827903,4.52,-8.05,12.57,9.2255,4.66280910503529,21.74178875,10.336906645607284,19.61,-7.33,26.94,-0.0584,0.2461370350028617,0.06058344,0.2529703539942971,0.73,-0.95,1.68,0.0334,0.1425147009960726,0.0203104399999999,0.1463762275781146,0.82,-0.43,1.25,-0.0085,0.0492620543623588,0.00242675,0.0499899989997999,0.11,-0.12,0.2299999999999999,10.134492190995136,3.4950085880665016,12.2150850306586,10.720215342986352,21.05433684541026,2.047119928094101,19.00721691731616,0.2328555863639051,0.1835681777953954,0.0336972758991219,0.2965113825808378,0.9596874491208062,0.0141421356237309,0.9455453134970752
0.111,3.2560929040799804,10.602141,3.257984346187072,8.62,-9.6,18.22,2.487,7.583972903432607,57.51664500000001,7.981341616545429,19.24,-15.82,35.06,7.340800000000001,2.4001665275559527,5.76079936,7.723221089674955,12.16,-0.5,12.66,0.5035000000000001,3.1314295058327595,9.80585075,3.171649886100293,4.37,-4.37,8.74,0.2032999999999999,1.673101942500815,2.79927011,1.6854082591467268,4.37,-4.37,8.74,-0.0521999999999999,2.293440899609144,5.259871159999999,2.294034873318189,4.37,-4.37,8.74,11.130409455124912,3.1746504313492525,10.078405361265997,11.574299978832414,20.37878308437479,1.6488480827535323,18.729935001621257,3.844915362888737,1.8382561987443908,3.3791858522221774,4.2617555068304895,7.39991216164084,0.6621933252457322,6.737718836395108
1.3895000000000002,3.285661691349248,10.795572750000003,3.567391624142211,9.08,-13.56,22.64,-0.6570999999999998,7.809078344465498,60.98170459000001,7.8366756344766495,16.25,-17.54,33.79,7.749199999999999,3.202435535650952,10.25559336,8.38484907437218,15.72,-2.47,18.19,0.3957,3.030108663068042,9.181558509999997,3.0558365466758857,4.37,-4.37,8.74,-0.0161,1.5934295685721411,2.5390177899999995,1.5935109036338595,3.73,-4.37,8.1,0.0398,1.891785918120758,3.57885396,1.892204534398964,4.37,-4.37,8.74,11.492724864809688,3.516068426777996,12.36273718178509,12.018546584342053,21.11500651195732,2.6946428334753385,18.42036367848198,3.4664239089807234,1.8551973704290348,3.441757283246805,3.9316474918283295,6.7322136032660165,0.3867815921162743,6.345432011149742
0.8628999999999999,0.0422680730575691,0.00178659,0.8639346040065764,0.99,0.75,0.24,-0.1654,0.0384036456602755,0.00147484,0.169799882214329,-0.09,-0.25,0.16,9.8556,0.0484421304238367,0.00234664,9.855719050378822,9.96,9.75,0.2100000000000008,-0.0535999999999999,0.0047999999999999,2.303999999999998e-05,0.0538144961882948,-0.05,-0.06,0.0099999999999999,0.0322,0.0046,2.1160000000000004e-05,0.0325269119345811,0.05,0.03,0.02,-0.0099999999999999,1.734723475976807e-18,3.009265538105056e-36,0.01,-0.01,-0.01,0.0,9.894849123868216,0.0487218214394959,0.0023738158843821,9.894969075242226,9.99607923137867,9.784932294093812,0.2111469372848589,0.0635140055240707,0.0044689039247117,1.997110228830433e-05,0.0636710295189264,0.0728010988928051,0.0591607978309961,0.013640301061809
0.5797,4.787266956207894,22.91792491,4.8222377585515215,19.61,-19.61,39.22,0.2874999999999999,9.251256279554688,85.58574275000001,9.255722500161724,19.61,-19.61,39.22,8.4957,3.706121761356472,13.735338509999998,9.268886502703548,19.61,-11.57,31.18,0.2532,2.698790795893598,7.28347176,2.710642359294196,4.37,-4.37,8.74,-0.0532999999999999,0.5827264452554046,0.3395701100000001,0.5851589527641187,2.13,-2.63,4.76,0.0797,1.8382880378221471,3.3793029099999994,1.840014945591476,4.37,-4.37,8.74,12.953162829216083,5.20098122663548,27.050205719814706,13.958317699493731,33.96551633642569,2.590559785065768,31.37495655135992,2.712785033787785,1.9278084345849824,3.716445360457,3.328009615370725,6.536872340806419,0.14,6.39687234080642
2.1472,4.882073756099962,23.83464416,5.333395916299484,19.61,-8.65,28.26,0.5302,11.62370302270322,135.11047195999998,11.635788928989731,19.61,-19.61,39.22,5.9549,5.204942938207872,27.09143099,7.908998988494056,19.61,-13.29,32.9,1.1343,3.527094910829592,12.44039851,3.70500134952742,4.37,-4.37,8.74,0.0085,1.6588938332515433,2.75192875,1.6589156096679545,3.84,-4.37,8.21,0.3858,2.90088096274218,8.415110359999998,2.926423072626376,4.37,-4.37,8.74,13.921435252842382,5.708117159004132,32.582601500917406,15.046227467375331,33.96551633642569,2.4942533953069006,31.471262941118788,4.707134163329281,1.6987866165055463,2.8858759684183624,5.00429695361896,7.569062029075994,0.5352569476429054,7.033805081433089
-0.1698999999999999,2.7245107799383,7.42295899,2.729803106452918,5.02,-7.92,12.94,-0.0617,1.765851100744341,3.1182301100000003,1.7669286912606292,3.53,-4.56,8.09,9.664,1.99073654711014,3.963032,9.86691076274636,19.61,-1.86,21.47,-0.0390999999999999,0.1481829612337397,0.02195819,0.1532546899771749,0.36,-0.37,0.73,-0.0006999999999999,0.1567115503082015,0.02455851,0.1567131136822952,0.36,-0.73,1.09,-0.0142,0.0612075158783625,0.00374636,0.06283311228962,0.13,-0.35,0.48,10.26425713744729,1.604623138422964,2.574815416362364,10.38892631603478,20.318154443748085,6.5186578373158985,13.799496606432186,0.1930971230474528,0.121274486479213,0.0147075010707968,0.2280219287700198,0.8339064695755753,0.02,0.8139064695755753
1.2482000000000002,2.9318650651078744,8.59583276,3.186508434007354,8.9,-6.27,15.17,0.9277,7.908952503966628,62.55152971,7.96317505772666,19.07,-19.61,38.68,7.256599999999999,2.717502610854311,7.384820439999998,7.748745963057505,11.83,-3.66,15.49,0.7137999999999998,3.3538800753753857,11.248511560000004,3.4289972295118583,4.37,-4.37,8.74,-0.0051,1.35331555448092,1.83146299,1.3533251641789568,4.12,-4.37,8.49,0.0215,1.3319672480958382,1.7741367500000005,1.3321407583284886,4.37,-3.47,7.84,11.005540619069006,3.533713723835328,12.487132682022136,11.558938402811911,21.47629623561754,3.4177770553387474,18.0585191802788,3.586515756011875,1.581459683924497,2.50101473187857,3.919707897280103,6.566749576464752,0.3056141357987225,6.261135440666029
1.0706999999999998,4.723615194953966,22.31254051,4.843442887038104,19.61,-19.61,39.22,-0.0801,9.857234043584436,97.16506299,9.8575594849841,19.61,-19.61,39.22,7.819100000000001,4.493743004445181,20.193726190000003,9.018428410759826,19.61,-8.14,27.75,0.3663,3.061051667319583,9.37003731,3.0828903645767234,4.37,-4.37,8.74,-0.0424,0.6622690087872147,0.43860024,0.6636248940478349,2.4,-1.86,4.26,0.1678999999999999,2.12515236865501,4.51627259,2.131774612851931,4.37,-4.37,8.74,13.071627900039124,5.5762902581302844,31.09501304291872,14.211350006245008,33.96551633642569,4.37693957006491,29.588576766360777,3.294729254850946,1.9062615605496875,3.6338331372293298,3.806451628485511,6.420194701097468,0.1445683229480096,6.275626378149458
0.0814999999999999,1.4386079208735087,2.0695927499999995,1.4409146400810842,3.05,-4.63,7.68,0.0071,1.9224600359955468,3.69585259,1.922473146756542,7.35,-9.58,16.93,9.3243,2.5715926018714548,6.613088509999999,9.67241743309293,19.18,-0.8,19.98,-0.0423,0.1624798756769588,0.02639971,0.1678958010195609,0.49,-0.61,1.1,0.0147,0.1256141313706383,0.0157789099999999,0.1264713406270369,0.35,-0.69,1.04,-0.0017,0.0401510896489746,0.00161211,0.0401870625948202,0.2,-0.11,0.31,9.72476616350284,2.1809906155667536,4.756720065190248,9.966333177252304,19.335131238240923,1.5314698821720265,17.803661356068897,0.1605513535728737,0.1415000454626007,0.020022262865918,0.2140070092310062,0.7387827826905551,0.0141421356237309,0.7246406470668242
0.1174999999999999,4.414920242767699,19.49152075,4.416483555952632,14.62,-19.61,34.23,0.2562999999999998,7.100292903113223,50.41415931,7.10491724089732,19.61,-13.63,33.24,8.6076,3.0095976873994306,9.05767824,9.118577520644326,19.61,-2.11,21.72,0.2011999999999999,2.6685780033568443,7.121308560000001,2.6761520883537244,4.37,-4.37,8.74,-0.0025,0.779392551927461,0.60745275,0.7793965614499463,4.37,-2.59,6.96,-0.0489999999999999,1.44313443587214,2.082637,1.4439660660832718,4.37,-4.37,8.74,11.624572214151216,4.242988668142254,18.002952837983578,12.374717451319848,31.207055292032923,4.7724521998653895,26.43460309216753,2.559460692271422,1.8175389857489967,3.303447964717493,3.1391538668883374,6.209170637049686,0.0360555127546398,6.173115124295046
0.1466999999999999,1.375795082852094,1.89281211,1.3835942324250994,6.75,-3.38,10.13,0.2558999999999999,2.10952036965752,4.45007619,2.1249849411231128,5.25,-10.91,16.16,9.3166,3.206508450012256,10.281696439999996,9.852955495687576,19.61,-17.63,37.24,-0.0340999999999999,0.5290956340776212,0.27994219,0.5301933609542843,1.58,-1.59,3.17,0.0328,0.2277150851393029,0.0518541599999999,0.2300652081476032,1.15,-1.27,2.42,0.0077,0.1158175720691812,0.0134137099999999,0.1160732527329186,0.56,-0.34,0.9000000000000001,9.961307296662708,2.069536890575834,4.28298294145429,10.174017200693145,21.80384140466996,4.854276465138755,16.9495649395312,0.4510988574221322,0.3794967995022446,0.1440178208324468,0.5894980915999644,2.103069185737835,0.0141421356237309,2.088927050114104
0.2832,0.0301953638825565,0.0009117599999999,0.2848051965818039,0.35,0.22,0.1299999999999999,-0.2042,0.0318490188231914,0.0010143599999999,0.2066688171931121,-0.12,-0.29,0.1699999999999999,9.8763,0.0468541353564442,0.0021953099999999,9.876411139680243,10.03,9.76,0.2699999999999996,-0.0537,0.0048280430818293,2.330999999999997e-05,0.0539166022668342,-0.05,-0.06,0.0099999999999999,0.0312,0.0032496153618543,1.0560000000000006e-05,0.0313687742827162,0.04,0.03,0.01,-0.0098999999999999,0.0009949874371066,9.899999999999998e-07,0.0099498743710662,-0.0,-0.01,0.01,9.88256619739083,0.0469931291592096,0.0022083541881741,9.882677926554118,10.034555296573933,9.76549537913976,0.2690599174341734,0.0630093516607371,0.0044521459200656,1.982160329355694e-05,0.063166446789415,0.0728010988928051,0.0591607978309961,0.013640301061809
0.5213,0.0918657172181222,0.00843931,0.5293325986560812,1.0,0.27,0.73,-0.2894,0.0506521470423515,0.00256564,0.2937992511903324,-0.06,-0.46,0.4,9.8864,0.082164712620443,0.0067510399999999,9.886741424756694,10.39,9.73,0.6600000000000001,-0.0535,0.004974937185533,2.4749999999999985e-05,0.0537308105280387,-0.05,-0.07,0.02,0.0323,0.0077272245987806,5.971000000000002e-05,0.0332114438108312,0.07,0.01,0.06,-0.0098999999999999,0.001729161646579,2.989999999999999e-06,0.0100498756211208,-0.0,-0.02,0.02,9.904892312648352,0.0852952216691403,0.0072752748395877,9.905259562474878,10.438591859058386,9.754737310660907,0.683854548397477,0.0636212691898964,0.0065828646246701,4.3334106666734326e-05,0.0639609255717895,0.1009950493836207,0.058309518948453,0.0426855304351677
-0.0682,1.7793090681497692,3.16594076,1.7806156238784383,5.26,-4.41,9.67,-0.6377000000000002,1.905304099087597,3.6301837100000007,2.009190135353048,4.63,-6.85,11.48,9.4904,2.971015624327816,8.826933839999999,9.944577718535868,18.49,-1.31,19.8,-0.0629,0.2069555266234753,0.04283059,0.2163030281803747,0.51,-0.71,1.22,0.0361,0.1082117830922307,0.01170979,0.1140745370360975,0.45,-0.18,0.63,-0.006,0.0528393792544916,0.002792,0.0531789432012333,0.24,-0.18,0.42,9.954244350440712,2.6486000852750835,7.01508241171918,10.300585565879253,19.66961616300633,2.322003445303215,17.34761271770312,0.201016566873879,0.1490648846718747,0.0222203398422393,0.2502558690620461,0.8448668534153769,0.0223606797749978,0.822506173640379
0.2863000000000001,4.010988071535492,16.08802531,4.0211929821882455,19.61,-19.61,39.22,0.0499,8.146831469350523,66.37086299,8.146984288680075,19.61,-19.61,39.22,7.988999999999999,3.7033642812988297,13.714906999999998,8.805624793278442,19.61,-3.99,23.6,0.1791999999999999,3.096050283829382,9.58552736,3.101232013248928,4.37,-4.37,8.74,-0.0731,1.2799833553605295,1.63835739,1.282069030902783,3.54,-4.37,7.91,-0.1015,2.1613048720622454,4.67123875,2.163686899715391,4.37,-4.37,8.74,11.936958489072907,4.194209821903312,17.591396030150214,12.652366339938151,33.96551633642569,3.4742625116706423,30.491253824755045,3.4270125276312866,2.049016138408436,4.19846713545822,3.992853866597174,6.436909196190358,0.1897366596101027,6.247172536580256
1.2060000000000002,2.7623714449725982,7.630695999999999,3.014155271382017,9.08,-13.56,22.64,0.4166,7.477195894183861,55.90845844,7.488792559551907,16.25,-19.59,35.84,8.0832,2.7759080964614085,7.70566576,8.546565860039927,14.43,-1.95,16.38,0.1954999999999999,3.136372227590341,9.836830749999995,3.142459387167955,4.37,-4.37,8.74,0.0784,1.3848687446830474,1.91786144,1.3870861544979822,3.28,-4.37,7.65,-0.0094,2.059012297194944,4.239531639999999,2.059033753972965,4.37,-4.37,8.74,11.29611469875401,3.257104037729461,10.608726712593558,11.75631464362876,22.64028710065312,2.6946428334753385,19.94564426717778,3.553038338357347,1.8478629727777072,3.4145975661628656,4.004831956524519,6.652954231016475,0.3367491648096547,6.31620506620682
0.5012,0.0315049202506529,0.00099256,0.5021892073710864,0.57,0.42,0.1499999999999999,-0.2873,0.0268646608018787,0.0007217099999999,0.2885532879729496,-0.21,-0.38,0.17,9.868,0.0553714727996286,0.003066,9.86815534940548,10.01,9.74,0.2699999999999996,-0.0518999999999999,0.0039230090491866,1.5389999999999986e-05,0.0520480547186924,-0.05,-0.06,0.0099999999999999,0.0321,0.0040730823708832,1.659000000000001e-05,0.0323573793747268,0.04,0.03,0.01,-0.0098999999999999,0.0009949874371066,9.899999999999998e-07,0.0099498743710662,-0.0,-0.01,0.01,9.884981781917537,0.0555173050353787,0.0030821711583912,9.885137682399774,10.027930992981553,9.758924121028915,0.2690068719526355,0.0619571959407055,0.0040380528927956,1.6305871165015625e-05,0.0620886463051015,0.0728010988928051,0.058309518948453,0.0144915799443521
0.3132,0.9776818296357972,0.95586176,1.0266235921699831,2.96,-2.26,5.22,-0.2321,1.351062023002645,1.8253685900000003,1.37085338384526,3.41,-3.57,6.98,9.890899999999998,1.1618537730712932,1.34990419,9.958905913803989,15.21,4.64,10.57,-0.0531,0.139331941779335,0.0194133899999999,0.1491073438835257,0.36,-0.45,0.81,0.0325,0.0575391171291322,0.00331075,0.0660832807902271,0.25,-0.11,0.36,-0.0064,0.0260583959598437,0.00067904,0.0268328157299974,0.08,-0.07,0.15,10.040038996782984,1.1448226688343237,1.310618943076943,10.10509782238648,15.440858136774652,5.345474721668787,10.095383415105864,0.1343165239506666,0.0963279367255938,0.00927907139381,0.165287628091155,0.4819751030914356,0.02,0.4619751030914356
0.28,5.51725620213526,30.440116,5.524356614122589,19.61,-19.61,39.22,-1.0810000000000002,10.747590101971698,115.510693,10.801817161940855,19.61,-19.61,39.22,6.393999999999998,6.571446872645323,43.183914,9.168813990915073,19.61,-19.61,39.22,0.5301000000000001,3.402746683195797,11.578684989999998,3.4437902084767016,4.37,-4.37,8.74,-0.0901,1.2484690584872338,1.55867499,1.251716022107251,2.36,-4.37,6.73,0.1209,2.1259257254194,4.51956019,2.1293607021827,4.37,-4.37,8.74,13.990838264028932,5.959980257499509,35.52136466978391,15.207396884411216,33.96551633642569,5.579292069788066,28.38622426663762,3.778539194682355,1.9191932039920376,3.6833025542492233,4.238002005662574,7.187676954343455,0.1811077027627483,7.006569251580706
0.0575,0.1298258448845991,0.01685475,0.1419894362267841,0.38,-0.36,0.74,0.3968,0.0775613305713613,0.0060157599999999,0.4043092875510035,0.58,0.04,0.5399999999999999,9.9019,0.0621561742709442,0.0038633899999999,9.90209508134516,10.16,9.78,0.3800000000000008,-0.0573999999999999,0.0162246725698856,0.00026324,0.0596489731680269,-0.01,-0.12,0.11,0.0341999999999999,0.0216877845802654,0.00047036,0.0404969134626331,0.09,-0.04,0.13,-0.0054,0.0062321745803531,3.884e-05,0.0082462112512353,0.02,-0.02,0.04,9.911166015329318,0.0624677243156629,0.0039022165811776,9.911362872985734,10.173190256748372,9.787180390694758,0.3860098660536142,0.0705947186821623,0.0168043355770575,0.0002823856941863,0.0725672102261069,0.1392838827718412,0.04,0.0992838827718411
1.5850000000000002,4.634657160999074,21.480047000000003,4.898190686365732,19.61,-8.16,27.77,0.1954,9.253139620690916,85.62059284000001,9.255202536951852,19.61,-19.61,39.22,7.8887,4.147740265493972,17.203749310000003,8.912650391438003,19.61,-5.93,25.54,0.3334,3.437271365487456,11.81483444,3.453402669831597,4.37,-4.37,8.74,-0.0784,1.1021231510135334,1.21467544,1.1049081409782444,4.14,-2.92,7.06,0.0964999999999999,2.339055525206702,5.471180749999999,2.3410452793570653,4.37,-4.37,8.74,12.564509036496464,5.58744088754402,31.2194956717987,13.75086844530192,33.96551633642569,2.39716499223562,31.568351344190063,3.883041694655359,1.8839565275154408,3.549292197568038,4.315936167275878,7.260158400475847,0.1723368793961408,7.0878215210797055
0.1968,1.178001595924216,1.38768776,1.1943274257924414,5.06,-3.73,8.79,-0.0981999999999999,0.9481543967097344,0.8989967600000003,0.9532261011953042,2.91,-2.91,5.82,10.0468,1.758934836769117,3.0938517600000006,10.199609894500869,19.61,5.85,13.76,-0.0489,0.0859289823051571,0.00738379,0.0988685996664259,0.3,-0.37,0.6699999999999999,0.0341999999999999,0.0476063021038181,0.00226636,0.0586174035590113,0.26,-0.08,0.34,-0.0081,0.0190627909813857,0.00036339,0.0207123151772079,0.06,-0.08,0.14,10.159636962106251,1.774507480458856,3.148876798204437,10.313442684186498,20.460298140545262,6.960962577115323,13.499335563429945,0.0929923006249425,0.0706571441857107,0.0049924320244803,0.1167904105652514,0.3806573262134856,0.01,0.3706573262134855
0.2337,1.4070910809183603,1.97990531,1.426366362474943,5.78,-4.73,10.510000000000002,-0.1098999999999999,1.527242282678161,2.33246899,1.5311913662243528,3.94,-5.36,9.3,10.0358,2.249368435805926,5.059658359999999,10.284791684813063,19.61,4.69,14.919999999999998,-0.0475999999999999,0.1294767932874459,0.01676424,0.1379492660364672,0.37,-0.36,0.73,0.0395999999999999,0.0704119308072147,0.00495784,0.0807836617144828,0.27,-0.16,0.43,-0.01,0.0246576560118759,0.000608,0.0266082693913001,0.05,-0.11,0.16,10.253598621010036,2.2404739050524816,5.019723319221117,10.495523236123104,21.13504435765395,5.999441640686239,15.13560271696771,0.138566672189422,0.0840433064458392,0.0070632773583492,0.1620617166390631,0.3906404996924922,0.02,0.3706404996924922
0.2718,1.251055058740422,1.5651387600000002,1.280239821283497,3.22,-2.97,6.19,-0.2994,1.3267055588939094,1.7601476400000002,1.3600691158908065,4.8,-4.27,9.07,10.0204,2.156963105850445,4.652489839999999,10.24992224360751,16.9,-0.26,17.16,-0.0672,0.1180091521874469,0.01392616,0.1358013254721764,0.22,-0.43,0.65,0.0418,0.072116294968613,0.00520076,0.0833546639366988,0.39,-0.21,0.6,-0.0048,0.0351135301557675,0.00123296,0.0354400902933387,0.2,-0.09,0.29,10.218147830932828,2.0344932797143334,4.1391629052027845,10.418719115131188,17.62540779670076,2.22524155992108,15.40016623677968,0.1333594974567314,0.0941341831540915,0.008861244438088,0.1632360254355637,0.5860034129593444,0.0141421356237309,0.5718612773356135
1.004,3.903907785796176,15.240495999999998,4.030944306238924,12.61,-19.61,32.22,3.0911,9.656087602647355,93.24002778999998,10.138783309648156,19.61,-19.61,39.22,6.1865000000000006,5.13478926052472,26.366060749999995,8.039828542947916,19.61,-9.0,28.61,0.5007999999999999,3.44464038181056,11.86554736,3.4808544927934,4.37,-4.37,8.74,-0.0849,1.2338204853219126,1.52231299,1.2367380482543584,4.06,-4.08,8.14,0.2808,2.703573812567358,7.309311359999998,2.7181169952744857,4.37,-4.37,8.74,12.34002015048953,5.604122115506798,31.4061846855124,13.552943665492007,30.080337431618016,2.522320360303187,27.55801707131483,4.185053847080311,1.875993949094263,3.519353297038288,4.586287060357212,7.069186657600717,0.6034069936618236,6.465779663938894
0.5650999999999999,0.0347705335018029,0.0012089899999999,0.5661687027732988,0.67,0.45,0.22,-0.0713,0.0380172329345521,0.00144531,0.080802227692063,0.01,-0.17,0.18,9.8838,0.0510446863052366,0.00260556,9.883931808748986,10.01,9.76,0.25,-0.0571,0.0045376205218153,2.0589999999999984e-05,0.0572800139664787,-0.05,-0.06,0.0099999999999999,0.0317999999999999,0.0038418745424597,1.4760000000000008e-05,0.0320312347560939,0.04,0.03,0.01,-0.0092,0.0027129319932501,7.359999999999998e-06,0.0095916630466254,-0.0,-0.01,0.01,9.900332079136891,0.0510756577343089,0.0026087228129922,9.900463827518385,10.027287768883468,9.775735266464617,0.2515525024188534,0.0661713290941296,0.004511674402745,2.0355205916385093e-05,0.0663249575951617,0.0728010988928051,0.058309518948453,0.0144915799443521
0.1542,1.6909779300747836,2.85940636,1.6979941107082792,3.61,-4.01,7.619999999999999,-0.1717,1.5460369044754398,2.39023011,1.5555420277189558,6.44,-5.14,11.58,9.9625,1.3368331047666346,1.7871227499999998,10.051792327739369,19.61,7.04,12.57,-0.0628,0.1517305506481802,0.0230221599999999,0.1642132759553867,0.37,-0.6,0.97,0.0282,0.0941847121352504,0.00887076,0.0983158176490436,0.24,-0.58,0.82,-0.0077,0.0350672211616489,0.00122971,0.0359026461420324,0.14,-0.14,0.28,10.224745543917065,1.3401502013386837,1.7960025621481146,10.312197825875918,19.74399655591542,7.19967360371288,12.54432295220254,0.1488305588879282,0.1255805109923786,0.0157704647411069,0.1947331507473753,0.7001428425685718,0.0,0.7001428425685718
-1.6315,3.824924672460884,14.630048749999998,4.158345945204656,6.28,-9.69,15.97,0.9480999999999996,8.64564985353906,74.74726138999999,8.697479807392483,19.61,-15.16,34.77,6.325700000000001,3.3349804362244764,11.12209451,7.150984197996804,12.36,-6.98,19.34,0.2993,2.948854101172182,8.695740509999998,2.964004217270954,4.37,-4.37,8.74,0.1076999999999999,1.5443625578211877,2.3850557100000005,1.548113367941767,4.13,-4.37,8.5,0.2892,2.920601198383648,8.529911360000002,2.93488466553628,4.37,-4.37,8.74,11.478267106939184,3.510549133933039,12.32395522175801,12.003106722844716,21.746700899216872,3.227305377555709,18.519395521661163,3.9019571328740175,2.1378153646219253,4.570254533213575,4.4492161107323165,7.077873974577394,0.2565151067676132,6.821358867809781
-0.3102,2.1978716887025045,4.830639959999999,2.219654027095214,9.01,-14.09,23.1,0.3992999999999999,1.9388513377770868,3.759144509999999,1.979541613606544,5.48,-5.18,10.66,9.775399999999998,2.1241315495985646,4.51193484,10.00351838104974,19.61,6.32,13.29,-0.0635,0.9849866750367744,0.97019875,0.9870314078082824,2.31,-2.9,5.21,0.0331999999999999,0.3063229668177036,0.0938337599999999,0.3081168609472711,1.48,-1.52,3.0,-0.0033,0.3390488312913053,0.11495411,0.3390648905445682,0.77,-1.09,1.86,10.126756923990722,2.522820485568867,6.364623202405935,10.436274670590077,23.61393868036419,6.4625227272327646,17.151415953131426,0.8216000423226724,0.7135162019571687,0.5091053704553831,1.0881782942146934,3.094010342581292,0.0458257569495584,3.048184585631733
1.6123999999999996,4.752920601062046,22.59025424,5.018972803273594,19.61,-15.46,35.07,-0.8461,9.189583004141156,84.44843579,9.228451711961222,19.61,-19.61,39.22,8.1344,3.540392723978514,12.53438064,8.871462337179818,19.61,-7.28,26.89,0.5053,3.2925325981681635,10.840770909999998,3.331080755550667,4.37,-4.37,8.74,-0.1669,0.7766913093372424,0.6032493899999999,0.7944211729303292,2.54,-3.15,5.69,0.1566,2.504032835247972,6.270180439999999,2.508924869341448,4.37,-4.37,8.74,12.88194913784323,4.807560650685546,23.11263941002004,13.749809198676177,33.96551633642569,3.68001358693144,30.285502749494245,3.76209215052923,1.9668682342562631,3.868570650926351,4.245221784547893,6.936591381939691,0.09,6.846591381939692
2.6967000000000003,3.917750133686425,15.34876611,4.756149387897735,19.61,-4.81,24.42,2.818199999999999,8.280484935074757,68.56643075999999,8.746924145092375,19.61,-19.61,39.22,6.376099999999997,3.1461121706004063,9.89802179,7.110040295244464,15.67,-3.77,19.44,0.4642,3.3684914071435594,11.346734359999996,3.400325866736893,4.37,-4.37,8.74,-0.0376,1.5489545635686026,2.3992602400000003,1.5494108557771242,4.1,-4.37,8.469999999999999,-0.0693,1.994883583069448,3.97956051,1.9960869219550537,4.37,-4.37,8.74,11.511356434644473,4.143788729480462,17.170985034569295,12.23447228122243,25.370128103736487,3.3035435520059364,22.06658455173055,3.860166332988215,1.74538502390284,3.0463688816643177,4.236419832830547,7.569062029075994,0.3534119409414458,7.215650088134548
0.5318999999999999,0.0366522850583698,0.0013433899999999,0.5331613264294401,0.6,0.44,0.1599999999999999,-0.2858,0.0378729454888314,0.0014343599999999,0.288298456464824,-0.19,-0.36,0.1699999999999999,9.8663,0.0425124687591771,0.00180731,9.866391589633972,9.98,9.78,0.200000000000001,-0.0526,0.0043863424398922,1.9239999999999985e-05,0.0527825728815865,-0.05,-0.06,0.0099999999999999,0.0323,0.0042083250825001,1.7710000000000012e-05,0.0325729949498046,0.04,0.03,0.01,-0.0096,0.0019595917942265,3.8400000000000005e-06,0.0097979589711327,-0.0,-0.01,0.01,9.884899282363312,0.0427337984889185,0.0018261775332914,9.88499165401772,10.000819966382757,9.795988975085669,0.2048309912970882,0.0626464771639192,0.0042917244728128,1.841889895054048e-05,0.0627933117457584,0.0728010988928051,0.058309518948453,0.0144915799443521
0.0298,5.098117884082321,25.990805960000003,5.098204978225179,18.37,-19.61,37.98,-0.8391000000000001,3.619730126680717,13.10244619,3.715714601526872,7.42,-14.73,22.15,8.9347,4.315853671059759,18.62659291,9.922472322964676,19.61,-18.23,37.84,-0.0181999999999999,0.5176028979826137,0.2679127599999999,0.5179227741661878,1.66,-3.3,4.96,0.0661999999999999,0.6440897142479455,0.4148515600000001,0.6474828183048568,2.99,-3.54,6.53,-0.0455,0.1947479139811258,0.03792675,0.1999924998593697,0.32,-1.0,1.32,11.262245439342358,3.3786851975305874,11.415513664012304,11.758132759924086,26.35349312709797,8.225472630797576,18.1280204963004,0.4941597245145087,0.6951842681388475,0.483281166667745,0.8529214500761486,3.5679826232760723,0.0141421356237309,3.5538404876523413
1.3508000000000004,3.5255361804979395,12.42940536,3.775455734080324,19.61,-8.52,28.13,-0.4830999999999997,8.44073571378704,71.24601939,8.454549367056769,19.61,-16.55,36.16,8.207299999999998,3.393400611481056,11.51516771,8.881156512526958,19.61,-2.02,21.63,0.2891,3.02768462525409,9.16687419,3.0414557369785937,4.37,-4.37,8.74,-0.1607,1.1615397152056404,1.3491745100000003,1.172603513554347,3.06,-3.67,6.73,-0.2586,1.9847508760547248,3.93923604,2.001526917131019,3.14,-4.37,7.51,12.105552927191036,4.250176505390874,18.06400032697658,12.82998098205917,33.96551633642569,5.879540798395738,28.08597553802995,3.4331624962342464,1.6867001139653253,2.8449572744506413,3.825122481699115,6.489545438626654,0.3318132004607411,6.157732238165913
1.2168,4.335178169348984,18.793769760000004,4.502707185682853,19.61,-12.31,31.92,1.6288999999999998,10.731662210021335,115.16857379,10.854579171943978,19.61,-19.61,39.22,7.0752,4.352022858395852,18.94010296,8.306537064264507,19.61,-6.7,26.31,0.6038999999999999,3.367465187644855,11.339821789999998,3.4211864900937514,4.37,-4.37,8.74,-0.0358999999999999,0.9320752061931484,0.8687641899999999,0.932766315858372,3.91,-2.23,6.140000000000001,0.3118999999999999,2.783042470031674,7.74532539,2.800465497020093,4.37,-4.37,8.74,13.40146264611736,5.243626411627836,27.49561794472101,14.39078938071154,33.96551633642569,4.263613490925274,29.701902845500413,4.139335554316207,1.8119266455278296,3.2830781687737334,4.518537042008177,7.3131320239689375,0.4109744517606903,6.902157572208247
0.5616,0.0436513459128123,0.0019054399999999,0.5632938842203065,0.68,0.44,0.24,-0.0691,0.0451241620420811,0.00203619,0.0825287828578611,0.08,-0.19,0.27,9.8715,0.0591840350094517,0.00350275,9.871677415718162,9.97,9.55,0.4199999999999999,-0.0548999999999999,0.0049989998999799,2.4989999999999983e-05,0.0551271258093508,-0.05,-0.06,0.0099999999999999,0.0323999999999999,0.0047159304490206,2.224000000000001e-05,0.0327414110874898,0.04,0.02,0.02,-0.0092,0.0030594117081556,9.359999999999998e-06,0.0096953597148326,-0.0,-0.02,0.02,9.887900640274504,0.0595560917037674,0.0035469280590275,9.888079995631102,9.990090089683877,9.565589370237468,0.4245007194464101,0.0646898750525985,0.0044966727342768,2.02200656791892e-05,0.0648459713474939,0.0728010988928051,0.0574456264653802,0.0153554724274248
0.7091,0.1911077968058865,0.03652219,0.7344011165568854,1.23,0.38,0.85,-0.092,0.0703704483430367,0.004952,0.115827457884562,0.13,-0.3,0.43,9.8681,0.0616716304308554,0.00380339,9.86829270948121,9.99,9.56,0.4299999999999997,-0.0578,0.0314509141361582,0.00098916,0.0658027355054484,0.03,-0.28,0.31,0.0361999999999999,0.0955801234567103,0.00913556,0.1022056749892098,0.88,-0.25,1.13,-0.0053,0.0274392055278574,0.00075291,0.0279463772249642,0.22,-0.04,0.26,9.89607622713389,0.0603100883395562,0.003637306755525,9.8962600006265,10.028653947564449,9.6388847902649,0.3897691572995487,0.0815413877813848,0.0943822127240394,0.0089080020786858,0.1247277034182863,0.9188035698668132,0.0316227766016837,0.8871807932651294
0.3062,0.9264186742504708,0.85825156,0.9757099978989658,2.73,-2.43,5.16,-0.0679999999999999,1.0426418368740054,1.087102,1.0448569280049782,3.31,-3.96,7.27,9.6207,1.440656277534652,2.0754905100000003,9.727967876180513,12.9,3.87,9.03,-0.0322999999999999,0.0919984238995429,0.00846371,0.0975038460779881,0.51,-0.23,0.74,0.0312999999999999,0.0487576660639124,0.00237731,0.0579396237474839,0.12,-0.21,0.3299999999999999,-0.0079,0.0195599079752436,0.00038259,0.0210950231097289,0.03,-0.13,0.16,9.734277636204228,1.385977597688449,1.920933901294244,9.83245111861737,13.254636924487972,4.136109282888933,9.11852764159904,0.0946704787728366,0.0659279944251445,0.0043465004489218,0.1153646392964499,0.5666568626602876,0.02,0.5466568626602876
0.3973,3.36075552666361,11.29467771,3.384157945486587,10.07,-13.32,23.39,0.5284,8.108091356170084,65.74114544000001,8.125290887100595,19.61,-19.61,39.22,8.5776,2.958775462923809,8.754352240000001,9.073564569671612,15.29,-1.33,16.619999999999997,0.2374,3.0693320511147046,9.42079924,3.078499309728687,4.37,-4.37,8.74,0.0631999999999999,0.7623763899806971,0.5812177599999999,0.7649915032207873,2.41,-2.7,5.11,0.0993999999999999,2.2053289187783305,4.863475640000001,2.207567892500704,4.37,-4.37,8.74,12.10461332238208,3.6442814539508728,13.280787315610286,12.641299418967971,24.58080958796923,3.4353165792980422,21.14549300867119,3.5004086651198776,1.6379454133620188,2.682865177153675,3.8646767005792353,6.376417489468518,0.2860069929215018,6.090410496547016
0.8173,4.689090712494268,21.98757171,4.759784764041332,19.61,-17.05,36.66,0.0616,9.725196935795182,94.57945544,9.72539202294694,19.61,-19.61,39.22,7.242099999999999,4.736049048521352,22.43016059,8.653217494088542,19.61,-19.61,39.22,0.4813000000000001,3.257109041773087,10.608759309999998,3.2924776384965773,4.37,-4.37,8.74,-0.3425999999999999,0.9222338315199676,0.8505152400000001,0.9838140068122632,1.61,-4.37,5.98,-0.0742,2.5334846279383663,6.418544360000001,2.534570969612017,4.37,-4.37,8.74,12.962073892806185,4.909339507248647,24.10161439743238,13.860626753505777,32.68629988236662,4.42147034367528,28.264829538691338,3.863845759849327,1.8174281124969929,3.303044944094381,4.26993547960622,6.570136984873299,0.2624880949681337,6.307648889905165
0.0719999999999999,2.718038998984378,7.3877359999999985,2.7189924604529523,6.29,-12.45,18.74,0.7763,1.855763268846541,3.44385731,2.0115911612452466,5.09,-5.66,10.75,9.4832,4.096532650913453,16.78157976,10.33018208939223,19.61,-3.99,23.6,-0.0604,0.2213952122336885,0.04901584,0.229486383038297,0.44,-0.86,1.3,0.0276999999999999,0.150418449666256,0.02262571,0.1529477034806342,0.37,-0.84,1.21,-0.0082,0.0653969418245226,0.00427676,0.0659090282131363,0.29,-0.22,0.51,10.238666471650816,3.6499027223055496,13.32178988229346,10.86977833260642,21.18142110435464,1.548709139896837,19.6327119644578,0.2210638103077176,0.1775719340780897,0.0315317917722334,0.2835507009337131,0.9246080250571048,0.0173205080756887,0.9072875169814162
0.6148,0.8224700359283614,0.6764569600000001,1.0268573416010618,4.57,-1.42,5.99,-0.5368999999999999,0.997208799600164,0.99442539,1.1325577247981666,5.01,-3.75,8.76,9.8438,0.4734316846177493,0.22413756,9.855178131317569,10.81,7.01,3.8000000000000007,-0.0507999999999999,0.0719260731584868,0.0051733599999999,0.0880567998510052,0.24,-0.26,0.5,0.0047,0.136194383144093,0.01854891,0.1362754563375224,0.55,-0.59,1.14,-0.0108,0.0194771661183037,0.00037936,0.02227105745132,0.07,-0.09,0.16,9.962233025595868,0.464297473315351,0.2155721437270191,9.97304662578091,11.810753574603105,7.649745093792341,4.161008480810764,0.1243318737595761,0.1065954275165347,0.0113625851674328,0.1637711818361215,0.6067948582511227,0.0223606797749978,0.5844341784761248
0.3673,0.0329804487537692,0.0010877099999999,0.3687777108232003,0.45,0.28,0.1699999999999999,-0.2317,0.0328041155954554,0.00107611,0.2340106835168001,-0.13,-0.31,0.18,9.8775,0.0427872644603508,0.00183075,9.877592672306344,10.06,9.79,0.2700000000000013,-0.0537,0.0048280430818293,2.330999999999997e-05,0.0539166022668342,-0.05,-0.06,0.0099999999999999,0.0314,0.0034698703145794,1.2040000000000003e-05,0.0315911379978626,0.04,0.03,0.01,-0.0097,0.0017058722109231,2.9099999999999992e-06,0.0098488578017961,-0.0,-0.01,0.01,9.887151932820885,0.0426808776420334,0.0018216573162942,9.887244054841572,10.067517072247757,9.80170393350054,0.2658131387472142,0.0631115973260283,0.0043504348009424,1.8926282957250893e-05,0.0632613626157388,0.0728010988928051,0.058309518948453,0.0144915799443521
0.2041,1.381476814861545,1.90847819,1.3964723412943056,2.78,-4.02,6.799999999999999,0.0621,1.2854137816283129,1.65228859,1.286912972970589,3.53,-3.13,6.66,9.8179,2.2698944006274826,5.152420589999999,10.076883496399072,17.95,-1.67,19.62,-0.0289999999999999,0.1229105365703038,0.015107,0.1262853910790951,0.25,-0.4,0.65,0.028,0.0656048778674269,0.004304,0.071330218000508,0.23,-0.23,0.46,-0.0064999999999999,0.0405555175037873,0.00164475,0.0410731055558257,0.26,-0.11,0.37,10.0768312610355,1.8992979588831584,3.6073327366177312,10.254260626685866,17.95362358968239,3.3807395640599114,14.57288402562248,0.1285218846175928,0.0787726169067789,0.0062051251743421,0.1507415005895854,0.4159326868617085,0.01,0.4059326868617084
0.3289,0.0337311428801337,0.00113779,0.3306251654063858,0.41,0.23,0.1799999999999999,-0.2202999999999999,0.0335396779948764,0.00112491,0.2228385065467815,-0.14,-0.31,0.1699999999999999,9.8797,0.0462050863001034,0.00213491,9.879808044693986,10.05,9.78,0.2700000000000013,-0.0538,0.0048538644398046,2.355999999999997e-05,0.054018515344278,-0.05,-0.06,0.0099999999999999,0.0316,0.0039293765408777,1.544e-05,0.0318433666561813,0.04,0.02,0.02,-0.0098,0.0014,1.960000000000001e-06,0.0098994949366116,-0.0,-0.01,0.01,9.88774204380921,0.0461982151998328,0.00213427508765,9.887849968521971,10.056530216729824,9.787221260398685,0.269308956331141,0.0633114325431702,0.004654300090412,2.1662509331609542e-05,0.0634822809924155,0.0728010988928051,0.0547722557505166,0.0180288431422885
0.5615,0.0298119103715276,0.0008887499999999,0.5622908500055821,0.62,0.49,0.13,-0.0619999999999999,0.0314960314960472,0.000992,0.0695413546028548,0.03,-0.15,0.18,9.8805,0.0491604515845817,0.00241675,9.880622298215837,9.98,9.76,0.2200000000000006,-0.0579,0.0040730823708832,1.6589999999999985e-05,0.0580430874437258,-0.05,-0.06,0.0099999999999999,0.0314999999999999,0.0035707142142714,1.2750000000000008e-05,0.0317017349682947,0.04,0.03,0.01,-0.009,0.003,9e-06,0.0094868329805051,-0.0,-0.01,0.01,9.896729723155309,0.0494447855114426,0.0024447868142725,9.896853237266884,9.998269850329104,9.77356639103659,0.224703459292515,0.0666900944216363,0.0040535547403758,1.643130603322326e-05,0.0668131723539602,0.0728010988928051,0.0591607978309961,0.013640301061809
0.1239,0.9042531669836718,0.8176737900000001,0.9127020324289852,1.57,-2.68,4.25,-0.2297999999999999,0.9475093456003482,0.89777396,0.9749779484685794,2.51,-3.96,6.47,9.7155,1.1759067777676937,1.38275675,9.786403680617308,12.86,5.87,6.989999999999999,-0.039,0.0646761161480805,0.004183,0.0755248303539968,0.17,-0.29,0.4599999999999999,0.0335,0.0370776212829248,0.00137475,0.0499699909945959,0.09,-0.11,0.2,-0.0071,0.0162662226715362,0.00026459,0.0177482393492988,0.04,-0.07,0.11,9.815523980425844,1.101268809004053,1.2127929896852054,9.877110103668986,12.963232621533871,6.663797716017497,6.299434905516376,0.0824800127836516,0.0413889778951917,0.0017130474912086,0.0922821759604746,0.2988310559496787,0.0223606797749978,0.2764703761746808
0.5293000000000001,0.0831655577748385,0.00691651,0.5357938036222517,0.69,-0.04,0.73,-0.2974,0.080481302176344,0.00647724,0.3080973872008655,0.01,-0.66,0.67,9.8577,0.0882480028102618,0.0077877099999999,9.85809499852786,10.29,9.45,0.8399999999999999,-0.0533,0.0049101934788763,2.410999999999998e-05,0.0535256947642905,-0.05,-0.07,0.02,0.0308999999999999,0.0102073502928037,0.00010419,0.0325422801905459,0.05,-0.03,0.08,-0.0098999999999999,0.0009949874371066,9.899999999999996e-07,0.0099498743710662,-0.0,-0.01,0.01,9.877058696788362,0.0880198852383015,0.0077475001973637,9.877450885729578,10.293041338690912,9.473104031942222,0.8199373067486899,0.0632681838864022,0.0044874165971524,2.013690771639921e-05,0.0634271235355979,0.076811457478686,0.0519615242270663,0.0248499332516197
-0.2749,1.3922646982524551,1.93840099,1.419144460581797,5.44,-5.24,10.68,0.2510000000000001,3.399025889869037,11.553377,3.4082807982911265,10.49,-7.18,17.67,9.683700000000002,1.8112110064815747,3.280485309999999,9.851625804911594,19.61,-0.68,20.29,-0.073,1.1863047669127862,1.407319,1.1885486948375317,2.0,-2.46,4.46,0.0745,0.2970164136878633,0.0882187499999999,0.3062172431461037,1.75,-0.38,2.13,-0.0260999999999999,0.783433334751592,0.6137677900000001,0.7838679735771835,1.57,-1.51,3.08,10.389666016030642,1.6552099792286183,2.739720075338003,10.520688190417962,20.457609831062864,4.024649053023133,16.43296077803973,1.296761273550533,0.662779148298738,0.4392761994196004,1.4563193331134487,2.6378210705049727,0.0648074069840786,2.5730136635208942
0.4693,0.0278300197628388,0.00077451,0.4701244516082949,0.54,0.4,0.14,-0.2774,0.0335147728621275,0.00112324,0.2794172507201372,-0.19,-0.34,0.15,9.871600000000004,0.0416826102829465,0.00173744,9.87168800155272,9.97,9.75,0.2200000000000006,-0.0519999999999999,0.0039999999999999,1.5999999999999982e-05,0.0521536192416211,-0.05,-0.06,0.0099999999999999,0.032,0.004,1.600000000000001e-05,0.0322490309931942,0.04,0.03,0.01,-0.0098,0.0014,1.960000000000001e-06,0.0098994949366116,-0.0,-0.01,0.01,9.886737480761363,0.0416771701106854,0.001736986508435,9.88682532464289,9.98667612371604,9.764394502476843,0.2222816212391958,0.0619922182821824,0.0038684457414107,1.4964872454238916e-05,0.0621128006130781,0.0728010988928051,0.058309518948453,0.0144915799443521
0.5103,1.9423606539466352,3.77276491,2.0082756284932604,5.72,-4.9,10.62,1.4698999999999998,9.084449845202515,82.52722899,9.202599361050115,19.61,-19.61,39.22,6.4116,3.850817762501882,14.82879744,7.479131767792301,15.65,-10.48,26.130000000000003,0.1969999999999999,3.269571072786154,10.690095,3.27550057243164,4.37,-4.37,8.74,-0.0609,1.2431549340287396,1.54543419,1.2446457327287954,2.9,-4.36,7.26,-0.1201,2.3927154009618445,5.725086989999999,2.3957276556403486,4.37,-4.37,8.74,11.341877277261364,4.002528929007555,16.020237827542363,12.027402795283775,22.31493222037656,1.1806354221350466,21.134296798241515,3.7677412957932246,1.954912665050384,3.821683527974395,4.244709412904493,7.563292933636776,0.3612478373637688,7.202045096273007
-0.1205,0.1406298332502744,0.0197767499999999,0.1851944923587092,0.27,-0.63,0.9,0.3782,0.067147300764811,0.00450876,0.3841145662429375,0.54,0.15,0.39,9.8967,0.0612544692247023,0.00375211,9.89688956187751,10.09,9.77,0.3200000000000003,-0.058,0.010295630140987,0.000106,0.0589067059000925,-0.01,-0.08,0.07,0.0317,0.0226298475469897,0.00051211,0.0389486841883008,0.09,-0.01,0.0999999999999999,-0.0059,0.0116700471292964,0.00013619,0.013076696830622,0.01,-0.11,0.12,9.905894357521944,0.0593378261729292,0.0035209776149287,9.906072077266549,10.097182775408198,9.779994887524223,0.3171878878839731,0.0708045276078623,0.0120299156367555,0.0001447188702274,0.0718192174839019,0.1122497216032182,0.0412310562561766,0.0710186653470416
0.05,0.9484692931244532,0.899594,0.949786291751992,2.89,-1.77,4.66,-0.2922,1.466783951371162,2.15145516,1.4956055629744094,2.89,-3.56,6.45,9.5755,0.9759481287445556,0.95247475,9.625106492917364,11.57,5.17,6.4,-0.0908,0.1664913210951249,0.02771936,0.1896417675513493,0.34,-0.44,0.78,0.0432,0.0643254226569868,0.0041377599999999,0.077485482511242,0.23,-0.13,0.36,-0.0072,0.0235406032208182,0.00055416,0.0246170672501823,0.09,-0.09,0.18,9.737395686029943,0.9822068283642972,0.9647302536854518,9.78680770220811,11.956128135813868,5.209712084175093,6.746416051638775,0.1660987599638965,0.1224140593986487,0.0149852019384558,0.2063346795863458,0.4837354648979129,0.0141421356237309,0.469593329274182
1.7291000000000003,5.5838250500888735,31.17910219000001,5.845416067312917,19.61,-18.44,38.05,0.7465,11.942147242016404,142.61488075,11.965456238689772,19.61,-19.61,39.22,6.1074,6.750712054294717,45.57211324,9.103430562156223,19.61,-18.32,37.93,0.7787,3.5169969164046764,12.369267310000003,3.6021717060684377,4.37,-4.37,8.74,-0.1724,1.3756839171844673,1.89250624,1.3864443732079554,3.77,-4.37,8.14,0.0436,2.926417782887468,8.563921040000002,2.926742557861897,4.37,-4.37,8.74,14.898874269725267,6.183609422895205,38.23702549491837,16.131133872112027,33.96551633642569,3.682471995820199,30.28304434060549,4.551411870209264,1.6578121086897069,2.7483409877182123,4.843933422333548,7.569062029075994,0.8989438247187641,6.670118204357229
0.5767,4.101457559209896,16.82195411,4.141803592639323,19.34,-17.96,37.3,-0.3154999999999999,8.165255583874885,66.67139875,8.17134866469422,19.61,-19.61,39.22,7.294999999999999,4.461653393081987,19.906351,8.551220731568096,19.61,-19.61,39.22,0.1636,3.4401850299075485,11.83487304,3.444072879600547,4.37,-4.37,8.74,-0.0015,0.8316530226001707,0.69164675,0.8316543753266737,3.03,-2.24,5.27,-0.0472,2.2598035666845027,5.10671216,2.2602964407351527,4.37,-4.37,8.74,11.626593330570486,4.676663289732749,21.87117952553394,12.531913341545255,30.13570307791076,1.6713467623446667,28.464356315566093,3.746726491670605,1.903750928197719,3.624267596613677,4.202645238418299,6.882928155952233,0.1723368793961408,6.710591276556092
0.5106,0.033520739848637,0.00112364,0.5116991303490753,0.58,0.4,0.1799999999999999,-0.2827,0.0276353035083749,0.0007637099999999,0.2840475312337708,-0.17,-0.34,0.17,9.8658,0.0440040907189319,0.0019363599999999,9.865898134483247,10.02,9.78,0.2400000000000002,-0.0536999999999999,0.0048280430818293,2.330999999999997e-05,0.0539166022668342,-0.05,-0.06,0.0099999999999999,0.0312,0.0035440090293338,1.2560000000000003e-05,0.0314006369362151,0.04,0.02,0.02,-0.0098,0.0014,1.960000000000001e-06,0.0098994949366116,-0.0,-0.01,0.01,9.883142458356472,0.0442735567984233,0.0019601478315832,9.883241624082656,10.038715057217232,9.79374290044414,0.2449721567730947,0.063020107643553,0.0044120327055659,1.946603259498324e-05,0.0631743618883483,0.0728010988928051,0.0547722557505166,0.0180288431422885
0.9222,4.1130024507651335,16.916789159999997,4.215120638842974,19.61,-10.29,29.9,-0.5035999999999998,9.261826765816773,85.78143503999998,9.275507964526794,19.61,-19.61,39.22,8.0347,4.135952479175746,17.10610291,9.036730990795288,19.61,-19.61,39.22,0.1433,3.2093167668524094,10.299714110000002,3.212514435765231,4.37,-4.37,8.74,-0.0979,0.9210019489664504,0.8482445900000001,0.9261905851389336,3.06,-3.67,6.73,-0.0076999999999999,2.19166916070834,4.80341371,2.19168268688695,4.37,-4.37,8.74,12.816175245109216,4.605480331805763,21.210449086649724,13.618546067770964,33.96551633642569,5.930750374109502,28.034765962316182,3.537101046387406,1.862918996533427,3.4704671876451108,3.997693209839895,6.359544008810695,0.2118962010041709,6.147647807806524
0.2991,0.0329270405593943,0.0010841899999999,0.300906962365446,0.37,0.18,0.19,-0.2168,0.0298958191056876,0.00089376,0.2188515478583599,-0.13,-0.3,0.1699999999999999,9.8781,0.0419450831445118,0.00175939,9.878189054680014,9.99,9.78,0.2100000000000008,-0.0547,0.0049909918853871,2.490999999999998e-05,0.0549272245794378,-0.05,-0.06,0.0099999999999999,0.0315999999999999,0.0036660605559646,1.3440000000000009e-05,0.0318119474411737,0.04,0.03,0.01,-0.0098999999999999,0.0009949874371066,9.899999999999998e-07,0.0099498743710662,-0.0,-0.01,0.01,9.885105979714446,0.0417105479909871,0.0017397698137084,9.88519397887568,9.995589027165932,9.787241695186646,0.2083473319792865,0.0640814019241402,0.0046447742072997,2.157392743679679e-05,0.064249513616836,0.0728010988928051,0.0591607978309961,0.013640301061809
0.577,4.533623826477005,20.553745,4.570194087782268,17.34,-17.46,34.8,-0.2013999999999996,9.52245882322418,90.67722204,9.524588390056548,19.61,-19.61,39.22,7.255699999999999,5.017356326792029,25.17386451000001,8.821510471568914,17.39,-14.66,32.05,0.4282999999999999,3.0879278019409715,9.53529811,3.117489214095215,4.37,-4.37,8.74,-0.0566999999999999,0.9852776816715176,0.9707721100000002,0.9869077971117668,3.15,-2.33,5.48,0.0412,2.7432481768881214,7.525410560000001,2.743557544503122,4.37,-4.37,8.74,13.01667897545605,4.470970079291561,19.98957344992039,13.763121193973408,28.55170923079737,5.175519297616424,23.37618993318096,3.8337526517235614,1.8767457487370405,3.5221746054025544,4.2684697492192685,6.604748291948756,0.3618010503025109,6.242947241646244
-0.1836999999999999,1.2070572935863484,1.45698731,1.2209557731547855,2.47,-3.3,5.77,-0.0084,3.5987169157909595,12.950763439999998,3.5987267192716925,7.86,-8.21,16.07,9.8848,1.014321921285348,1.02884896,9.93670569152574,15.01,7.57,7.439999999999999,-0.0667,1.1373918014475046,1.2936601099999998,1.1393458649593633,2.4,-2.46,4.859999999999999,0.0403999999999999,0.1820325245663532,0.03313584,0.1864617923329066,0.75,-0.51,1.26,0.0057,0.6821748382929409,0.46536251,0.6821986514205375,1.64,-1.71,3.35,10.575530926854082,1.1566471437533563,1.3378326151527975,10.638594221042553,16.39695703476715,8.102653886227648,8.294303148539504,1.210746641888057,0.5765106843388008,0.3323645691567924,1.3409966442911034,2.598576533412091,0.033166247903554,2.565410285508537
0.0303999999999999,5.305109785857405,28.14418984,5.3051968860731264,15.44,-19.61,35.05,-0.5382999999999999,9.75015046601846,95.06543411,9.764998771121274,19.61,-19.61,39.22,6.9606,4.210280470467496,17.726461640000004,8.134888690080523,16.46,-11.9,28.36,0.0555,3.130561730744181,9.80041675,3.1310536565188407,4.37,-4.37,8.74,0.062,1.4337301001234506,2.055582,1.4350700331342718,4.37,-4.37,8.74,-0.0731999999999999,2.5200979663497214,6.350893760000002,2.521160843738456,4.37,-4.37,8.74,12.877918421460874,4.882207096201334,23.835946130198664,13.77231748835322,29.200065068420653,2.471011938457603,26.72905312996305,3.716776769522716,2.098748542712131,4.404745445536293,4.268392554580705,7.1673356276931806,0.2519920633670831,6.915343564326098
0.4131000000000001,1.6261240389342997,2.6442793899999995,1.677775610741794,5.85,-3.78,9.63,0.2136,1.5774108659445707,2.48822504,1.5918071491232848,6.85,-3.91,10.76,9.8422,2.9297585497784624,8.583485159999999,10.269001217255749,19.61,-1.88,21.49,-0.0595,0.1757348855520724,0.03088275,0.1855343633939546,0.5,-0.64,1.14,0.037,0.0961717214153932,0.009249,0.1030436800585072,0.25,-0.35,0.6,-0.0023,0.0563534382269617,0.0031757099999999,0.0564003546088143,0.22,-0.23,0.45,10.178654216051632,2.6825669330054644,7.196165350054344,10.52621332673816,20.48648823005056,4.00731830530094,16.47916992474962,0.174318753467714,0.1335476401493578,0.0178349721894623,0.2195950819121412,0.7121797525905942,0.0141421356237309,0.6980376169668633
1.6442,5.604901815375538,31.41492436,5.841088768371868,16.34,-19.61,35.95,-0.2298,11.810156474831317,139.47979596000002,11.81239196775996,19.61,-19.61,39.22,6.178000000000001,5.053593572894441,25.538808000000003,7.981634669665105,19.61,-12.45,32.06,0.8377000000000001,3.504107548292432,12.27876971,3.6028476237554097,4.37,-4.37,8.74,0.0003,1.1880315273594384,1.41141891,1.1880315652372206,1.95,-4.09,6.04,0.2951999999999999,2.632175328506823,6.92834696,2.6486770282539167,4.37,-4.37,8.74,14.259015474069509,5.834200177423318,34.03789171024627,15.406408212169378,31.826526671944585,4.799770827862513,27.02675584408207,4.26500615645958,1.7936394524435175,3.2171424853618813,4.626815319417882,7.410931115588649,0.8213403679352428,6.589590747653406
1.1905,5.550162767883479,30.80430675,5.676407050238733,19.0,-13.88,32.88,-0.0607999999999999,11.07143682454992,122.57671336,11.071603768199076,19.61,-19.61,39.22,6.176699999999999,5.8313420505060405,34.00455010999999,8.494478971661534,19.61,-14.14,33.75,0.5209999999999999,3.322546764155472,11.039317,3.363147038117721,4.37,-4.37,8.74,-0.0909,0.9826495764004584,0.9656001900000004,0.9868449726274132,1.48,-3.56,5.04,0.2036,2.608120978789136,6.802295040000001,2.61605580980223,4.37,-4.37,8.74,13.720842595346223,6.220663829024412,38.69665847373266,15.06513126394855,31.138558091215465,3.014067019825538,28.12449107138993,3.874833807825023,2.028307659536942,4.114031961736227,4.373599089994418,7.132138529221092,0.2004993765576342,6.9316391526634575
0.565,0.0326955654485436,0.0010689999999999,0.5659452270317332,0.66,0.47,0.19,-0.0642,0.0312467598320209,0.00097636,0.0714002801114953,0.01,-0.16,0.17,9.8893,0.0504431363021769,0.0025445099999999,9.889428648814857,10.0,9.76,0.2400000000000002,-0.0574,0.0043863424398922,1.9239999999999985e-05,0.057567351858497,-0.05,-0.06,0.0099999999999999,0.0313,0.00336303434416,1.1310000000000004e-05,0.0314801524773943,0.04,0.03,0.01,-0.0086,0.0034698703145794,1.2040000000000003e-05,0.0092736184954957,-0.0,-0.01,0.01,9.90574000457744,0.0500595816420301,0.002505961714175,9.905866494153855,10.015358206275002,9.777141709109058,0.2382164971659435,0.0661367383869213,0.0041148311678511,1.6931835539919517e-05,0.0662646210281172,0.0728010988928051,0.058309518948453,0.0144915799443521
0.8140999999999999,2.328921250278764,5.42387419,2.467110252907234,6.74,-6.04,12.78,-1.1207999999999998,6.73940942219717,45.41963935999999,6.831971311415176,15.13,-18.12,33.25,8.085,2.883939146376012,8.317105,8.583957711918204,13.42,0.16,13.26,0.3097999999999999,3.1151632316782374,9.70424196,3.130529987078865,4.37,-4.37,8.74,0.0446999999999999,1.301359638993003,1.69353691,1.3021271059309072,3.89,-3.88,7.77,0.0725,1.3415471478856045,1.7997487499999998,1.343504745060471,3.19,-4.37,7.56,10.79999987575714,3.131580700484302,9.806797683645753,11.24485637969645,21.08023007464577,1.8104419349981928,19.26978813964758,3.219857622606213,1.7126806153351144,2.933274890144666,3.6470204276916247,6.436909196190358,0.2220360331117451,6.214873163078613
-0.2448999999999998,4.805998230336753,23.09761899,4.812233888746473,19.61,-19.61,39.22,-0.3208999999999999,4.608656006907003,21.23971019,4.61981460666984,13.0,-19.61,32.61,9.6829,3.864574826549487,14.934938589999996,10.425617056078742,19.61,-19.61,39.22,-0.0315,0.7638434067267976,0.58345675,0.7644926422144297,1.89,-4.37,6.26,-0.0072999999999999,0.5511784738176918,0.30379771,0.5512268135713283,1.38,-2.9,4.279999999999999,-0.0263999999999999,0.2043747538224817,0.0417690399999999,0.2060728026693478,0.57,-0.92,1.49,11.542528044487767,4.468089003389848,19.96381934221328,12.377147207656538,30.624243664129896,7.059362577456977,23.56488108667292,0.611244935224319,0.7464218841664666,0.557145629162618,0.9647621468527876,4.5896731909799415,0.0374165738677394,4.552256617112202
2.4272000000000005,4.149147642588777,17.215426160000003,4.806945599858604,14.29,-9.39,23.68,1.4098999999999997,7.675602842122565,58.91487899,7.804018003567137,19.06,-19.61,38.67,6.853799999999999,3.0731286273112617,9.44411956,7.511237847385742,12.66,-3.66,16.32,0.4347000000000001,3.3546282819412347,11.25353091,3.382675716056743,4.37,-4.37,8.74,0.0455999999999999,1.3983206499226135,1.95530064,1.3990639728046748,3.83,-4.37,8.2,-0.0902999999999999,1.6733346676621506,2.80004891,1.6757693755406795,4.37,-4.37,8.74,11.245624143750824,3.7368508958063216,13.964054617488507,11.850237001849372,21.47629623561754,3.621670885102621,17.85462535051492,3.6976332057971497,1.5923525600149906,2.5355866753862943,4.025925732052195,6.566749576464752,0.3056141357987225,6.261135440666029
2.0919000000000003,3.83205106829228,14.68461539,4.365851692396342,11.39,-8.67,20.06,0.8317999999999998,8.399291205810165,70.54809275999999,8.440378190578903,17.06,-19.61,36.67,6.9464,3.302127653498574,10.904047039999998,7.691327583714011,12.38,-5.9,18.28,0.3432,3.1498478947403163,9.921541760000002,3.168489861116807,4.37,-4.37,8.74,0.1322,1.7612822488176052,3.1021151600000008,1.7662366772321316,4.37,-4.37,8.74,-0.149,1.7174146266990973,2.949513,1.7238660040734024,3.85,-3.97,7.82,11.5893817298824,3.891451672456952,15.143396119068006,12.225267481736342,21.913377192938565,2.4072806234421447,19.50609656949642,3.5926712815191646,1.7953682248907723,3.223347062947444,4.016296054824644,6.342002838220746,0.1951922129594313,6.146810625261315
-0.0296999999999999,4.514997553709193,20.38520291,4.515095237090797,15.84,-19.61,35.45,-0.4202000000000001,3.683284669965112,13.566585960000005,3.70717601416496,8.74,-15.76,24.5,8.796500000000002,4.951542663655438,24.51777475,10.094364120636822,17.09,-19.61,36.7,-0.1085,0.81626757255204,0.6662927499999999,0.8234470231897131,1.75,-4.37,6.12,0.104,0.6234965918110539,0.388748,0.6321107497899399,3.42,-1.43,4.85,-0.0066999999999999,0.3093252495351778,0.09568211,0.3093978021899962,0.94,-1.37,2.31,11.026006766180451,3.8016576374185567,14.45260079214284,11.662993869500232,27.74637093387169,6.3881296167188095,21.358241317152885,0.6235119676004706,0.8857701881746696,0.7845888262589896,1.083215583344331,5.715785160413222,0.0282842712474619,5.68750088916576
0.6653000000000001,0.3870773953617028,0.14982891,0.7697096855308501,3.23,0.28,2.95,0.0547999999999999,0.7324554320912638,0.53649096,0.7345025527525414,4.58,-0.78,5.36,9.9061,0.6962828376457372,0.4848097899999999,9.930540116227316,13.95,4.61,9.34,-0.0526,0.0261770892193918,0.00068524,0.0587537232862735,0.0,-0.23,0.23,0.0415,0.0487314067106624,0.00237475,0.064007812023221,0.36,-0.16,0.52,-0.011,0.0170587221092319,0.000291,0.0202977831301844,0.02,-0.16,0.18,9.967130626499602,0.6355163839694956,0.4038810742936634,9.987370725070738,14.997566469264273,6.697230770997816,8.300335698266455,0.0765825379685418,0.0457833471722727,0.0020961148782968,0.0892244361147774,0.4313930922024598,0.0489897948556635,0.3824032973467962
-0.013,2.2852507521057728,5.222371000000001,2.285287728055266,6.29,-12.45,18.74,0.8725,1.7556943783016452,3.082462750000001,1.9605404867025829,4.47,-5.66,10.13,9.453,4.370687703325416,19.102911,10.414514871082572,19.61,-4.01,23.62,-0.0766,0.2296136755509131,0.05272244,0.2420537130473317,0.44,-0.95,1.39,0.0291,0.1422539630379414,0.02023619,0.1451998622588878,0.65,-0.84,1.49,-0.0034,0.0620196742977581,0.00384644,0.0621128006130781,0.29,-0.18,0.47,10.213015858598045,3.636301152548407,13.222686072024873,10.841050640966492,20.341794414456164,1.548709139896837,18.793085274559328,0.2151879812157344,0.1929381578130586,0.0372251327402967,0.2890173005202283,0.9596874491208062,0.02,0.9396874491208062
0.5186999999999999,0.084043500641037,0.00706331,0.5254645563689334,1.0,0.4,0.6,-0.2888,0.0445932730352908,0.00198856,0.2922225179550679,-0.06,-0.46,0.4,9.8799,0.0796428904548297,0.00634299,9.880220999552591,10.39,9.73,0.6600000000000001,-0.0529,0.0047528938553264,2.2589999999999985e-05,0.053113086899558,-0.05,-0.07,0.02,0.0322,0.007152621896899,5.1160000000000005e-05,0.0329848450049412,0.07,0.01,0.06,-0.0098999999999999,0.001729161646579,2.99e-06,0.0100498756211208,-0.0,-0.02,0.02,9.898149841592051,0.0830885876112021,0.0069037133912244,9.89849857301601,10.438591859058386,9.754737310660907,0.683854548397477,0.0629798046196078,0.0065988036852159,4.354421007601922e-05,0.0633245607959502,0.1009950493836207,0.058309518948453,0.0426855304351677
0.2923,0.0314596567050564,0.00098971,0.2939880949970593,0.37,0.18,0.19,-0.2092999999999999,0.0317255417605436,0.00100651,0.2116908122711044,-0.12,-0.3,0.18,9.877100000000002,0.0455257070236146,0.0020725899999999,9.877204918396702,10.03,9.76,0.2699999999999996,-0.0545999999999999,0.0049839743177508,2.483999999999998e-05,0.0548270006474911,-0.05,-0.06,0.0099999999999999,0.0310999999999999,0.0031288975694324,9.790000000000005e-06,0.0312569992161755,0.04,0.03,0.01,-0.0098999999999999,0.0009949874371066,9.899999999999994e-07,0.0099498743710662,-0.0,-0.01,0.01,9.883741601738029,0.0455076924596863,0.0020709500730053,9.883846366673248,10.034555296573933,9.76549537913976,0.2690599174341734,0.0637258226483141,0.0045847058570438,2.1019527795612387e-05,0.0638905313798531,0.0728010988928051,0.0591607978309961,0.013640301061809
0.7837,5.69699844742826,32.45579131,5.750650137158407,19.61,-19.61,39.22,-0.4420000000000001,9.608489995831812,92.32308,9.618650840944378,19.61,-19.61,39.22,7.958099999999999,5.794243815201428,33.57326139,9.844014272643046,19.61,-16.89,36.5,0.0890999999999999,3.243491666399037,10.52023819,3.244715241743103,4.37,-4.37,8.74,-0.1658999999999999,0.857709851872998,0.7356661900000002,0.8736068909984627,2.31,-4.37,6.68,-0.0347,2.139114982884277,4.57581291,2.139396410205458,4.37,-4.37,8.74,13.715031757092918,5.86437907215528,34.39094190193282,14.916200521580556,33.96551633642569,2.7429910681589904,31.222525268266697,3.440683615369668,2.007505730733218,4.030079258926712,3.983513901067749,6.793099439872789,0.099498743710662,6.693600696162127
0.5291,4.674781726455258,21.853584190000007,4.704628678227433,19.61,-16.46,36.07,1.007,9.051373984097664,81.92737100000001,9.107218016496583,19.61,-19.61,39.22,7.9571,5.1781082057060175,26.812804589999995,9.493589679357331,19.61,-19.61,39.22,0.5439,3.043612292983454,9.26357579,3.091828423441379,4.37,-4.37,8.74,0.0907,0.6406422636698268,0.4104225099999999,0.647030911162674,2.15,-2.1,4.25,0.1539,2.1747164849699376,4.72939179,2.1801552696998443,4.37,-4.37,8.74,12.87756243062528,5.419555502561842,29.37158184534833,13.971513733307498,33.96551633642569,2.6658769664033635,31.299639370022323,3.321516255755703,1.923189736544633,3.698658762750615,3.838115292692496,6.527158646762005,0.2165640782770771,6.310594568484928
0.8111999999999999,5.146274823598134,26.48414456,5.209816695431807,19.61,-14.13,33.74,1.0315000000000003,11.39781148949218,129.91010674999998,11.444391595886607,19.61,-19.61,39.22,7.2544,5.655293859738856,31.98234864,9.198297016296005,19.61,-19.61,39.22,0.4858,3.3903448733130377,11.494438359999998,3.4249729925942485,4.37,-4.37,8.74,-0.1411,0.986126660221698,0.97244579,0.9961701661864804,3.68,-4.37,8.05,0.1473,2.7111694358708016,7.35043971,2.715167950606371,4.37,-4.37,8.74,14.448814525821543,5.827239123153298,33.95671579840841,15.579632762039031,33.96551633642569,4.807088515931447,29.15842782049424,4.029231356286403,1.9647459575014856,3.860226677518431,4.482737110293219,7.569062029075994,0.1933907960581371,7.375671233017856
1.9629,2.985889246104082,8.915534590000002,3.573305332601736,11.69,-5.28,16.97,-0.5752999999999998,10.67580624168498,113.97283891,10.69129594576822,19.61,-19.61,39.22,6.666799999999999,3.916582918820946,15.339621760000002,7.732130624866602,16.91,-5.11,22.02,0.5388999999999998,3.4806375551039497,12.11483779,3.522108885312889,4.37,-4.37,8.74,0.0346999999999999,1.75214180647572,3.070000909999999,1.7524853779703842,3.13,-4.37,7.5,0.3881,3.0360805967562845,9.217785389999996,3.0607853567344447,4.37,-4.37,8.74,12.797241841491257,4.805077028559003,23.088765250385418,13.669607309648656,24.4195945912294,1.848810428356569,22.57078416287283,4.583211364313468,1.9593459597600127,3.839036590027885,4.984462157545185,7.569062029075994,0.3671511950137163,7.201910834062278
0.6789000000000001,3.203938793110755,10.26522379,3.275076945660972,10.56,-6.68,17.240000000000002,0.3979000000000001,6.653613799282312,44.27057658999999,6.665500806391069,16.78,-12.62,29.4,8.2725,2.133845999597909,4.553298749999999,8.5432754257369,13.07,1.98,11.09,0.2646,2.923462474532553,8.54663284,2.935412407141457,4.37,-4.37,8.74,0.0542,1.8598925667898127,3.45920036,1.860682132982418,4.37,-4.37,8.74,-0.0571999999999999,1.709517522577643,2.922450160000001,1.7104742032547582,4.37,-4.15,8.52,10.933659951031856,2.932177531324132,8.597665075202082,11.320008171375145,20.280574449457788,4.360802678406809,15.91977177105098,3.5014392230546862,1.6566319347562388,2.7444293672542,3.873565024625248,6.712540502671101,0.4396589587396122,6.272881543931489
0.4591,0.4310825790959314,0.18583219,0.6297658294953767,1.9,-1.42,3.32,-0.3333999999999999,0.4407543987301771,0.1942644399999999,0.5526481701770123,0.97,-2.3,3.27,9.8727,0.1376724736466952,0.0189537099999999,9.873659858431422,10.21,9.19,1.0200000000000014,-0.0568,0.0399469648408987,0.00159576,0.0694406221170289,0.07,-0.26,0.33,0.0304999999999999,0.0535793803622251,0.0028707499999999,0.0616522505671934,0.29,-0.17,0.4599999999999999,-0.0084999999999999,0.0125199840255489,0.0001567499999999,0.0151327459504215,0.07,-0.04,0.11,9.907783913518111,0.1643226187465927,0.027001923031738,9.909146481912556,10.484531463065004,9.227063454859296,1.2574680082057093,0.0809951803407648,0.047872547055353,0.0022917807615669,0.0940850678907126,0.3234192325759246,0.0223606797749978,0.3010585528009267
0.7572,1.9039837604349463,3.62515416,2.04902562209456,6.8,-2.96,9.76,-0.6834,8.630691654786425,74.48883844000002,8.65770604721597,18.91,-19.61,38.52,8.0379,3.4156426320679394,11.66661459,8.73352454625279,13.58,-2.73,16.31,0.2821999999999999,3.2744515815629343,10.722033160000002,3.2865894176182096,4.37,-4.37,8.74,0.1202999999999999,1.1782864295238231,1.38835891,1.1844116682978094,3.64,-3.88,7.52,0.0031999999999999,1.74983135187366,3.06190976,1.7498342778674782,4.37,-4.37,8.74,11.710812236716642,4.276179107143179,18.285707756367835,12.467109969836637,23.74618074554306,1.409432509913121,22.33674823562994,3.4581461667541418,1.8186935116626004,3.307646089363641,3.9072267658788378,6.301325257435931,0.3319638534539566,5.969361403981974
-0.0416,0.9302652524952224,0.86539344,0.9311949312576824,6.04,-3.41,9.45,0.1792,2.034358218210353,4.138613360000001,2.0422355397945653,5.41,-6.95,12.36,9.9617,1.3630268192519177,1.85784211,10.054516845676872,19.61,6.97,12.64,-0.0423,0.9183744933304716,0.8434117100000001,0.9193481386286698,1.9,-4.03,5.93,0.0232,0.1950634768479225,0.03804976,0.1964382854740898,0.96,-0.46,1.42,-0.0072999999999999,0.201458953635722,0.04058571,0.2015911704415647,0.56,-0.79,1.35,10.197610609184265,1.4628386320618458,2.1398968634525724,10.301997815957836,20.83424584668233,7.0930599884676,13.741185858214733,0.6732512249434993,0.6864115297050871,0.4711607881120777,0.9614717884576748,4.07917883893315,0.053851648071345,4.025327190861805
-3.2911,3.1491099996665723,9.91689379,4.555022831995466,5.82,-11.33,17.15,0.7493,8.37194484633051,70.08946051000001,8.405409627138942,19.61,-19.61,39.22,5.715600000000002,2.985461880513633,8.912982640000001,6.448338235545651,14.71,-1.19,15.9,0.3672999999999999,3.0142610553832263,9.08576971,3.0365570964498594,4.37,-4.37,8.74,-0.0254,1.612803410214649,2.6011348400000003,1.613003409791808,4.37,-3.95,8.32,0.1991,3.002273503530283,9.01364619,3.0088680595865283,4.37,-4.37,8.74,10.91833868116162,3.7108072495684703,13.770090443449917,11.531704557436424,25.09956772536133,3.6195303562755208,21.480037369085807,4.088690458927661,2.039204828131278,4.158356331073914,4.56899835850266,7.18257613951986,0.5617828762075256,6.620793263312335
0.2058,1.3962715924919478,1.94957436,1.4113567940106428,5.79,-3.51,9.3,0.0197,1.4658475057112863,2.14870891,1.4659798770788088,4.62,-4.37,8.99,9.6232,2.1971594753226267,4.82750976,9.870840288445558,19.61,-0.31,19.92,-0.0566,0.1361559400099753,0.01853844,0.147451687002896,0.36,-0.57,0.93,0.0301,0.0915695910223475,0.00838499,0.0963898334888073,0.43,-0.32,0.75,-0.0111,0.0296275209897824,0.0008777899999999,0.0316385840391127,0.06,-0.24,0.3,9.880802962720004,1.9860125407216247,3.944245811903565,10.078418179456536,20.571431646825168,3.915354390090379,16.65607725673479,0.145487124111793,0.1042472863804124,0.0108674967176797,0.1789804458593172,0.7532595834106592,0.0141421356237309,0.7391174477869283
-0.1664,0.1299809216769907,0.01689504,0.2111492363235065,0.18,-0.59,0.77,0.3862,0.0595278086275649,0.00354356,0.3907607963959537,0.52,0.18,0.34,9.8923,0.0561400926255024,0.0031517099999999,9.892459299891,10.09,9.76,0.33,-0.0572,0.010303397497913,0.00010616,0.0581205643468815,-0.01,-0.07,0.06,0.0359,0.024539559898254,0.00060219,0.0434856298103178,0.1,-0.05,0.15,-0.0069,0.0115494588617822,0.00013339,0.0134536240470737,0.01,-0.11,0.12,9.902276964741068,0.0542209697296154,0.0029399135584198,9.902425409969014,10.097182775408198,9.774180272534368,0.3230025028738303,0.0726483336718542,0.013123247109726,0.0001722196147029,0.073824115301167,0.1224744871391589,0.0412310562561766,0.0812434308829823
0.1944999999999999,4.321005525337824,18.67108875,4.325380792485212,17.78,-11.9,29.68,0.4101000000000002,10.449425868917391,109.19050098999998,10.457470200770356,19.61,-19.61,39.22,6.5852,5.401026657960503,29.17108896,8.516803860604048,19.61,-19.61,39.22,0.0173,3.368985264141118,11.35006171,3.369029682267582,4.37,-4.37,8.74,-0.1455,1.0958999726252392,1.20099675,1.1055166213133116,2.95,-4.19,7.140000000000001,-0.0968,2.093346067901817,4.382097760000001,2.0955829737808047,4.01,-4.37,8.379999999999999,13.012377728529762,5.592993460577493,31.281575850062605,14.16345826413874,30.186430726404208,2.7233802525538,27.46305047385041,3.6909644528562655,1.8277793651727896,3.3407774077514456,4.118737185109048,6.51124412074989,0.4029888335921977,6.108255287157692
1.5817,5.006413497704719,25.06417611,5.250328656379522,19.61,-14.28,33.89,0.5802999999999997,11.198933025516316,125.41610091000004,11.2139577759148,19.61,-19.61,39.22,6.611399999999999,4.9058724035588215,24.067584040000007,8.232751301964612,15.61,-19.61,35.22,0.5598000000000001,3.3630176865428467,11.30988796,3.40929083534978,4.37,-4.37,8.74,-0.0782,1.0894928912113195,1.18699476,1.0922957474969863,4.37,-3.02,7.390000000000001,0.132,2.564507750037032,6.576700000000001,2.567902646129716,4.37,-4.37,8.74,13.899396797302904,5.282401222088843,27.903762671125705,14.869330650705162,28.210467915296974,4.472281297056346,23.738186618240626,3.99998950623302,1.846776096343496,3.410581950025722,4.405734671992857,7.569062029075994,0.4910193478876367,7.078042681188357
0.6302,5.929556641098895,35.15964196,5.962951785818832,19.61,-19.61,39.22,0.4865,10.463120507286536,109.47689075000002,10.474424709739433,19.61,-19.61,39.22,6.6183000000000005,5.655547021288038,31.98521211,8.70557907321506,19.61,-13.45,33.06,0.4533,3.3172582217849724,11.004202109999996,3.3480864684174456,4.37,-4.37,8.74,-0.1635,1.7663337028998796,3.11993475,1.773884720042427,4.37,-4.37,8.74,-0.0649,2.134808888401957,4.55740899,2.135795168081433,4.37,-4.37,8.74,13.782359692734907,5.577099183274055,31.10403530007613,14.868001681463449,33.04580306181104,3.536693370932798,29.50910969087824,3.9797164730422607,1.7549438151109182,3.079827794196065,4.34947939413443,7.569062029075994,0.6715653356152326,6.897496693460761
1.3392000000000002,5.0905364511021824,25.91356136,5.263745624552919,19.61,-19.61,39.22,0.7987999999999998,11.528332514288438,132.90245055999998,11.555973866360205,19.61,-19.61,39.22,6.9851,4.58602692861697,21.031642990000005,8.356031653841434,19.61,-13.46,33.07,0.3924,3.307066409977278,10.936688240000002,3.3302651546085635,4.37,-4.37,8.74,-0.0124999999999999,1.1711057808754937,1.3714887499999997,1.1711724894309976,4.37,-4.37,8.74,0.1009,2.681518635027547,7.19054219,2.6834162927134506,4.37,-4.37,8.74,14.21628775290431,5.382190773897085,28.967977526622896,15.201013617519065,33.96551633642569,5.341207728594723,28.62430860783096,4.002416852907175,1.9088460743508435,3.643693335564626,4.434301974381087,7.569062029075994,0.3261901286060018,7.242871900469992
0.3823000000000001,0.0659826492344767,0.0043537099999999,0.3879523166576016,0.67,0.19,0.48,-0.2269,0.0457972706610339,0.00209739,0.2314757006685583,-0.11,-0.37,0.26,9.8775,0.0591333239383683,0.00349675,9.87767700423536,10.03,9.75,0.2799999999999993,-0.0533999999999999,0.0047370877129308,2.243999999999997e-05,0.0536097006147208,-0.05,-0.06,0.0099999999999999,0.033,0.005744562646538,3.300000000000001e-05,0.0334962684488884,0.05,0.02,0.03,-0.0098999999999999,0.0009949874371066,9.899999999999998e-07,0.0099498743710662,-0.0,-0.01,0.01,9.88782008364166,0.0600415983521595,0.003604993532682,9.888002376617838,10.039392411894257,9.755665020899396,0.2837273909948621,0.0638346799072228,0.0044870526119485,2.013364114239472e-05,0.0639921870231046,0.0728010988928051,0.0591607978309961,0.013640301061809
0.8613000000000001,2.933783787193596,8.607087309999999,3.057601183934884,7.25,-9.52,16.77,0.7267,9.688855149603588,93.87391411,9.716069524246931,19.61,-19.61,39.22,6.918599999999999,3.823126474497019,14.616296040000003,7.904639270706791,16.94,-5.55,22.49,0.5787,3.1872996893922605,10.15887931,3.2394093597444584,4.37,-4.37,8.74,-0.0055,1.4520994284139084,2.10859275,1.4521098443299665,3.6,-4.33,7.93,0.2726,2.61363410599112,6.831083240000001,2.627811637085124,4.37,-4.37,8.74,12.268070863773753,3.965941411748978,15.728691281425476,12.893186340079012,23.909843161342568,2.5333969290263223,21.376446232316248,3.869377868526393,2.1297194440954303,4.535704910558149,4.416762388899816,7.376360891388111,0.2729468812791236,7.103414010108987
0.5525,0.0344492380176978,0.0011867499999999,0.5535729400901023,0.62,0.46,0.1599999999999999,-0.2932,0.0290131004892617,0.0008417599999999,0.2946319738249737,-0.21,-0.37,0.16,9.8664,0.0500103989186249,0.00250104,9.866526744503355,10.01,9.74,0.2699999999999996,-0.0524,0.0042708313008125,1.8239999999999985e-05,0.0525737577123796,-0.05,-0.06,0.0099999999999999,0.0315,0.0035707142142714,1.2750000000000008e-05,0.0317017349682947,0.04,0.03,0.01,-0.0099999999999999,1.734723475976807e-18,3.009265538105056e-36,0.01,-0.01,-0.01,0.0,9.886308165068725,0.0501185125030545,0.0025118652955188,9.88643520183084,10.028289983840716,9.759267390537058,0.2690225933036565,0.0620533491794435,0.004287406630359,1.838185561404695e-05,0.0622012861603359,0.0728010988928051,0.0591607978309961,0.013640301061809
2.5253,2.4604822515108697,6.05397291,3.525778353782325,8.87,-5.28,14.15,1.0113,8.671200107828213,75.18971131,8.72997359675274,19.61,-19.61,39.22,6.767600000000001,3.641090803591693,13.257542239999998,7.684917175871189,12.88,-5.43,18.31,0.2932,3.531482657468389,12.47136976,3.54363316385881,4.37,-4.37,8.74,-0.1226999999999999,1.3285600136990423,1.76507171,1.3342140008259544,3.01,-3.66,6.67,-0.1365999999999999,1.867241398427102,3.48659044,1.8722312891307,3.79,-4.37,8.16,11.460349401692312,4.044984003816415,16.36189559113068,12.15325075854193,21.621972620461808,1.8420912029538603,19.779881417507948,3.942429688735008,1.5165622800863745,2.299961149380783,4.224063564862632,6.404389119970772,0.4183300132670378,5.986059106703735
0.6242000000000003,6.1383123380942415,37.67887836,6.169967909154796,19.61,-19.61,39.22,-0.3349,6.254740361517815,39.12177699,6.263699785270682,19.61,-19.61,39.22,7.9389,6.630304351234564,43.96093578999999,10.343455370426268,19.61,-19.61,39.22,-0.2351,1.8389146228142297,3.3816069900000003,1.8538821429637864,4.37,-4.12,8.49,-0.1407,1.1168654842907448,1.24738851,1.125693119815521,1.68,-4.37,6.05,-0.2068999999999999,1.2368764651330382,1.5298633899999996,1.2540618007099968,3.03,-3.67,6.699999999999999,11.604071322701657,7.045213746768304,49.63503673765308,13.575327178377693,33.96551633642569,1.6043378696521504,32.36117846677354,2.133479173323348,1.313393169235901,1.7250016169955245,2.5053412941154343,6.045940787007428,0.1445683229480096,5.901372464059419
1.2046,4.833324822521242,23.36102884,4.981173556502523,19.61,-14.31,33.92,0.0486999999999998,10.128578148486588,102.58809531,10.128695226928292,19.61,-19.61,39.22,6.9308000000000005,5.2324121932431895,27.37813736,8.684130699154636,19.61,-14.71,34.32,0.5513,3.3808140010950027,11.429903310000002,3.425468581084929,4.37,-4.37,8.74,0.0768,1.3933491163380411,1.94142176,1.395464080512286,4.18,-3.82,8.0,0.1395999999999999,2.364015194536617,5.58856784,2.368133442186061,4.37,-4.37,8.74,13.38065088445395,4.875947590813687,23.7748649083618,14.241372230231184,31.53417669767201,5.963732053001711,25.570444644670296,4.018874976556886,1.7713991427131512,3.1378549228048875,4.391948428658971,7.460978488107307,0.3432200460346103,7.117758442072697
0.0819999999999999,1.294031684310705,1.6745179999999995,1.296627163065775,5.72,-3.44,9.16,0.4145,3.1997963607079747,10.23869675,3.226531729272161,7.46,-8.35,15.81,9.7364,1.9585670884603368,3.83598504,9.93143846580142,19.61,6.25,13.36,-0.0659999999999999,1.559956409647398,2.4334640000000003,1.5613519782547434,3.66,-4.37,8.030000000000001,0.0427999999999999,0.292510102389644,0.08556216,0.2956247621563525,1.13,-0.64,1.77,-0.0272999999999999,0.3868716970779848,0.14966971,0.3878337272595049,1.41,-0.94,2.35,10.324855673841286,2.030412350816301,4.122574314347377,10.522605143214298,20.53420804413942,7.166686821677085,13.367521222462331,1.3124296870961576,0.9762977601268384,0.9531573164286818,1.6357350029879532,4.460695013111746,0.1649242250247064,4.295770788087039
0.4705999999999999,0.0456469057001676,0.00208364,0.4728086293628744,0.79,0.4,0.39,-0.2653,0.0796925968958221,0.00635091,0.2770108301131925,0.23,-0.37,0.6,9.8714,0.0675428752719337,0.00456204,9.871631070902112,10.24,9.56,0.6799999999999997,-0.0527999999999999,0.0061773780845921,3.815999999999998e-05,0.053160135440008,-0.05,-0.09,0.0399999999999999,0.0319,0.0041701318923986,1.7390000000000008e-05,0.0321714158842908,0.04,0.02,0.02,-0.0097,0.0017058722109231,2.91e-06,0.0098488578017961,0.0,-0.01,0.01,9.88659164919588,0.0684730753676733,0.004688562050307,9.886828763562155,10.273003455659888,9.579832983930356,0.6931704717295304,0.0626504928472475,0.0057372245900765,3.291574599697939e-05,0.0629126378401033,0.098488578017961,0.058309518948453,0.040179059069508
0.562,0.0354400902933386,0.0012559999999999,0.5631163290120434,0.65,0.45,0.2,-0.0696,0.0365217743271051,0.00133384,0.0786002544525143,0.01,-0.17,0.18,9.8829,0.0502651967070656,0.00252659,9.88302782551987,10.0,9.76,0.2400000000000002,-0.0568999999999999,0.0046249324319388,2.1389999999999987e-05,0.0570876519047683,-0.05,-0.06,0.0099999999999999,0.0319,0.0039230090491866,1.539000000000001e-05,0.0321403173599763,0.04,0.03,0.01,-0.0093999999999999,0.0023748684174075,5.64e-06,0.0096953597148326,-0.0,-0.01,0.01,9.89924127007222,0.0503912383146738,0.0025392768988862,9.899369525378876,10.016476426368706,9.775735266464617,0.2407411599040916,0.0660659828061537,0.004613666205632,2.128591585699135e-05,0.0662268827591937,0.0728010988928051,0.0591607978309961,0.013640301061809
1.3694,4.985118819045339,24.85140964,5.169783941326756,18.34,-18.44,36.78,-0.0569999999999999,11.573618060053647,133.948635,11.57375842153274,19.61,-19.61,39.22,6.074299999999999,5.70255526145955,32.51913651,8.331641915012911,19.61,-12.2,31.81,0.7977999999999998,3.59185567081975,12.90142716,3.679390166861895,4.37,-4.37,8.74,-0.1008,1.4186399684204587,2.01253936,1.422216579849919,3.77,-4.37,8.14,0.0806,2.824515469952324,7.977887639999999,2.825665231410119,4.37,-4.37,8.74,14.225496003812763,5.265934907070828,27.730070445507053,15.168876260290348,28.668915221891464,3.682471995820199,24.986443226071263,4.580999452512743,1.5998249954535455,2.5594400160779376,4.852318621030569,7.569062029075994,0.4352011029397789,7.133860926136215
-0.605,2.3034463310439857,5.305864999999999,2.3815730095884105,6.39,-6.28,12.67,-1.7207,8.390113259664616,70.39400051000001,8.564742202775284,13.85,-19.61,33.46,7.033699999999999,3.46807458253135,12.027541309999998,7.842223983029304,13.37,-6.06,19.43,0.4029999999999997,3.324759389790485,11.054025,3.349094504489236,4.37,-4.37,8.74,0.1496999999999999,1.5570025401392251,2.42425691,1.564182534105275,3.92,-4.37,8.29,0.0070999999999999,2.228101117543816,4.96443459,2.228112429838315,4.17,-4.37,8.54,11.300434908608068,3.5815285670104897,12.82734687631221,11.854415886073848,20.605050351794823,3.3155844130409347,17.28946593875389,3.934750160215384,1.7735070275262557,3.145327176685015,4.315968720924655,7.264619742285207,0.3281767816284388,6.936442960656769
-0.3189,1.3053106105444787,1.7038357899999996,1.3437012316731722,3.29,-3.74,7.03,-0.4257999999999999,4.618446747554853,21.33005036,4.638033635065619,12.32,-13.68,26.0,9.743299999999998,1.1130058894722883,1.2387821099999998,9.806664927486816,13.28,5.73,7.549999999999999,-0.0684999999999999,1.5614995196925294,2.43828075,1.5630012795900072,2.95,-3.03,5.98,0.0220999999999999,0.198349665994173,0.03934259,0.1995770527891421,0.74,-0.45,1.19,0.015,0.7374693213958124,0.543861,0.7376218543400135,1.53,-1.94,3.47,10.817594062594148,1.5707401748627376,2.467224696927824,10.9310368218207,15.921821503835544,7.825873753134534,8.095947750701011,1.580694512645777,0.7268389489367849,0.5282948576915302,1.7397959650487755,3.371572333496644,0.212367605815953,3.1592047276806907
0.4388,0.5298571128143889,0.28074856,0.6879636618310593,2.87,-1.32,4.19,-0.3801,0.4252540299632679,0.18084099,0.5703656721788224,1.08,-1.85,2.93,9.8375,0.2224022257082873,0.04946275,9.840013668689693,10.41,9.03,1.3800000000000008,-0.0501,0.0226050879228548,0.00051099,0.0549636243346451,-0.0,-0.13,0.13,0.0243,0.043133629571368,0.0018605099999999,0.0495075751779462,0.17,-0.12,0.29,-0.0093,0.0132102233137823,0.0001745099999999,0.0161554944214035,0.04,-0.06,0.1,9.878141484422382,0.2163349572620124,0.0468008137335567,9.880510108288943,10.518645350043892,9.030908038508642,1.48773731153525,0.0708749858968184,0.0266408778782866,0.0007097363741257,0.0757165767847437,0.1805547008526778,0.0173205080756887,0.1632341927769891
0.6548,4.56229360738653,20.81452296,4.609043935568417,18.73,-6.2,24.93,0.0051,4.219342009128911,17.80284699,4.219345091361928,15.61,-19.61,35.22,8.4717,5.4190196631863214,29.36577411,10.056613495605763,19.61,-19.61,39.22,-0.0778,0.2808863827244033,0.07889716,0.2914618328357934,0.73,-0.96,1.69,0.132,0.5291559316496415,0.280006,0.5453714330619087,1.3,-1.46,2.76,-0.0094,0.16847444910134,0.0283836399999999,0.1687364809399556,0.67,-0.9,1.57,11.087260042880438,4.153829406890331,17.254298741546883,11.839832515707306,30.456728320684743,6.311473678943769,24.145254641740973,0.566663480191094,0.2995738643769139,0.0897445002177176,0.6409773786960036,1.5225307878660448,0.094339811320566,1.4281909765454788
0.7372,5.1850535349213125,26.88478016,5.2371981058577495,17.78,-19.61,37.39,0.5997000000000002,11.317285050311314,128.08094090999998,11.333162885973184,19.61,-19.61,39.22,6.259599999999999,5.864410613181857,34.39131184,8.577523185628822,19.61,-19.61,39.22,0.4226,3.53658412030592,12.507427239999997,3.561743674101212,4.37,-4.37,8.74,-0.1286999999999999,1.1947164140497943,1.4273473099999998,1.2016284783575994,2.95,-4.37,7.32,0.1268,2.2350713098243644,4.99554376,2.238665227317385,4.37,-4.37,8.74,13.96965538941175,5.855890820454163,34.291457301079326,15.147367064939042,32.62821325172435,4.5966183222016594,28.031594929522686,3.960277432293534,1.859503605607296,3.457753659266534,4.375105827291495,7.569062029075994,0.0707106781186547,7.498351350957339
0.1316,3.100583403167862,9.61361744,3.103374937064485,8.76,-13.35,22.11,1.8289,8.9623486759889,80.32369379,9.147052476071185,19.61,-19.61,39.22,6.792999999999999,3.4583355823285857,11.960085,7.622659247270601,19.61,-11.32,30.93,0.0500999999999999,3.3412921138385965,11.164232989999997,3.3416676974229502,4.37,-4.37,8.74,0.0672,1.4749909016668543,2.1755981600000003,1.4765209107899555,4.37,-4.2,8.57,-0.2262,2.760626298505468,7.62105756,2.769877975651635,4.37,-4.37,8.74,11.69982383426317,3.81032298463102,14.518561247207442,12.30465111248588,21.15403271246407,4.808544478321896,16.345488234142174,4.1103452365996285,2.0307986202385373,4.124143035962747,4.584657130037098,7.569062029075994,0.1435270009440732,7.425535028131921
0.2043,0.8744063757773042,0.76458651,0.8979560122856797,2.13,-2.78,4.91,-0.2978,0.7259842698020392,0.52705316,0.7846897476072948,1.62,-1.97,3.59,10.032100000000002,0.9017963129221588,0.8132365900000003,10.07255017361542,13.21,7.15,6.0600000000000005,-0.0507,0.0788575297609556,0.00621851,0.093749666666074,0.16,-0.29,0.4499999999999999,0.0362999999999999,0.0418964198947833,0.00175531,0.0554346462061407,0.18,-0.1,0.28,-0.0068,0.0177696370249929,0.00031576,0.0190262975904404,0.05,-0.07,0.12,10.10134146218914,0.9171862756597414,0.8412306642585873,10.142895543186867,13.360426639894404,7.209174710048301,6.151251929846102,0.0917539489818778,0.0616864073052642,0.0038052128462309,0.110562199688682,0.3026549190084311,0.01,0.2926549190084311
0.1605999999999999,1.7794700447043217,3.16651364,1.7867025493909163,5.38,-5.04,10.42,0.5451,2.2936100344217194,5.260646990000001,2.357494644744713,6.06,-4.23,10.29,9.6104,2.458271311308009,6.043097839999999,9.91982288148332,18.82,-0.53,19.35,-0.0579999999999999,0.2340939982143925,0.0548,0.2411721376942203,0.59,-0.68,1.27,0.0279,0.1012649495136397,0.01025459,0.1050380883299006,0.26,-0.2,0.46,-0.0013,0.0358512203418516,0.00128531,0.0358747822293041,0.1,-0.1,0.2,10.102244274568568,2.2577939713239217,5.097633616946645,10.351472020925334,18.92325024936256,3.763482429877945,15.159767819484612,0.2237515814422789,0.1428958704864462,0.0204192298020792,0.2654882294942658,0.6854195795277518,0.0223606797749978,0.6630588997527539
-0.4478999999999999,2.697130065458468,7.274510590000001,2.7340674827077693,8.28,-5.02,13.3,0.2865,2.0042840991236743,4.01715475,2.0246572549446484,3.55,-8.94,12.489999999999998,9.4343,2.5303949316262866,6.40289851,9.76774871707908,19.61,0.32,19.29,-0.0649,0.2520733821727315,0.0635409899999999,0.2602940644732415,0.38,-0.71,1.09,0.0554,0.4142111055971338,0.1715708399999999,0.4178995094517341,0.76,-1.54,2.3,-0.0014999999999999,0.0761495239643689,0.00579875,0.0761642960973184,0.21,-0.31,0.52,10.05211319690676,2.436862178411608,5.938297276572968,10.343272064487138,21.82926017985951,4.162331077653482,17.666929102206026,0.4210460135898038,0.266297304605463,0.0709142544401347,0.498190726529509,1.5818027689949212,0.0435889894354067,1.5382137795595143
0.5631999999999999,0.0316505924115173,0.0010017599999999,0.564088645515933,0.65,0.48,0.17,-0.0733,0.0324670602303319,0.00105411,0.0801685723959208,-0.0,-0.13,0.13,9.88,0.0456070170039655,0.00208,9.880105262597157,9.99,9.78,0.2100000000000008,-0.0550999999999999,0.0049989998999799,2.4989999999999976e-05,0.0553263047744922,-0.05,-0.06,0.0099999999999999,0.0312999999999999,0.00336303434416,1.1310000000000004e-05,0.0314801524773943,0.04,0.03,0.01,-0.0090999999999999,0.0028618176042508,8.189999999999998e-06,0.0095393920141694,-0.0,-0.01,0.01,9.896416847487233,0.0451284917860852,0.0020365807708867,9.896519741808229,10.006747723411438,9.797009747877157,0.2097379755342832,0.0641877650120557,0.0047886138659444,2.2930822757115383e-05,0.0643661401670163,0.0728010988928051,0.058309518948453,0.0144915799443521
0.8849999999999999,5.796948938881556,33.604617,5.864114766953321,19.61,-19.61,39.22,1.8251,8.102780571507536,65.65505298999999,8.305783707754495,19.61,-19.61,39.22,6.2877,6.862520944230335,47.094193710000006,9.307489726021728,19.61,-19.61,39.22,0.535,2.6110505548533527,6.817585,2.665297356769034,4.37,-4.37,8.74,-0.0715,1.2622593830112732,1.5932987500000002,1.2642828006423246,4.06,-4.08,8.14,0.1945,1.940066171551888,3.76385675,1.9497915273177284,4.37,-4.37,8.74,11.766872257404746,7.179412739069858,51.54396727791856,13.784166641476734,33.96551633642569,1.6043378696521504,32.36117846677354,2.94677804818853,1.954586179914869,3.8204071347142,3.536086537402613,7.069186657600717,0.1445683229480096,6.924618334652708
0.6033000000000001,2.700714370310196,7.293858109999999,2.7672782657333177,14.08,-7.57,21.65,1.154,8.299728067834513,68.88548600000001,8.379570514053809,18.67,-15.65,34.32,6.9698,2.873318631826272,8.25595996,7.538837576178438,13.25,-5.93,19.18,0.6278,3.305881601025663,10.92885316,3.3649644871825912,4.37,-4.37,8.74,0.2588999999999999,1.4451974916944743,2.08859579,1.4682046860026023,4.31,-3.12,7.43,0.2949,2.3764420863972258,5.64747699,2.394669705825837,4.37,-4.37,8.74,11.13998355062288,3.257279461736693,10.60986949185168,11.606425074069966,20.196363534062264,4.289254014394578,15.907109519667689,3.97118327226938,1.855466900283553,3.442757418047859,4.383269784076723,7.534580280281046,0.3880721582386451,7.146508122042401
-0.3673999999999999,2.379203488565028,5.660609239999999,2.407403580623739,4.68,-6.0,10.68,0.3558999999999999,1.9126150135351336,3.65809619,1.945446221307595,3.91,-8.94,12.85,9.5511,1.9718883817295545,3.88834379,9.7525306972088,19.61,3.76,15.85,-0.0677,0.2469730957007261,0.06099571,0.256083970603394,0.4,-0.71,1.11,0.083,0.3428337789658423,0.117535,0.3527378630087788,0.72,-0.92,1.64,0.0011999999999999,0.0831057158082402,0.00690656,0.0831143790207206,0.38,-0.18,0.56,10.031722278078552,2.0141390556519423,4.056756135502497,10.231921031751565,21.82926017985951,4.162331077653482,17.666929102206026,0.3924976696314863,0.2070183067601815,0.0428565793338526,0.4437465492823577,0.9464142856064676,0.0435889894354067,0.9028252961710608
0.2809,2.996555721157209,8.97934619,3.0096928414707045,6.4,-13.35,19.75,1.1511000000000002,9.334732764787647,87.13723579000002,9.405438160979,19.09,-19.61,38.7,6.828399999999999,3.393937453754857,11.51881144,7.625343139820004,16.94,-5.2,22.14,0.0960999999999999,3.2894537221246933,10.82050579,3.29085718316672,4.37,-4.37,8.74,0.125,1.5639165578764105,2.445835,1.568904076098982,4.37,-4.33,8.7,-0.3035,2.641511073230624,6.97758075,2.6588894298183967,4.37,-4.37,8.74,11.887303329476522,3.7892473597030345,14.358395553016418,12.47663319970576,23.909843161342568,4.5024993059410905,19.40734385540148,3.990287597432856,2.1067745227654338,4.438498889773522,4.512304732617246,7.569062029075994,0.1435270009440732,7.425535028131921
0.5619999999999999,0.0348998567332302,0.0012179999999999,0.5630825871930334,0.66,0.47,0.19,-0.0707,0.0401809656429508,0.0016145099999999,0.0813203541556479,0.08,-0.19,0.27,9.8822,0.0548558109957368,0.00300916,9.882352250350117,9.98,9.55,0.4299999999999997,-0.0542999999999999,0.0049507575177946,2.450999999999997e-05,0.0545252235208623,-0.05,-0.06,0.0099999999999999,0.0323,0.0044395945760846,1.971e-05,0.0326036807738022,0.04,0.02,0.02,-0.0092,0.0030594117081556,9.359999999999998e-06,0.0096953597148326,-0.0,-0.02,0.02,9.898564585558889,0.0545907090939986,0.0029801455193855,9.8987151186404,9.995098798911394,9.565589370237468,0.4295094286739278,0.0640780875299367,0.0048988466505668,2.3998698505770067e-05,0.0642650760522385,0.0728010988928051,0.0574456264653802,0.0153554724274248
-0.5354999999999999,3.5976598991566733,12.943156750000004,3.6372952863357138,10.41,-11.89,22.3,0.6914,8.548707156055821,73.08039404000002,8.57662101296309,19.61,-19.17,38.78,7.146999999999999,2.716261585341147,7.378077000000001,7.64576261729332,13.79,-0.77,14.56,-0.0440999999999999,3.2379966321786067,10.48462219,3.2382969289427432,4.37,-4.37,8.74,-0.1937,1.9282181697100564,3.71802531,1.9379228570817777,4.37,-4.37,8.74,-0.0256999999999999,2.4782902392577024,6.141922510000001,2.478423490850585,4.37,-4.37,8.74,11.37553240305218,3.980363494344448,15.843293547109942,12.051806130203056,23.1431393721768,4.185319581585139,18.957819790591657,4.073581078266201,1.946954595975872,3.7906321987915694,4.5149413063737605,7.569062029075994,0.4767598976424086,7.092302131433585
-0.3072999999999999,2.33732404899278,5.463083710000001,2.3574386524361564,7.69,-6.78,14.47,0.3142999999999999,2.959248639435355,8.757152510000001,2.975892639192483,15.54,-13.96,29.5,10.0318,2.0426097914188115,4.17225476,10.237639669376922,19.61,6.2,13.41,-0.0581,0.3553975098393346,0.12630739,0.3601152593267883,1.15,-1.9,3.05,0.045,0.3857706572563548,0.148819,0.3883864055293387,1.35,-1.1,2.45,-0.0245,0.2157515932733753,0.0465487499999999,0.21713820483738,0.4,-1.59,1.99,10.626713391144628,2.5091198661019547,6.29568250246749,10.918915697082747,21.823551498324004,6.871135277375929,14.952416220948075,0.4550905862268235,0.3472298350195819,0.120568558327726,0.5724299083730688,1.9016834647227705,0.0591607978309961,1.842522666891774
0.3156,0.9156520299764536,0.8384186400000001,0.968515358680491,3.1,-3.04,6.140000000000001,0.0421999999999999,0.6303278194717412,0.3973131599999999,0.6317388701037796,2.03,-1.13,3.16,9.9142,1.2363536549062328,1.52857036,9.990992543286175,17.25,6.58,10.67,-0.0494,0.0586654924124906,0.00344164,0.076694197955256,0.1,-0.22,0.32,0.0395,0.0358991643356777,0.00128875,0.05337602458033,0.16,-0.07,0.23,-0.0079,0.0163275840221387,0.0002665899999999,0.018138357147217,0.04,-0.08,0.12,9.981472005912408,1.2358254711677386,1.5272645951869628,10.057686016176882,17.553714706579914,6.820425206686164,10.73328949989375,0.0837273481344231,0.0452739569109782,0.0020497311743771,0.0951840322743263,0.2315167380558045,0.0141421356237309,0.2173746024320735
-0.4864,2.9344241411220704,8.610845040000001,2.974462976740507,4.18,-19.61,23.79,0.3871,1.8843833447576424,3.5509005899999995,1.9237325697715888,4.84,-6.63,11.47,9.402200000000002,1.8697462822532904,3.49595116,9.586308778669713,14.43,2.45,11.98,-0.0325,0.8850495748826729,0.78331275,0.8856460918448181,2.54,-3.41,5.95,0.0517,0.5350963558089328,0.28632811,0.5375881323094847,1.39,-1.56,2.95,-0.0256,0.3763331502804396,0.1416266399999999,0.3772028631916783,0.69,-1.22,1.91,9.979431980412768,2.203731006342406,4.856430348314913,10.219857777875385,20.563980645779647,6.073862033335957,14.490118612443691,0.9401149123728056,0.576052038911653,0.3318359515342726,1.102566097791874,3.63993131803335,0.0787400787401181,3.561191239293232
0.0862,1.1110209538978102,1.23436756,1.1143599059549836,5.2,-3.88,9.08,0.5333,2.6753044892123965,7.157254110000001,2.727941165054701,8.05,-6.01,14.06,9.5919,1.731931115835731,2.99958539,9.747006258333888,17.64,-0.2,17.84,-0.0468999999999999,1.421963216823839,2.0219793900000003,1.4227364478356488,3.05,-4.37,7.42,0.0553,0.2804476956582101,0.07865091,0.2858478616327223,1.48,-0.54,2.02,0.0001999999999999,0.4944127425542347,0.24444396,0.4944127830062649,1.26,-1.92,3.18,10.03549653877405,1.725224976707122,2.9764012202540893,10.182710444670418,18.53050727853936,1.596308240910884,16.93419903762847,1.278854758697593,0.8454954205414256,0.7148625061565221,1.5330792543114005,4.778723678975381,0.1157583690279022,4.662965309947479
0.5468999999999999,0.0328236195444682,0.0010773899999999,0.5478841118338804,0.61,0.49,0.12,-0.2915,0.035591431553114,0.0012667499999999,0.2936647748709402,-0.21,-0.37,0.16,9.8665,0.0422226242670917,0.00178275,9.866590343173266,9.97,9.77,0.200000000000001,-0.0523,0.0042083250825001,1.770999999999998e-05,0.0524690384893796,-0.05,-0.06,0.0099999999999999,0.0321,0.0040730823708832,1.659000000000001e-05,0.0323573793747268,0.04,0.03,0.01,-0.0097,0.0017058722109231,2.909999999999999e-06,0.0098488578017961,-0.0,-0.01,0.01,9.886063540455472,0.0420556069626512,0.001768674076997,9.88615299294928,9.989424407842526,9.787165064511786,0.2022593433307395,0.0622810825259125,0.0042505010763995,1.8066759400473792e-05,0.0624259561400544,0.0728010988928051,0.058309518948453,0.0144915799443521
0.2017,3.3010280383541124,10.89678611,3.307184452067952,19.61,-8.03,27.64,0.4255,3.4308393652282825,11.770658750000004,3.457124383067523,19.61,-6.66,26.27,9.3062,3.609494086433721,13.02844756,9.981673506982684,19.61,-9.32,28.93,-0.1172999999999999,1.177268750116132,1.3859617099999997,1.183098051726906,3.53,-4.37,7.9,0.0169,0.7534038691166909,0.5676173899999999,0.7535933916907711,2.47,-2.75,5.220000000000001,-0.0164999999999999,0.4110629513833616,0.1689727499999999,0.4113939717594315,1.29,-2.88,4.17,10.278253672556088,4.108586793848629,16.88048544258736,11.069010073172755,33.96551633642569,2.1848112046581964,31.78070513176749,1.0824690181458323,0.9824102120572638,0.965129824754398,1.4618033383461675,4.811122530137848,0.1513274595042155,4.659795070633632
0.1391999999999999,1.9514587774277992,3.80819136,1.9564171334355047,5.16,-5.04,10.2,0.5238,1.931477041023268,3.73060356,2.001242114288024,5.27,-4.0,9.27,10.0292,2.5386944203665003,6.44496936,10.345521833141138,19.61,-0.53,20.14,-0.0566,0.2006251230529217,0.0402504399999999,0.2084562304178026,0.59,-0.68,1.27,0.0265,0.0963574076031521,0.00928475,0.0999349788612575,0.3,-0.2,0.5,-0.0077,0.0313322517543824,0.00098171,0.0322645316098033,0.1,-0.09,0.19,10.442524914529816,2.4116453738939483,5.816033409424082,10.717385875296271,20.29608336600932,3.763482429877945,16.532600936131367,0.1918942221407295,0.1328856933947531,0.0176586075090043,0.233413795650557,0.6854195795277518,0.01,0.6754195795277518
-0.1574,1.9127031238537773,3.65843324,1.91916856998024,7.99,-6.59,14.58,0.2114999999999999,1.933894710163922,3.73994875,1.9454256603633049,6.51,-11.16,17.67,9.5554,2.8170784227635552,7.935930840000001,9.962007829749984,19.61,-5.01,24.62,-0.058,0.1787288449019911,0.031944,0.1879042309262886,0.29,-0.65,0.94,0.0143,0.3449847967664662,0.11901451,0.3452810449474456,0.64,-1.5,2.14,-0.0075,0.0644728625081902,0.00415675,0.064907626670523,0.22,-0.21,0.43,10.016931775018364,2.523998180393053,6.370566814627443,10.330028509157174,23.50586735264197,2.590308861892728,20.915558490749248,0.2980989939900941,0.2643425614275798,0.0698769897820938,0.3984218869489978,1.5105297084135751,0.033166247903554,1.4773634605100212
0.944,3.956903587402655,15.657086,4.0679505896704296,17.52,-13.39,30.91,-0.2876999999999998,9.43754818318826,89.06731571,9.441932376372964,19.61,-19.61,39.22,7.4029,4.865723439530858,23.67526459,8.858791847650558,19.61,-17.15,36.76,0.5105,3.0617963273215936,9.37459675,3.1040629826084394,4.37,-4.37,8.74,-0.0167999999999999,0.9299633111042608,0.8648317599999998,0.9301150466474564,2.24,-3.29,5.53,0.0841999999999999,1.851752780475839,3.4289883599999995,1.8536660972246324,4.37,-4.37,8.74,12.551284107450511,5.161566550385669,26.64176925406021,13.571164356826577,31.394665151901208,2.7233802525538,28.67128489934741,3.2223698795221067,1.884869056340169,3.5527313595486816,3.733148671028252,6.270358841406129,0.201246117974981,6.069112723431148
0.1754,1.341180390551547,1.7987648399999998,1.3526011976928012,2.83,-4.39,7.22,0.0142,1.07840083456941,1.16294836,1.0784943208009952,4.39,-3.13,7.52,9.8875,1.8036260005888136,3.2530667499999995,10.050657839166549,17.95,-1.67,19.62,-0.0366999999999999,0.1080653043302983,0.01167811,0.1141271221051332,0.24,-0.4,0.64,0.0316,0.0585614207477926,0.0034294399999999,0.0665432190384565,0.25,-0.12,0.37,-0.0035,0.0479244196626312,0.0022967499999999,0.0480520551069358,0.3,-0.11,0.41,10.0920883658978,1.469066171045483,2.158155414910237,10.19845100983478,17.95362358968239,4.114778244328605,13.838845345353786,0.1129482017178501,0.0836941080883465,0.0070047037287038,0.1405773808263619,0.4159326868617085,0.01,0.4059326868617084
0.5567999999999997,4.142431865462605,17.15974176,4.179685155606819,19.61,-8.98,28.59,0.1022,8.611086642230468,74.15081316,8.611693097178973,19.61,-19.61,39.22,8.2611,4.473849772846648,20.01533179,9.3947381549461,19.61,-9.27,28.88,0.6840999999999999,3.025897584188864,9.15605619,3.1022651401838623,4.37,-4.37,8.74,0.1882,1.7900566359755212,3.20430276,1.7999227761212424,4.37,-4.37,8.74,0.0673,2.29542887278173,5.268993710000002,2.296415249905818,4.07,-4.37,8.440000000000001,12.317934756563911,5.306657548121476,28.16061433303464,13.412387222265842,33.96551633642569,2.6420068130116547,31.32350952341403,3.892247031352836,1.7284984949154651,2.9877070469250286,4.258790203802014,7.569062029075994,0.6119640512317697,6.957097977844224
0.1257,2.2117885319351847,4.89200851,2.215357533221218,8.24,-7.13,15.37,0.3758999999999999,2.1794261148293144,4.74989819,2.2116055254045643,7.27,-6.24,13.51,9.7502,4.179592798347705,17.46899596,10.60827017001358,19.61,-6.71,26.32,-0.0893,0.3033883814518941,0.09204451,0.3162578062277673,0.63,-1.05,1.6800000000000002,0.0174,0.1244397042748013,0.01548524,0.1256503083959605,0.43,-0.5,0.93,-0.0112,0.0487499743589676,0.00237656,0.0500199960015992,0.12,-0.16,0.28,10.431274687730424,3.677351273554724,13.522912389114548,11.060488415978744,20.941074471000764,0.4535416188179426,20.48753285218282,0.265362487426823,0.2188418384739289,0.0478917502666491,0.3439607535751717,1.1367937367878131,0.0141421356237309,1.122651601164082
0.8771,0.03490830846661,0.00121859,0.8777943950607113,0.96,0.8,0.1599999999999999,-0.1673,0.0315548728408149,0.00099571,0.1702498164463034,-0.09,-0.26,0.17,9.8492,0.0448927611091142,0.00201536,9.8493023103162,9.96,9.74,0.2200000000000006,-0.0528999999999999,0.0045376205218153,2.0589999999999984e-05,0.0530942558098331,-0.05,-0.06,0.0099999999999999,0.0315,0.0035707142142714,1.2750000000000003e-05,0.0317017349682947,0.04,0.03,0.01,-0.0098,0.0014,1.9600000000000003e-06,0.0098994949366116,-0.0,-0.01,0.01,9.889701744062734,0.0454248113096248,0.002063413482515,9.889806064832616,10.00401919230466,9.77920242146567,0.2248167708389914,0.0624839250873989,0.0042141553925205,1.775910567231011e-05,0.0626258732474047,0.0728010988928051,0.058309518948453,0.0144915799443521
0.6079999999999999,3.8003115661745417,14.442367999999998,3.848640279371404,19.08,-19.61,38.69,-0.5179,7.360803528827542,54.18142859,7.379000542078852,19.61,-19.61,39.22,8.484,3.4008892954637613,11.566048,9.140257326793376,14.88,-6.67,21.55,0.2729,2.472419177647674,6.11285659,2.4874346222564325,4.37,-4.37,8.74,0.0742,0.859476794334786,0.73870036,0.8626737506149124,4.37,-1.84,6.21,0.0529999999999999,1.6363871791235716,2.677763,1.637245247359112,4.37,-4.37,8.74,11.725374342329934,3.914279184247203,15.321581532230947,12.361471797484311,27.865796238399504,5.40397076231913,22.46182547608037,2.1350321337777696,2.248054000182456,5.053746787736342,3.100340142629515,7.569062029075994,0.03,7.5390620290759935
1.1981,4.327419946111077,18.726563390000003,4.490212355780069,13.34,-17.05,30.39,0.3403,10.614327529806117,112.66394891,10.619781212435592,19.61,-19.61,39.22,6.1037,5.639919264493066,31.80868931,8.310465871417799,18.04,-19.61,37.65,0.3708999999999999,3.3213925076690347,11.03164819,3.342037552152878,4.37,-4.37,8.74,-0.2356999999999999,0.9534361593730332,0.90904051,0.9821379740138348,1.61,-4.37,5.98,0.0739,2.603438839304661,6.77789379,2.604487473573256,4.37,-4.37,8.74,13.342488627025467,4.897305405801859,23.98360023769611,14.212867515037209,28.660066294410417,3.899448678980145,24.76061761543027,3.866285794837527,1.9922347132397715,3.9689991526375534,4.349386738380481,6.536872340806419,0.076157731058639,6.460714609747781
0.0550999999999999,1.1677212809570614,1.3635729900000002,1.1690205301875582,4.26,-4.05,8.309999999999999,-0.4492000000000001,1.7510714891174488,3.0662513599999994,1.8077698968618765,4.17,-8.29,12.46,9.8795,2.9973636332617373,8.984188750000001,10.324180790745578,19.61,-2.56,22.17,-0.0456999999999999,0.1672259250236039,0.0279645099999999,0.1733580110638098,0.6,-0.5,1.1,0.0298,0.0828007246345103,0.00685596,0.088,0.22,-0.45,0.67,-0.0056,0.0282602193905142,0.0007986399999999,0.0288097205817758,0.07,-0.11,0.18,10.249685002936175,2.483406398595539,6.167307340585263,10.54624814803824,20.24290739987712,4.191718024867607,16.051189375009514,0.1500110183354999,0.1269791100061199,0.0161236943779463,0.1965375282229834,0.7580237463298891,0.01,0.7480237463298891
0.3484000000000001,0.0329156497733221,0.00108344,0.3499514252006984,0.43,0.28,0.1499999999999999,-0.2299,0.0303807504844761,0.00092299,0.2318986847741918,-0.14,-0.29,0.1499999999999999,9.8738,0.0481202660009273,0.00231556,9.873917257097103,10.0,9.76,0.2400000000000002,-0.0538999999999999,0.0048774993593028,2.378999999999997e-05,0.0541202365109392,-0.05,-0.06,0.0099999999999999,0.0309999999999999,0.003,9.000000000000005e-06,0.0311448230047948,0.04,0.03,0.01,-0.0096,0.0019595917942265,3.8400000000000005e-06,0.0097979589711327,-0.0,-0.01,0.01,9.882721050102582,0.0480587750500504,0.0023096458593113,9.882837902141269,10.008461420218394,9.768868921221124,0.2395924989972684,0.0630597077205606,0.0042980533032366,1.847326219746384e-05,0.0632060123722419,0.0728010988928051,0.058309518948453,0.0144915799443521
1.3678,3.393336287490528,11.514731159999998,3.658634718033491,8.97,-8.6,17.57,0.0117999999999999,7.458787217772068,55.63350675999999,7.458796551723341,19.61,-19.61,39.22,8.527399999999998,2.4614031039226387,6.058505240000001,8.8755313080401,13.86,0.14,13.72,0.1249,2.9887453872820946,8.932598989999999,2.991354041232833,4.37,-4.37,8.74,-0.0516,1.8644059214666744,3.47600944,1.865119835292092,3.84,-4.37,8.21,-0.1675,1.7791370801599298,3.16532875,1.7870044767711133,3.8,-4.37,8.17,11.627104807005177,3.550316015077687,12.604743806917106,12.157068314359346,23.246094295601573,2.040122545338882,21.20597175026269,3.605097614852132,1.6197305909895847,2.6235271873874693,3.9522469558467614,7.019928774567446,0.2071231517720798,6.812805622795366
2.1509,5.4176629823199605,29.351072190000004,5.829017327131564,19.46,-15.56,35.02,0.9501000000000002,10.694843196138969,114.37967099,10.736962373036423,19.61,-19.61,39.22,7.378499999999999,4.404136549881258,19.396418749999995,8.592943674899773,19.61,-13.2,32.81,0.1976,3.115756768427215,9.70794024,3.1220163356395174,4.37,-4.37,8.74,0.129,0.7890367545304845,0.6225790000000001,0.7995123513742611,3.04,-1.69,4.73,-0.2163999999999999,3.0534788422388,9.32373304,3.0611373703249583,4.37,-4.37,8.74,14.025271860135378,5.137142615238039,26.39023424929472,14.936481680770743,32.30073992960533,5.505442761486127,26.7952971681192,4.05465081687102,1.821146549085816,3.3165747532471754,4.444858602925407,6.622552378048814,0.3668787265568828,6.255673651491931
-0.4359,3.7047801810633785,13.72539619,3.730335775771398,13.26,-7.96,21.22,0.7799999999999998,2.742960444483296,7.523832,2.8517068573049364,13.95,-5.25,19.2,9.5886,3.0782514582145493,9.47563204,10.070594917878486,19.61,1.86,17.75,-0.073,0.2470850056154764,0.061051,0.2576431640855235,1.12,-0.63,1.75,-0.0044,0.6172103693231343,0.3809486399999999,0.6172260525933752,1.38,-2.34,3.72,-0.0103,0.1158831739296089,0.0134289099999999,0.1163400189100895,0.63,-0.45,1.08,10.655468335519648,3.1504783050734027,9.92551355073818,11.111458905112327,24.64880321638355,6.162637422402846,18.486165793980703,0.5610055765837673,0.3823032082548024,0.1461557430419148,0.6788836424601788,2.373309924978193,0.0244948974278317,2.3488150275503616
0.556,0.0317804971641413,0.0010099999999999,0.5569075327197505,0.63,0.47,0.16,-0.2907,0.0343002915439504,0.00117651,0.2927165864791403,-0.2,-0.36,0.1599999999999999,9.8546,0.0525056187469494,0.00275684,9.854739874801364,10.07,9.73,0.3399999999999998,-0.0528999999999999,0.0045376205218153,2.0589999999999984e-05,0.0530942558098331,-0.05,-0.06,0.0099999999999999,0.0312,0.0032496153618543,1.056e-05,0.0313687742827162,0.04,0.03,0.01,-0.0097,0.0017058722109231,2.91e-06,0.0098488578017961,-0.0,-0.01,0.01,9.874665036892292,0.0521287749416587,0.0027174091769181,9.87480263093901,10.088339803951888,9.750148716814529,0.3381910871373588,0.0623127021248963,0.0041384965741114,1.7127153893932588e-05,0.0624499799839839,0.0728010988928051,0.058309518948453,0.0144915799443521
0.9382,5.677583179487553,32.23495075999999,5.754578177416655,13.65,-19.61,33.26,1.5543,12.815225417837954,164.23000250999996,12.909138274881093,19.61,-19.61,39.22,5.1039,5.480045966048095,30.030903790000004,7.488704761171988,19.61,-19.61,39.22,0.7360000000000001,3.63286085612978,13.197677999999998,3.706666157074306,4.37,-4.37,8.74,0.0567,1.0631594941493965,1.13030811,1.064670371523506,4.37,-3.32,7.689999999999999,0.3606,2.9363551624420365,8.622181639999999,2.958414102183804,4.37,-4.37,8.74,15.011329275547894,5.522835628649358,30.501713381078748,15.995052985220148,33.96551633642569,1.918488988761729,32.04702734766396,4.481568635660716,1.881662446843789,3.540653563862155,4.86056694224038,7.563292933636776,0.4522167621838005,7.111076171452976
-0.068,2.283443452332464,5.214114,2.2844557338674782,6.39,-5.56,11.95,0.1115999999999997,7.555439592770231,57.08466744,7.556263759292683,13.85,-18.56,32.41,7.541,2.4772644186683017,6.136838999999998,7.937475669254049,14.93,0.43,14.5,0.3696,3.400830169238094,11.56564584,3.4208551562438307,4.37,-4.37,8.74,0.1354999999999999,1.552446053813143,2.41008875,1.558348163922299,3.92,-4.37,8.29,0.0532,2.0785927354823506,4.32054776,2.079273430792593,4.31,-4.37,8.68,10.8122312070538,2.900868201971941,8.415036325211922,11.194613883470923,19.03792268079687,3.921785307739321,15.116137373057551,3.944390424828105,1.7017230022904328,2.8958611765243645,4.29582087615394,7.264619742285207,0.3220248437620924,6.942594898523115
1.1786,4.737383037078593,22.442798039999992,4.881792293819966,19.61,-19.61,39.22,-0.3836999999999998,10.668149572910943,113.80941531,10.675047587715945,19.61,-19.61,39.22,7.1157,5.377207873050845,28.91436451,8.918943379122888,19.61,-19.61,39.22,0.575,3.2879770376327144,10.810793,3.3378762709243737,4.37,-4.37,8.74,-0.1704,1.1932677151419124,1.42388784,1.2053729713246435,3.83,-3.93,7.76,-0.0884,2.415293655024167,5.83364344,2.4169108382395903,4.37,-4.37,8.74,13.675738817061667,5.505475075550948,30.31025580751272,14.74232301911744,32.68629988236662,4.90645493202577,27.77984495034085,3.8837869741580295,1.8308464543375629,3.351998739360426,4.29369304911285,7.270673971510482,0.1204159457879229,7.150258025722559
-0.2575999999999999,1.8344814635204143,3.365322240000001,1.8524794195887848,5.41,-5.51,10.92,0.4175,2.700090878100217,7.290490750000001,2.732178068867401,19.61,-4.46,24.07,9.9906,2.2750665133134023,5.17592764,10.246365989949805,19.61,3.35,16.259999999999998,-0.0485,0.5028048826334127,0.25281275,0.5051385948430391,1.42,-1.47,2.89,0.008,0.3407462398912128,0.1161079999999999,0.3408401384813707,0.7,-1.72,2.42,0.0081,0.115669313130147,0.01337939,0.1159525765129865,0.38,-0.34,0.72,10.415157904476176,2.721943942263964,7.408978824827488,10.764966000875248,28.06718012198589,4.604671540946216,23.462508581039675,0.5050855195555629,0.3600980671085128,0.1296706179352869,0.6203079880188551,1.728380745090618,0.0435889894354067,1.6847917556552112
1.4484,5.868766432564854,34.44241944,6.04485582954631,19.61,-19.61,39.22,-0.5865999999999998,6.087335578066975,37.05565444,6.115533827884529,19.36,-19.61,38.97,8.714300000000001,5.6177066949067385,31.558628509999995,10.368107493655726,19.61,-19.61,39.22,-0.1325,0.7034790330919608,0.49488275,0.7158484476479642,1.59,-2.64,4.23,0.005,0.6095104593032017,0.3715029999999999,0.609530967219878,2.28,-3.78,6.06,-0.014,0.2423509851434484,0.0587339999999999,0.242755020545405,0.89,-1.02,1.91,12.443229159267505,5.157881065898563,26.60373708995489,13.4698808086783,32.9644748175972,6.426857708087211,26.537617109509988,0.6360989751499796,0.7336723340927785,0.5382750938131456,0.9710288358231182,4.55421782526923,0.0424264068711928,4.511791418398038
0.1783999999999999,1.665418097655961,2.77361744,1.6749459692778152,4.02,-3.83,7.85,0.1133,2.2254698627480893,4.95271611,2.228352081696248,5.53,-4.21,9.74,9.9258,1.4406,2.0753283599999994,10.029797306027676,19.33,6.51,12.82,0.0121,0.2288374750778377,0.05236659,0.2291571513176056,0.54,-0.7,1.24,0.0046999999999999,0.1069247866493078,0.01143291,0.1070280337107993,0.44,-0.2,0.64,-0.0052,0.0381439379194125,0.00145496,0.0384967531098403,0.11,-0.1,0.21,10.29929192727512,1.514072916594695,2.2924167967655658,10.409987079723011,19.76187744117446,6.524860151758044,13.237017289416414,0.2148412736671324,0.1389000616597569,0.0192932271290842,0.2558319761093207,0.7286288492778747,0.0282842712474619,0.7003445780304128
1.4228999999999998,7.04863749883621,49.683290589999984,7.190822970981833,19.61,-19.61,39.22,-0.0956999999999999,13.254666518249335,175.68618450999998,13.255011995467976,19.61,-19.61,39.22,5.287999999999999,7.1135064490024895,50.60197400000001,8.86368535091358,19.61,-18.0,37.61,0.7022999999999999,3.6171999820303,13.08413571,3.68474707408799,4.37,-4.37,8.74,-0.2595,1.2737585132198332,1.62246075,1.2999234592851996,2.53,-3.53,6.06,0.1435999999999999,2.8377362527197625,8.05274704,2.8413672765061544,4.37,-4.37,8.74,16.21044184665539,6.571892507961752,43.1897711362038,17.491946604080404,33.96551633642569,4.362178354904806,29.60333798152088,4.432574947149072,1.921668373551068,3.692809337906404,4.831203783737548,7.117211532615847,0.2903446228191595,6.826866909796687
1.3088000000000002,4.3691157640877405,19.08917256,4.560935211116246,19.0,-11.93,30.93,0.3151000000000001,10.825610421126378,117.19384099,10.830195242930756,19.61,-19.61,39.22,5.984300000000001,5.567106655166578,30.99267651000001,8.173403391488762,19.61,-14.14,33.75,0.6399,3.394362530726499,11.521696990000002,3.4541524285995258,4.37,-4.37,8.74,0.0113,1.288557841154211,1.66038131,1.2886073878416189,2.75,-3.56,6.3100000000000005,0.1541,2.5942213070592106,6.72998419,2.5987941434442248,4.37,-4.37,8.74,13.171479839145944,5.604632088457903,31.411900846971992,14.31432087107174,27.65842547940862,2.752326288796443,24.90609919061217,4.07339065416974,1.9372396801951548,3.752897578522625,4.510588542529677,7.132138529221092,0.3698648401781386,6.762273689042954
2.6963,4.005210270385314,16.04170931,4.828223586372114,17.9,-11.99,29.89,2.2533000000000003,9.984418466290364,99.68861211000004,10.235525047597706,19.61,-19.61,39.22,5.279800000000002,4.458379970347974,19.877151960000003,6.910386385724028,11.53,-13.47,25.0,0.2429,3.382693984090196,11.44261859,3.3914036916887382,4.37,-4.37,8.74,0.0910999999999999,2.0110176006191494,4.04419179,2.0130799785403464,4.37,-4.37,8.74,0.1021999999999999,1.823999221491062,3.3269731600000005,1.826860147904048,4.37,-4.37,8.74,12.470547730198582,4.507393405155471,20.31659530883904,13.260134086803196,24.88472824846597,2.79352823504614,22.09120001341983,4.011259162994917,1.6737168002052536,2.801327927289313,4.346438542070968,7.0728989813230045,0.1862793601019715,6.886619621221033
0.4304000000000001,7.185930269631064,51.63759383999998,7.198808095789191,19.61,-19.61,39.22,-0.4077000000000001,9.3486073674104,87.39645971,9.357493200638729,19.61,-19.61,39.22,8.4487,6.166997268525421,38.03185531,10.46003761943522,19.61,-19.61,39.22,0.1168999999999999,2.8561196386005965,8.157419390000003,2.85851097601531,4.37,-4.37,8.74,0.0548,0.8200993598339167,0.6725629599999999,0.8219282207103003,4.37,-2.11,6.48,0.0334,2.222625123586972,4.940062440000001,2.2228760649213,4.37,-4.37,8.74,14.304014495063718,6.64778709985564,44.19307332500707,15.773328881374406,33.96551633642569,3.066936582324453,30.898579754101235,3.220157493548894,1.8488955397049625,3.4184147167409047,3.713196601312675,7.569062029075994,0.1655294535724685,7.403532575503525
0.0026999999999999,1.6539811697839852,2.73565371,1.6539833735560945,3.77,-4.12,7.890000000000001,0.8011,1.4088249678366722,1.9847877900000004,1.6206631358798778,4.0,-3.53,7.529999999999999,9.5699,2.232228704680593,4.982844989999999,9.82679149061381,14.95,2.88,12.07,-0.0533,0.1406915420343383,0.0197941099999999,0.150449327017438,0.42,-0.44,0.86,0.0238999999999999,0.0928320526542422,0.00861779,0.0958592718520227,0.28,-0.53,0.81,-0.0027,0.0341717719762964,0.0011677099999999,0.0342782730020052,0.12,-0.09,0.21,9.873140905845707,2.1092960089366835,4.449129653316221,10.095941808469384,15.529098492829515,3.2280644355402823,12.301034057289234,0.1439889294001537,0.1107528248407125,0.0122661882101975,0.1816562688155847,0.5504543577809154,0.0141421356237309,0.5363122221571845
-0.2395,1.7694074573144536,3.1308027499999995,1.7855427746206474,5.47,-9.68,15.15,-0.0042999999999999,5.103717126761631,26.04792851,5.103718938186154,12.5,-19.61,32.11,9.607,1.5374878861311398,2.3638690000000007,9.7292506391808,13.8,0.79,13.010000000000002,-0.0918,1.466127811618073,2.14953076,1.468998978896854,3.3,-3.28,6.58,0.0284,0.1879985106323983,0.03534344,0.1901315334183154,1.08,-0.58,1.66,-0.0460999999999999,0.8103516458920782,0.65666979,0.8116618754136478,1.28,-1.91,3.19,10.97554973907808,1.8524945141681508,3.431735925023093,11.13078739353151,21.883294998697064,6.161144374221399,15.722150624475663,1.511899342141166,0.753036107522813,0.5670633792331096,1.6890538771750296,3.432346136391258,0.0830662386291807,3.349279897762077
-0.2535,1.0769980269248407,1.1599247499999998,1.1064298441383438,2.51,-5.58,8.09,0.4051999999999999,1.686734999933303,2.84507496,1.7347224561871564,6.47,-3.5,9.97,9.5484,0.9996146457510514,0.99922944,9.600581857366771,12.28,6.68,5.6,-0.0354,0.7146347598598881,0.51070284,0.7155110062046565,1.56,-2.1,3.66,0.0360999999999999,0.2409559918325336,0.05805979,0.2436452338955145,1.01,-0.58,1.59,-0.0021999999999999,0.3446522305165019,0.11878516,0.3446592520156684,0.94,-1.03,1.97,9.77334132890372,0.941498947818028,0.8864202687424538,9.818585488755495,12.572927264563331,7.797871504455559,4.775055760107772,0.6651888730447584,0.4976271326781171,0.2476327631774444,0.8307279939908129,2.349042358068496,0.0948683298050513,2.254174028263445
0.2207,0.9362865533585324,0.8766325099999999,0.9619464642068184,4.56,-2.34,6.9,0.0102,0.8765488919621084,0.7683379599999999,0.8766082363290912,2.18,-3.78,5.96,9.7748,1.626216762919384,2.6445809600000003,9.909152133255398,16.54,3.5,13.04,-0.0376,0.0845354363565954,0.00714624,0.092520268049763,0.17,-0.32,0.49,0.0308,0.0467478341744299,0.00218536,0.0559821400091136,0.17,-0.12,0.29,-0.0086,0.023410254163507,0.00054804,0.0249399278266798,0.08,-0.08,0.16,9.859703270035462,1.634420517141166,2.671330426851996,9.9942522981962,17.56854006455858,3.6029016084261865,13.965638456132393,0.0935398510918319,0.059718475011657,0.0035662962577179,0.1109774751920406,0.3710795063055894,0.01,0.3610795063055894
-0.3201,4.457159296009063,19.86626899,4.468638830785052,13.53,-19.61,33.14,-0.7031000000000001,3.512685210775369,12.33895739,3.582360534619596,11.99,-14.73,26.72,9.4253,3.263088553809105,10.64774691,9.974167985350958,19.61,-15.69,35.3,0.0161,0.3786393930905763,0.14336779,0.3789815298929488,1.66,-0.92,2.58,0.0111999999999999,0.5742843894796374,0.3298025599999999,0.5743935932790336,2.59,-3.54,6.13,-0.0274,0.2031827748604689,0.04128324,0.2050219500443793,1.04,-0.94,1.98,11.096401640197332,3.0258779948018306,9.155937639425948,11.501568023534878,26.35349312709797,8.626204263753554,17.727288863344416,0.408834048740287,0.5902912167656101,0.3484437205906245,0.7180452631972444,3.5679826232760723,0.0141421356237309,3.5538404876523413
1.4775000000000005,4.225324928333914,17.853370749999996,4.476201179571803,19.61,-15.46,35.07,-0.9536000000000004,9.486555067040934,89.99472704,9.534363114545195,19.61,-19.61,39.22,7.878299999999999,3.6602912602687785,13.397732110000003,8.687079083328298,19.61,-7.04,26.65,0.0722999999999999,3.406536027990897,11.60448771,3.4073031858054548,4.37,-4.37,8.74,-0.1414999999999999,0.7948161737156585,0.6317327499999998,0.8073134459427763,3.75,-1.94,5.69,-0.0229999999999999,2.6134702982815776,6.830226999999999,2.6135715027525075,4.37,-4.37,8.74,12.78845708213159,4.781335112547374,22.86116545847841,13.653050941090054,33.96551633642569,2.03324863211561,31.93226770431008,3.9217808878862495,1.926618973074369,3.711860667410136,4.369465184665052,7.228851914377553,0.1122497216032182,7.116602192774335
-0.2869,4.432828373623324,19.64996739,4.442102992952774,16.94,-19.61,36.55,0.5379999999999999,4.157681084450802,17.286312,4.192344928557287,19.61,-17.17,36.78,9.5426,4.909149950857073,24.099753240000005,10.731307842010684,19.61,-12.02,31.63,-0.0111999999999999,0.6530134454971046,0.42642656,0.6531094854616645,1.6,-3.19,4.79,0.0246999999999999,0.7636353252698569,0.5831389100000001,0.7640346850765349,2.04,-4.37,6.41,-0.0225,0.1971820225071241,0.03888075,0.1984615831842525,0.69,-1.18,1.87,11.324676082630685,4.921454523155979,24.22071462349244,12.347833939602523,28.56139177281108,2.9562137947043,25.605177978106774,0.6007747095617485,0.8299143018113357,0.6887577483509968,1.0245428248736117,5.151951086724329,0.0244948974278317,5.127456189296498
1.1421,4.22032019993744,17.811102589999997,4.37212705670821,19.61,-11.62,31.23,0.2922,8.780513718456342,77.09742116000001,8.785374323271604,19.61,-19.61,39.22,8.025200000000002,4.391773782880899,19.28767696,9.148306509950352,19.61,-1.8,21.41,0.0938999999999999,3.0389152324472626,9.23500579,3.040365603015532,4.37,-4.37,8.74,0.0978999999999999,1.1819714844276068,1.3970565900000005,1.186018971180478,2.45,-4.37,6.82,0.1321,2.518581860889179,6.343254589999998,2.5220438140524046,4.37,-4.37,8.74,12.250748291843502,5.468909881310309,29.908975289893544,13.41602806347691,33.96551633642569,2.4792539200332024,31.486262416392485,3.621338549448503,1.974101342453881,3.897076110278215,4.124459843421923,6.648029783326787,0.3671511950137163,6.280878588313071
0.1729999999999999,2.080898603968968,4.330139,2.0880775847654705,5.79,-4.87,10.66,0.6992999999999999,1.5944260754265154,2.54219451,1.7410384832047796,4.04,-2.98,7.02,10.088299999999998,2.908507539959283,8.45941611,10.49920058861626,19.61,2.88,16.73,-0.0668,0.2135831454024404,0.04561776,0.2237856116911898,0.49,-0.79,1.28,0.0290999999999999,0.0870068388116704,0.0075701899999999,0.0917442096265481,0.25,-0.17,0.42,-0.0070999999999999,0.0448172957684865,0.0020085899999999,0.0453762052181537,0.13,-0.16,0.29,10.465463945192058,2.8457969730613475,8.098560411885128,10.845482746286589,19.754812071999066,4.409138237796588,15.345673834202476,0.1989551515872779,0.1448200526753227,0.0209728476568832,0.2460812873828483,0.7986238163240564,0.0141421356237309,0.7844816807003255
1.7525999999999995,5.682525252033642,32.29109324,5.946654521661738,19.61,-19.61,39.22,0.4635000000000001,12.556057054266676,157.65456875,12.5646090667398,19.61,-19.61,39.22,6.185100000000001,6.284113858771179,39.49008699,8.817343647607254,19.61,-19.61,39.22,0.3897,3.5378856553031786,12.51663491,3.5592837762673546,4.37,-4.37,8.74,0.0149,1.277290487712173,1.6314709899999995,1.2773773913765656,3.83,-3.99,7.82,-0.004,2.6206751038615987,6.8679380000000005,2.6206781565083497,4.37,-4.37,8.74,15.42573512895854,5.7466812797661255,33.02434573121443,16.46139878625143,33.96551633642569,4.90645493202577,29.05906140439992,4.148962395548788,1.9885318806401016,3.95425904032206,4.6008855669316535,7.270673971510482,0.1204159457879229,7.150258025722559
0.1523,1.794189987152977,3.2191177099999995,1.800642385372509,5.5,-4.68,10.18,0.7223,1.5146629030909813,2.29420371,1.6780706182994805,4.75,-2.54,7.29,9.7992,2.020218146636645,4.08128136,10.005278706762748,19.61,2.63,16.98,-0.0382999999999999,0.1600065936141382,0.0256021099999999,0.1645265935950781,0.35,-0.43,0.78,0.0334999999999999,0.0845857553019419,0.00715475,0.0909780193233508,0.28,-0.19,0.47,-0.0096,0.0342321486325354,0.0011718399999999,0.0355527776692623,0.13,-0.19,0.32,10.11718602449985,1.9509953730506224,3.806382945664938,10.303583648420584,20.366987995282955,4.5602960430217685,15.806691952261186,0.1607036207002058,0.103847707215154,0.0107843462938443,0.191337398330802,0.4456455991031438,0.01,0.4356455991031438
0.3655,0.0336563515550928,0.0011327499999999,0.3670463186029796,0.45,0.28,0.1699999999999999,-0.2314,0.0340593599470101,0.00116004,0.2338931379925456,-0.13,-0.31,0.18,9.873399999999998,0.0474388026830357,0.00225044,9.873513964136578,10.06,9.75,0.3100000000000005,-0.0533,0.0047021271782034,2.2109999999999976e-05,0.0535070088866869,-0.05,-0.06,0.0099999999999999,0.0313,0.00336303434416,1.1310000000000004e-05,0.0314801524773943,0.04,0.03,0.01,-0.0098,0.0014,1.960000000000001e-06,0.0098994949366116,-0.0,-0.01,0.01,9.882989289260593,0.047219787805477,0.0022297083603942,9.883102093978389,10.067517072247757,9.759595278493878,0.3079217937538772,0.0627297690024153,0.0041202039881064,1.6976080903608135e-05,0.0628649345820068,0.0728010988928051,0.058309518948453,0.0144915799443521
-1.2352,3.069820020782977,9.42379496,3.309004986396968,5.1,-8.11,13.21,0.1017999999999998,7.365370918018997,54.24868876000001,7.366074395497237,19.61,-13.91,33.52,7.633699999999999,2.5089661835106507,6.29491131,8.0354394403791,12.39,-1.69,14.08,0.5646000000000001,2.422366371959453,5.867858840000002,2.487294112082445,4.37,-4.37,8.74,-0.1386,1.5838383882202125,2.50854404,1.5898911912454892,3.82,-4.28,8.1,0.2872999999999999,2.1701068429918378,4.70936371,2.189042027919976,4.37,-4.37,8.74,10.944488801011806,3.161489820405433,9.995017884527178,11.391964404789896,20.60000485436836,3.69,16.91000485436836,3.1769376176023547,1.847527638186523,3.413358373863072,3.67509061112784,7.094765676186917,0.4704253394535631,6.624340336733354
0.0017999999999999,1.371384249581422,1.88069476,1.37138543086909,6.75,-4.3,11.05,0.4517,2.383269625955066,5.67997411,2.425697219357766,6.0,-10.91,16.91,9.3041,2.980908282721896,8.885814190000001,9.769958597660484,14.99,-17.63,32.62,-0.0269,0.6906195696619087,0.47695539,0.6911432557726365,1.44,-1.64,3.08,0.0457,0.1814180531259224,0.03291251,0.1870855419320263,1.15,-0.54,1.69,-0.0057,0.1163551030251789,0.01353851,0.1164946350696031,0.27,-0.34,0.6100000000000001,10.024494706694686,1.6511516815393623,2.726301875450264,10.159566723044836,21.80384140466996,5.407087940842095,16.396753463827864,0.6029930163236904,0.4032994201147053,0.1626504222648576,0.7254315956725347,1.687986966774329,0.0141421356237309,1.673844831150598
0.7467999999999999,5.602085126093676,31.38335776,5.651642946966837,19.61,-19.61,39.22,0.6637000000000001,4.734121387332606,22.41190531,4.780418705511056,19.61,-19.61,39.22,10.0351,2.663503893370535,7.0942529899999975,10.38255676603793,19.61,-1.13,20.74,-0.0958999999999999,0.6738309802910519,0.4540481899999999,0.6806210399333833,1.74,-3.99,5.73,0.103,0.7036511919978534,0.495125,0.7111497732545515,2.45,-4.37,6.82,-0.0056,0.1875650287233737,0.03518064,0.1876486077752776,0.73,-0.83,1.56,11.740241627818396,4.97570924798064,24.757682520440067,12.751115872738351,33.96551633642569,2.3720244518132607,31.593491884612423,0.5960239128166177,0.8055721540313873,0.6489464953507691,1.0020933090286552,5.20255706359863,0.0223606797749978,5.180196383823632
-0.4331,1.3009601800208954,1.6924973900000004,1.3711575401827465,1.92,-8.81,10.73,-0.3651,4.542046123720013,20.63018299,4.556696281298546,12.32,-13.68,26.0,9.8297,1.1194985082616231,1.25327691,9.893244108986698,17.54,7.4,10.14,-0.017,1.3791435748318592,1.902037,1.3792483460203968,2.5,-2.91,5.41,0.0027,0.1530153913826971,0.0234137099999999,0.1530392106618431,0.45,-0.45,0.9,-0.0526,0.5505572086531971,0.30311324,0.5530641915727323,0.97,-1.68,2.65,10.842522604249291,1.7203303683720614,2.9595365763431527,10.978152531277749,20.033666663893555,8.115275719283973,11.918390944609582,1.3386332102747756,0.6630898342980754,0.4396881283494492,1.4938631128721267,3.067670125681704,0.0787400787401181,2.9889300469415856
0.5456,0.032009998437988,0.0010246399999999,0.5465381962864078,0.62,0.47,0.15,-0.0823,0.0327675144006987,0.00107371,0.0885832941360841,0.01,-0.16,0.17,9.8664,0.0486933260313977,0.0023710399999999,9.866520156569893,9.97,9.75,0.2200000000000006,-0.0537999999999999,0.0048538644398046,2.355999999999997e-05,0.054018515344278,-0.05,-0.06,0.0099999999999999,0.0313,0.00336303434416,1.131e-05,0.0314801524773943,0.04,0.03,0.01,-0.0096,0.0019595917942265,3.8400000000000005e-06,0.0097979589711327,-0.0,-0.01,0.01,9.881921971582438,0.0488789070687777,0.0023891475562382,9.8820428556043,9.984157450681556,9.765193290457695,0.2189641602238605,0.0631146283877265,0.0046415173681874,2.154368347918613e-05,0.0632850693291869,0.0728010988928051,0.058309518948453,0.0144915799443521
0.4928,0.0431527519400559,0.00186216,0.4946857588409029,0.6,0.35,0.25,0.206,0.0365786823163437,0.001338,0.2092223697409051,0.3,0.13,0.1699999999999999,9.8588,0.048109874246354,0.00231456,9.858917384784194,9.96,9.75,0.2100000000000008,-0.0576,0.0058514955353311,3.4239999999999984e-05,0.0578964593045205,-0.05,-0.08,0.03,0.0301999999999999,0.007208328516376,5.195999999999999e-05,0.03104834939252,0.04,0.0,0.04,-0.0098,0.0014,1.9600000000000007e-06,0.0098994949366116,-0.0,-0.01,0.01,9.87341815889674,0.0485165906480667,0.002353859568112,9.87353736003465,9.973369540932492,9.760297126624785,0.2130724143077103,0.0662525041695797,0.0049604124082393,2.4605691259815216e-05,0.0664379409674923,0.0806225774829855,0.0547722557505166,0.0258503217324688
0.5870000000000001,5.00050947404362,25.005095,5.034844982717939,18.0,-19.61,37.61,-0.2387,4.984414640657416,24.84438931,4.990126952292898,18.25,-19.39,37.64,8.7239,5.998756687014402,35.98508179,10.58732794429265,19.61,-19.61,39.22,-0.1490999999999999,0.8514024841401392,0.72488619,0.864359300291262,1.16,-4.37,5.53,0.1462,0.6944491054065806,0.48225956,0.7096717551093604,4.32,-1.09,5.41,-0.0670999999999999,0.3398361222707203,0.11548859,0.3463971708891399,0.47,-2.58,3.05,11.75700443274395,4.910742384654191,24.11539076843913,12.741371354763976,33.83897604833811,6.684796182382826,27.154179865955285,0.584579247508145,1.0144008593168732,1.0290091033828106,1.170786914856841,6.664510484649266,0.0244948974278317,6.640015587221435
0.6822000000000001,4.461813438502332,19.90777916,4.513665472761578,19.61,-16.21,35.82,0.5622999999999998,8.371452783716814,70.08122171,8.390316025037436,19.61,-19.61,39.22,8.595799999999999,3.6458165559994926,13.29197836,9.337010013917732,19.61,-4.54,24.15,0.3404,2.683244647809812,7.199801840000001,2.704750265736192,4.37,-4.37,8.74,0.1213,0.8348145362893484,0.6969153099999998,0.8435810571604843,4.37,-1.49,5.86,0.0271,1.7353289572873496,3.01136659,1.735540549799975,4.2,-4.37,8.57,12.395986545455916,4.928473654680105,24.289852564875872,13.339802659709774,30.17409982087287,2.2436354427580256,27.93046437811484,2.660152077715477,1.9907272348129543,3.962994923426032,3.3225598564961927,7.569062029075994,0.14,7.429062029075994
-0.1742,1.4367784658742626,2.06433236,1.4473002452843018,4.22,-5.31,9.53,0.0725999999999999,4.375445033365177,19.14451924,4.376047303217825,12.22,-8.19,20.41,9.613400000000002,0.8881781578039396,0.7888604399999999,9.654342028331088,12.19,6.45,5.739999999999999,-0.0645,1.273683928610234,1.6222707499999998,1.2753160392624254,2.27,-2.27,4.54,0.0327,0.1616777968677208,0.0261397099999999,0.1649515080258437,0.48,-0.47,0.95,0.0076999999999999,0.741758525397585,0.5502057099999998,0.741798490157536,1.75,-1.82,3.5700000000000003,10.648123247298113,1.0335663067019472,1.0682593103495035,10.698167506634022,15.457962349546593,8.68420405103427,6.773758298512323,1.36228980290399,0.5899758409492785,0.3480714929038083,1.4845554890269343,2.5072893730082293,0.0806225774829855,2.426666795525244
0.7378,5.684156855682292,32.30963916,5.731839844238498,19.61,-19.61,39.22,0.7822,5.055271620793486,25.55577116,5.115428427805436,19.61,-15.45,35.06,9.8626,3.366236064211778,11.33154524,10.42124867758178,19.61,-6.95,26.56,0.0597,0.6457947893874648,0.41705091,0.6485483790743756,2.27,-2.18,4.45,-0.1041,0.7303657919152566,0.5334341899999999,0.7377472466908974,1.72,-4.22,5.94,-0.023,0.2000674886132177,0.040027,0.2013852030314044,0.48,-0.72,1.2,11.961369488558253,4.954761342202843,24.54965995818772,12.946969529584903,31.74597139795852,6.434500757634581,25.31147064032393,0.6336910234937411,0.7770956741247856,0.603877686743455,1.0027173081182952,4.232800491400463,0.0374165738677394,4.195383917532723
-0.1449,1.17917555520796,1.3904549900000005,1.1880450328165173,3.48,-3.88,7.359999999999999,0.5293,2.314906155765283,5.35879051,2.3746471316808315,8.05,-6.01,14.06,9.505400000000002,1.715375422465881,2.94251284,9.65894103926512,13.59,-0.2,13.79,-0.0095,1.124356149091559,1.26417675,1.1243962824556115,3.05,-4.37,7.42,0.0477999999999999,0.4504166515571999,0.20287516,0.4529459128858544,1.23,-1.2,2.43,-0.0298,0.4770890482918257,0.2276139599999999,0.4780188280810705,1.26,-1.92,3.18,9.884581608199047,1.6249887479158494,2.64058843085312,10.017262200821142,14.862927033394197,1.596308240910884,13.266618792483312,1.0541673881689717,0.7659374110989808,0.5866601177210091,1.3030460467688776,4.778723678975381,0.1449137674618943,4.633809911513486
-0.2020999999999999,2.4023793601344483,5.771426590000001,2.410865197392836,6.38,-6.97,13.35,0.5137,2.394959145789339,5.735829310000001,2.44943197496889,7.39,-4.45,11.84,9.6633,1.31673008243907,1.7337781100000005,9.752596833664356,14.46,5.69,8.77,-0.0650999999999999,0.7132369802527068,0.50870699,0.7162017872080465,2.04,-1.92,3.96,0.0315999999999999,0.3789161384792154,0.14357744,0.3802315084261166,1.07,-1.4,2.47,-0.0041999999999999,0.199294656225399,0.0397183599999999,0.1993389073914071,0.46,-0.62,1.08,10.265478812331418,1.2430115661468173,1.5450777535747635,10.340460966514016,15.481744087795793,7.574985148500293,7.9067589392955,0.692531108779859,0.4665379549105722,0.2176576633721391,0.8350191614567896,2.3587284710199263,0.0714142842854285,2.287314186734498
0.8742999999999997,0.0303399077124502,0.00092051,0.8748262684670597,0.96,0.8,0.1599999999999999,-0.1700999999999999,0.0334214003297288,0.00111699,0.173352242558324,-0.08,-0.26,0.18,9.8565,0.0417702046918614,0.00174475,9.85658850718645,9.95,9.74,0.209999999999999,-0.0533,0.0047021271782034,2.2109999999999976e-05,0.0535070088866869,-0.05,-0.06,0.0099999999999999,0.0311999999999999,0.0032496153618543,1.056e-05,0.0313687742827162,0.04,0.03,0.01,-0.0099999999999999,1.734723475976807e-18,3.009265538105056e-36,0.01,-0.01,-0.01,0.0,9.896763102727698,0.0422976179897571,0.0017890884876074,9.896853489872424,9.996809491032623,9.77920242146567,0.2176070695669558,0.0626836403876201,0.0042144071653699,1.776122775552141e-05,0.0628251541979802,0.0728010988928051,0.0591607978309961,0.013640301061809
2.4311000000000003,3.3655911501547537,11.32720379,4.151800934534314,19.61,-7.45,27.06,0.7143999999999999,7.849419764543109,61.61339064,7.881862597127661,19.61,-17.2,36.81,7.099899999999998,3.0595396696235206,9.36078299,7.731064803764097,15.67,-3.42,19.09,0.1503999999999999,3.245768297337319,10.53501184,3.249250990613067,4.37,-4.37,8.74,0.111,1.476068765335816,2.178779,1.480236467595634,3.96,-4.37,8.33,0.0975,1.7037936348044034,2.9029127500000005,1.70658108509382,4.37,-4.37,8.74,11.148017448107794,3.853865459079258,14.85227897668418,11.795362308975507,25.370128103736487,3.3035435520059364,22.06658455173055,3.5768625329539185,1.693282439627389,2.8672054203504818,3.957417213284442,7.569062029075994,0.3534119409414458,7.215650088134548
1.6853,3.65840906816064,13.38395691,4.027926637862214,10.37,-7.53,17.9,1.0378,10.291256928091922,105.90996916,10.343451938303769,19.61,-19.61,39.22,5.5433,4.6806194152056415,21.908198110000004,7.255092900852476,13.62,-9.75,23.37,0.3484000000000001,3.49079438523669,12.18564544,3.508137397537332,4.37,-4.37,8.74,0.3161,1.9745778764080184,3.8989577900000008,1.9997192302920928,4.37,-4.37,8.74,0.2308999999999999,2.789712205586806,7.782494190000002,2.7992515070997106,4.37,-4.37,8.74,12.391351497963136,4.722496379450888,22.301972053926747,13.260752768979597,21.51127611277397,1.503795198821967,20.007480913952,4.499609286765283,1.9736337721207595,3.895230266455617,4.913421821907824,7.569062029075994,0.4688283267892417,7.1002337022867525
0.3742000000000001,2.499011076406025,6.245056359999999,2.526871979345214,5.56,-5.24,10.8,0.7022999999999999,1.4967136366052125,2.24015171,1.653292775040162,5.18,-3.05,8.23,9.873399999999998,2.574392052504824,6.62749444,10.203505378055134,19.61,1.94,17.669999999999998,-0.0419,0.1853790441231155,0.03436539,0.1900552551233456,0.53,-0.52,1.05,0.0203999999999999,0.111255741424881,0.01237784,0.1131105653774217,0.35,-0.23,0.58,-0.0114,0.0407926463961337,0.00166404,0.0423556371690947,0.11,-0.14,0.25,10.329453590947482,2.555850056725188,6.532369512462148,10.64095771065744,20.45585735186868,2.940697196244455,17.515160155624226,0.1897911607108077,0.1211953601258906,0.0146883153160443,0.2251865892987413,0.5863446085707619,0.0141421356237309,0.572202472947031
0.0416,0.1454215939948397,0.02114744,0.1512547519914663,0.34,-0.39,0.73,0.4089999999999999,0.0784283112147647,0.006151,0.4164516778691136,0.6,0.19,0.41,9.896499999999998,0.0556843784198046,0.00310075,9.896656657679904,10.04,9.73,0.3099999999999987,-0.0579,0.0145804663848588,0.00021259,0.0597076209541127,-0.01,-0.11,0.1,0.0337,0.021755688911179,0.00047331,0.0401123422402631,0.08,-0.05,0.13,-0.0049,0.0124494979818464,0.0001549899999999,0.0133790881602596,0.08,-0.06,0.14,9.906420080909898,0.0544442884527811,0.0029641805451296,9.9065696888479,10.049900497019856,9.75168703353425,0.2982134634856077,0.0716294009462388,0.0149073445013846,0.0002222289200829,0.0731641988953613,0.1417744687875782,0.0412310562561766,0.1005434125314016
0.9300000000000002,3.252148520593732,10.57647,3.3825094234902,11.28,-5.71,16.99,1.0446,11.128601477274673,123.84577084,11.177520297454173,19.61,-19.61,39.22,5.5589,4.612003229617256,21.27057379,7.223014813774093,13.18,-11.61,24.79,0.2116999999999999,3.436239821374521,11.807744109999998,3.442754856216167,4.37,-4.37,8.74,0.0155,1.7969370467548385,3.228982750000001,1.797003895376969,4.37,-4.37,8.74,0.0125999999999999,2.2621417373807504,5.11728524,2.262176827747999,4.37,-4.37,8.74,12.90946717393668,4.679308740086636,21.895930285051183,13.731360930366662,24.331473444902592,3.123539658784565,21.207933786118023,4.062368733549705,1.9225993531356889,3.696388272677769,4.494355126155476,6.86977437766336,0.0509901951359278,6.818784182527432
-1.4463,2.980969525171299,8.88617931,3.313300922041341,3.86,-8.94,12.8,-0.3113999999999999,8.443066506903756,71.28537204,8.448807134738015,19.61,-19.61,39.22,7.413399999999999,3.117340603783937,9.717812440000005,8.042158416743604,12.63,-6.16,18.79,0.0408,2.677946108494344,7.171395360000002,2.6782568958186217,4.37,-4.37,8.74,-0.0871,1.5045692373566597,2.26372859,1.50708825222679,3.37,-4.37,7.74,0.0368999999999999,2.319996420255859,5.382383390000001,2.3202898525830777,4.37,-4.37,8.74,11.530478761411914,3.7529557061906273,14.084676532628787,12.12586561858575,23.158348386704954,3.399911763560932,19.75843662314402,3.3090198978803635,1.969392626022508,3.8785073154318286,3.850729800959813,7.087644178427696,0.6533758489567854,6.43426832947091
0.028,1.7852624456925097,3.1871620000000003,1.7854820077502882,5.72,-8.45,14.169999999999998,0.3055999999999999,2.629361260838837,6.913540640000001,2.6470610117638014,7.46,-8.46,15.920000000000002,9.7425,1.8874328464875247,3.56240275,9.923643937586636,19.61,6.12,13.489999999999998,-0.0349999999999999,1.2474778555148784,1.5562010000000002,1.2479687496087393,3.66,-4.37,8.030000000000001,0.0063999999999999,0.4768595600383827,0.2273950399999999,0.4769025057598251,1.16,-1.72,2.88,-0.0142999999999999,0.4723584549894285,0.22312251,0.472574861794404,1.41,-1.96,3.37,10.238726846193954,1.960117233490692,3.842059569027202,10.424662440578112,20.45733609246326,7.118974645270202,13.338361447193058,1.1218799582344712,0.8657796251424613,0.7495743593118209,1.4171058534915448,4.460695013111746,0.1445683229480096,4.3161266901637365
1.339,3.7920038238377343,14.379292999999995,4.0214691345328015,11.63,-9.6,21.23,1.3307,7.2381743906872,52.391168510000014,7.35947898971116,17.88,-15.82,33.7,7.488800000000001,2.597287538952898,6.745902560000001,7.926413312463588,12.17,-0.26,12.43,0.6354,3.1658393578954698,10.02253884,3.2289738308013587,4.37,-4.37,8.74,0.1201,2.02554066609387,4.102814990000001,2.029098075500541,4.37,-4.37,8.74,0.0593,1.898535359165059,3.60443651,1.8994612394044792,4.37,-4.37,8.74,10.997729918074729,3.494582900588289,12.21210964908406,11.539591543897902,19.41206068401807,1.0798611021793498,18.33219958183872,3.916900999861282,1.6761117377089436,2.8093505572856943,4.260453496988319,7.39991216164084,0.7024243731534379,6.697487788487402
0.5767,4.323546011088583,18.69305011,4.361838259266384,19.61,-19.61,39.22,0.5987,9.235173810492146,85.28843531000001,9.254559795041578,19.61,-19.61,39.22,7.232099999999999,3.70678925621622,13.740286589999997,8.126718710525179,19.61,-6.68,26.29,0.3786,3.147299801417081,9.90549604,3.169989589888269,4.37,-4.37,8.74,0.1196,1.2265919614933076,1.5045278399999995,1.2324090230114353,4.37,-2.07,6.44,0.1495,2.3462286227049574,5.50478875,2.350986814084673,4.37,-4.37,8.74,12.199611008290349,4.678200321320258,21.885558246400965,13.06583587069729,33.96551633642569,2.201045206259971,31.76447113016572,3.649070342314825,1.943988332485144,3.779090636838368,4.1345864363924,7.460978488107307,0.182208671582886,7.278769816524421
1.0807,4.926697931677971,24.27235251,5.043834354932763,18.96,-19.61,38.57,1.2153999999999998,10.32048219997496,106.51235284,10.3918020573912,19.61,-19.61,39.22,6.918100000000001,5.658713580841497,32.02103939,8.937625355764247,19.61,-17.16,36.77,0.5597999999999999,3.434928232146926,11.798731960000003,3.4802453936468334,4.37,-4.37,8.74,-0.0472,0.7754058034345629,0.60125416,0.7768410390807118,1.69,-2.5,4.19,0.0837,2.3939209072147727,5.73085731,2.3953836853414527,4.37,-4.37,8.74,13.390354403391113,5.831755391953969,34.00937095158419,14.6051690164818,29.72891353547923,3.955780580365903,25.77313295511333,3.8151527532439182,1.974351151496448,3.898062469415348,4.295748246813353,6.666618333158124,0.0640312423743284,6.602587090783795
-0.3071,3.223267377987746,10.389452589999998,3.237863956376178,19.61,-19.61,39.22,0.4784,2.443510474706421,5.970743439999999,2.4899016044815907,12.35,-4.18,16.53,9.3595,3.225388775016122,10.40313275,9.899665297372431,19.61,-9.32,28.93,0.0090999999999999,0.9232736268300964,0.85243419,0.9233184716012128,2.62,-3.21,5.83,0.0002,0.6607283556803053,0.4365619600000001,0.6607283859499302,2.47,-1.85,4.32,-0.0007999999999999,0.2687775288226305,0.07224136,0.268778719395714,1.29,-0.61,1.9,10.125643597843268,3.486844953458013,12.158087729455618,10.709189791949717,30.358305288668536,4.89204456234814,25.4662607263204,0.9477924581351034,0.6804487168789564,0.4630104563022181,1.1667566155801303,3.222436966024316,0.09,3.1324369660243163
-0.1010999999999999,2.760495931893398,7.62033779,2.762346647327232,9.34,-6.67,16.009999999999998,0.3963,2.1751035170768307,4.73107531,2.2109113505520748,9.22,-7.88,17.1,9.4157,2.2704185759458544,5.154800510000001,9.685566942621376,18.44,-1.71,20.15,-0.0542,0.2524289206885772,0.0637203599999999,0.2581821062738469,0.46,-1.27,1.73,0.0905,0.3206442732998673,0.1028127499999999,0.3331711272004223,0.92,-0.56,1.48,-0.0113999999999999,0.1048143119998409,0.0109860399999999,0.1054324428247776,0.48,-0.59,1.0699999999999998,10.085596181055324,2.1470083075484987,4.609644672682268,10.311590323514604,20.423626024778265,1.9794443664826755,18.44418165829559,0.3738730225720807,0.2213503173542256,0.0489959629928163,0.4344847523216436,1.3030349189488362,0.05,1.253034918948836
0.1108,1.5526021254655038,2.41057336,1.556550673765554,4.21,-3.43,7.640000000000001,0.162,1.5462832858179645,2.3909920000000007,1.5547462815520736,4.24,-9.17,13.41,9.2856,2.763057118483077,7.634484640000002,9.687974607728904,17.69,-9.0,26.69,-0.0171,0.1476299088938281,0.02179459,0.1486169573097229,0.79,-0.27,1.06,0.0167,0.0774603769678407,0.0060001099999999,0.0792401413426301,0.26,-0.33,0.5900000000000001,-0.0099,0.0286529230620542,0.00082099,0.0303150127824482,0.1,-0.08,0.18,9.730334939645624,2.004375204973256,4.017519962311581,9.934633259461568,17.734319834715965,2.4229527440707543,15.311367090645213,0.129607735729707,0.1117445069746983,0.0124868348390184,0.1711286066091815,0.8125269226308751,0.0244948974278317,0.7880320252030434
-0.2972999999999999,2.609856645488407,6.81135171,2.626735426341983,4.72,-8.1,12.82,-1.0205000000000002,8.142354987962635,66.29794475,8.206056604727998,18.24,-17.73,35.97,7.270100000000001,3.2451753404092054,10.531162990000002,7.9615021823773935,12.5,-0.58,13.08,0.2936,3.4557371196316424,11.94211904,3.468186846177697,4.37,-4.37,8.74,0.1261999999999999,1.479918768041003,2.190159560000001,1.4852898706986457,3.69,-2.97,6.66,0.0704,1.6883162736880788,2.85041184,1.6897834180746365,4.37,-4.37,8.74,11.103051584845415,3.7877257694112014,14.346866504261689,11.731352053365375,21.23991760812645,2.38214189333885,18.8577757147876,3.781791194594466,1.669679418477618,2.7878293604877564,4.133977987362777,6.659144089145391,0.3217141588429082,6.337429930302482
-0.6623,3.406185800862895,11.60210171,3.46997737744787,8.68,-8.77,17.45,0.2221,2.1466659241717143,4.60817459,2.158124880538659,7.18,-11.01,18.19,9.3643,2.460853207731009,6.05579851,9.682247311445828,19.61,0.32,19.29,-0.0646,0.2858615748924643,0.0817168399999999,0.2930699575186785,0.38,-1.23,1.61,0.0733999999999999,0.5323818554383686,0.2834304399999999,0.5374179007067033,1.13,-1.7,2.83,-0.0032999999999999,0.0838696011675267,0.0070341099999999,0.0839344982709731,0.31,-0.31,0.62,10.23722422082474,2.3755839813736936,5.64339925255929,10.509241599658845,20.582142745593814,5.378893938348292,15.203248807245522,0.518801592145509,0.3355561174934601,0.1125979079872847,0.6178616349960564,1.7370664926824189,0.0728010988928051,1.6642653937896137
0.5713,0.0335754374506126,0.0011273099999999,0.5722857677769037,0.67,0.5,0.17,-0.0748,0.0327865826215542,0.00107496,0.0816700679563816,-0.01,-0.16,0.15,9.8829,0.0481101860316503,0.00231459,9.883017100056035,10.01,9.76,0.25,-0.0561999999999999,0.0048538644398046,2.355999999999997e-05,0.0564092191046818,-0.05,-0.06,0.0099999999999999,0.0312,0.0032496153618543,1.056e-05,0.0313687742827162,0.04,0.03,0.01,-0.0093,0.0025514701644346,6.510000000000001e-06,0.0096436507609929,-0.0,-0.01,0.01,9.899791874607658,0.0482580506462751,0.0023288394521784,9.899909494535796,10.03112655687286,9.77875247667104,0.2523740802018217,0.0651060364926285,0.0044948873423619,2.020401222052543e-05,0.0652610143960389,0.0728010988928051,0.058309518948453,0.0144915799443521
-0.358,1.6455345635993186,2.707784,1.6840273156929493,5.33,-8.81,14.14,-0.2825,4.020912676246526,16.16773875,4.030824357374059,10.18,-11.82,22.0,9.8032,1.1850872372952126,1.4044317599999996,9.874571484373384,17.54,7.25,10.29,-0.0373,1.185043336760306,1.40432771,1.185630212165665,2.31,-2.05,4.359999999999999,0.0381,0.1971735022765483,0.03887739,0.2008208156541547,0.72,-0.45,1.17,-0.0193999999999999,0.5368571877138276,0.28821564,0.537207594883021,1.17,-1.68,2.85,10.658877180035084,1.7259757416972514,2.978992260927377,10.797715267592492,20.033666663893555,7.748503081240918,12.285163582652636,1.1899699256284022,0.5644568859531565,0.3186115760999347,1.3170573260112863,2.409937758532365,0.0787400787401181,2.331197679792247
-0.0054,1.3158422549834763,1.7314408400000003,1.3158533352923494,3.6,-3.33,6.93,-0.2456,1.279947905189895,1.6382666400000003,1.3032981239915908,4.17,-3.71,7.88,9.6489,0.997855595765239,0.99571579,9.70036014795327,13.25,5.38,7.87,-0.0625,0.1359365660887459,0.01847875,0.1496161755960899,0.26,-0.57,0.83,0.0280999999999999,0.0590202507619206,0.0034833899999999,0.0653681879816168,0.16,-0.15,0.31,-0.009,0.0281957443597433,0.0007949999999999,0.0295972971738974,0.08,-0.11,0.19,9.823878550764372,1.0091844330109718,1.0184532198316765,9.875578109660214,13.291384427515442,5.529095766940558,7.762288660574884,0.1414670631038967,0.0867241030899605,0.0075210700567581,0.1659337217083977,0.5721887800367986,0.01,0.5621887800367986
0.0582,0.1529926795634353,0.02340676,0.1636887289950044,0.71,-0.39,1.1,0.3886,0.0948579991355499,0.0089980399999999,0.4000099998750031,0.67,0.12,0.55,9.9024,0.0682219905895452,0.00465424,9.902635002866662,10.12,9.7,0.4199999999999999,-0.0576,0.0193969069699269,0.0003762399999999,0.0607782855960909,0.01,-0.13,0.14,0.0341,0.024045581714735,0.00057819,0.0417252920900501,0.13,-0.05,0.18,-0.0065999999999999,0.0145065502446308,0.00021044,0.0159373774505092,0.09,-0.07,0.16,9.911830950965628,0.0677436305480928,0.0045891994798365,9.912062449359366,10.122470054290108,9.720704706964408,0.4017653473256999,0.07344788434852,0.0171583298932744,0.0002944082847264,0.0754254598925323,0.1407124727947029,0.0316227766016837,0.1090896961930191
0.3838,0.0351505334241174,0.00123556,0.3854062791393,0.46,0.3,0.16,-0.2284999999999999,0.0345072456159572,0.00119075,0.2310908912094979,-0.15,-0.33,0.18,9.8733,0.0542965008080631,0.00294811,9.873449295965418,10.03,9.73,0.2999999999999989,-0.0532,0.0046647615158762,2.175999999999997e-05,0.0534041196912747,-0.05,-0.06,0.0099999999999999,0.032,0.004,1.600000000000001e-05,0.0322490309931942,0.04,0.03,0.01,-0.0098,0.0014,1.9600000000000007e-06,0.0098994949366116,-0.0,-0.01,0.01,9.883520875676352,0.054379224615336,0.0029571000697651,9.883670472046305,10.039392411894257,9.73950204065896,0.299890371235298,0.0630127544032302,0.004403723710474,1.93927825181909e-05,0.063166446789415,0.0728010988928051,0.058309518948453,0.0144915799443521
0.4755,4.727941491812267,22.35343075,4.751792398663898,15.43,-19.61,35.04,-0.2800999999999998,9.148865338936846,83.70173698999999,9.153152080021396,19.61,-19.61,39.22,6.934,4.572611945048475,20.90878,8.305969901221651,17.23,-19.61,36.84,0.4375,3.340374342794532,11.15810075,3.368902937159217,4.37,-4.37,8.74,-0.0245,0.7726841204528536,0.59704075,0.7730724416249748,2.94,-2.24,5.18,0.0647,2.289673974608612,5.242606909999999,2.290587915798038,4.37,-4.37,8.74,12.213486806707976,5.1166004360678965,26.17960002237019,13.24193565910966,29.260857813809903,1.6713467623446667,27.58951105146524,3.7116686851045695,1.848636408819784,3.417456572014107,4.146557729008485,6.843785502191021,0.4482186966202994,6.395566805570722
2.2338000000000005,6.080100620877914,36.96762356,6.477459841635454,19.61,-13.47,33.08,0.218,13.133208214294024,172.48115800000002,13.135017396257988,19.61,-19.61,39.22,6.0681,6.299556443909364,39.68441139,8.746785066525872,19.61,-19.61,39.22,0.4169,3.681878513748112,13.556229390000004,3.705406185561848,4.37,-4.37,8.74,0.0365,1.1884833822986338,1.4124927500000004,1.1890437334261512,4.17,-3.99,8.16,0.0205999999999999,2.942052963493349,8.65567564,2.942125082317202,4.37,-4.37,8.74,16.03149985696406,5.829530798971835,33.983429336161194,17.058499846117773,33.96551633642569,2.986419260586162,30.97909707583953,4.496224165201561,1.8931265822066752,3.5839282562575274,4.878520267458156,7.45538060731979,0.2805352027821107,7.174845404537679
-0.072,0.1476820909927808,0.02181,0.1642985088185526,0.3,-0.63,0.93,0.3594,0.0870955796811755,0.00758564,0.3698026500716294,0.61,-0.26,0.87,9.9014,0.0871208356250099,0.00759004,9.90178327373408,10.47,9.77,0.7000000000000011,-0.0577,0.0089280456988077,7.971000000000002e-05,0.05838664230798,-0.04,-0.08,0.04,0.0306,0.0196885753674561,0.00038764,0.0363868107973205,0.12,-0.01,0.13,-0.006,0.0050990195135927,2.6e-05,0.0078740078740118,-0.0,-0.02,0.02,9.90967201318574,0.0863747132166939,0.0074605910832661,9.910048435804942,10.475977281380484,9.779994887524223,0.6959823938562586,0.0684038406549821,0.0107663635294289,0.0001159145836478,0.0692459385090562,0.1268857754044952,0.0412310562561766,0.0856547191483185
0.5449,0.1050761152688849,0.0110409899999999,0.5549387353573365,1.13,0.19,0.94,-0.0796,0.0494352101239592,0.00244384,0.0937016542009798,0.11,-0.24,0.35,9.8753,0.0538043678524337,0.00289491,9.875446572180929,10.08,9.72,0.3599999999999994,-0.0547999999999999,0.0062417946137308,3.895999999999997e-05,0.0551543289325507,-0.04,-0.08,0.04,0.0317,0.0087241045385758,7.611e-05,0.0328785644455471,0.07,-0.01,0.08,-0.0097,0.0017058722109231,2.909999999999999e-06,0.0098488578017961,-0.0,-0.01,0.01,9.89130103980119,0.057842372253048,0.0033457400278601,9.89147016373198,10.145979499289362,9.727610189558378,0.4183693097309842,0.0647512335250311,0.0052228112149386,2.7277756986888503e-05,0.0649615270756468,0.0812403840463596,0.0519615242270663,0.0292788598192932
1.8127000000000004,3.124848749939748,9.76467971,3.612556020326882,12.41,-10.0,22.41,0.7752000000000001,8.539757195611594,72.92745296,8.574869561690136,19.61,-19.61,39.22,6.8253999999999975,4.036763163724125,16.29545684,7.929788269556761,16.16,-10.48,26.64,-0.0333999999999999,3.2827428227017723,10.77640044,3.2829127310971886,4.37,-4.37,8.74,-0.149,1.4080060369188765,1.982481,1.4158679316941958,2.9,-3.68,6.58,0.0008999999999999,2.318051809170796,5.373364189999998,2.31805198388647,4.37,-4.37,8.74,11.437582748589172,4.317660462469857,18.642191869175424,12.225403510723073,22.31493222037656,1.1806354221350466,21.134296798241515,3.744135989336198,2.033963788605259,4.1370086933574575,4.260934521909483,7.19278805471147,0.1536229149573721,7.039165139754098
0.2468999999999999,1.0472322521771376,1.09669539,1.075943771765049,2.33,-2.77,5.1,-0.0933,1.363346658044094,1.85871411,1.366535400200083,3.25,-4.45,7.7,9.8756,1.4850140201358368,2.20526664,9.986628159694344,14.67,4.84,9.83,-0.0413,0.1160142663640985,0.01345931,0.1231462545106427,0.33,-0.36,0.69,0.0287,0.0552205577661073,0.00304931,0.0622334315300064,0.19,-0.15,0.3399999999999999,-0.0082,0.0189936831604615,0.00036076,0.0206881608655772,0.04,-0.08,0.12,10.034784698206922,1.4355877056565474,2.060912060632229,10.136952993873455,15.143361581894556,5.588568689745165,9.55479289214939,0.1125761922473995,0.0824172369051313,0.0067926009390765,0.1395206077968412,0.3899999999999999,0.0141421356237309,0.375857864376269
-0.2057999999999999,1.898771803034793,3.605334360000001,1.909892143551567,4.42,-6.26,10.68,0.0926,2.961045295161828,8.767789239999999,2.9624928691897305,7.39,-15.07,22.46,9.7366,1.860591959565557,3.461802440000001,9.912778722437016,19.61,5.68,13.93,-0.0655999999999999,0.6663742492023532,0.4440546399999999,0.6695954002231497,1.75,-1.92,3.67,0.0289,0.3075382740408094,0.09457979,0.3088931854217571,1.07,-1.02,2.09,-0.0023999999999999,0.162265954531442,0.02633024,0.1622837022008063,0.4,-0.62,1.02,10.253629010746284,2.3559130098503616,5.55032610998219,10.520800064633868,25.51165615948913,5.720297195076494,19.79135896441264,0.6067659251530888,0.4493819222811664,0.2019441120731163,0.7550556270898191,2.283790708449441,0.058309518948453,2.225481189500988
0.5018,0.0348247038752664,0.00121276,0.5030069582023692,0.59,0.4,0.1899999999999999,-0.2871000000000001,0.0307991883009926,0.00094859,0.2887472943596182,-0.17,-0.38,0.21,9.8668,0.0515728610802232,0.00265976,9.866934782393162,10.01,9.72,0.2899999999999991,-0.0521,0.0040730823708832,1.6589999999999985e-05,0.0522589705218156,-0.05,-0.06,0.0099999999999999,0.0317999999999999,0.0038418745424597,1.4760000000000008e-05,0.0320312347560939,0.04,0.03,0.01,-0.0097,0.0017058722109231,2.91e-06,0.0098488578017961,-0.0,-0.01,0.01,9.883831587837632,0.0516347098663304,0.0026661432629801,9.88396646089008,10.027930992981553,9.73737130852059,0.2905596844609626,0.0619518104131455,0.0039966469113088,1.5973186533674545e-05,0.062080592780675,0.0728010988928051,0.058309518948453,0.0144915799443521
1.2443,5.204041747526627,27.082050509999995,5.350732005996937,19.61,-19.61,39.22,-1.0893000000000002,10.849444341071113,117.71044251,10.903990874904473,19.61,-19.61,39.22,6.164699999999999,5.641804756458699,31.82996091,8.356643285434648,19.61,-19.61,39.22,0.4590000000000001,3.519711777972736,12.388371,3.549514332975711,4.37,-4.37,8.74,0.0191999999999999,1.1164628789171631,1.24648936,1.11662795952815,4.37,-4.37,8.74,-0.0502999999999999,2.432517401787704,5.91714091,2.4330374020964003,4.37,-4.37,8.74,13.61215636796292,5.663041233659395,32.070036014126515,14.743162381253216,33.96551633642569,4.773698775582725,29.191817560842964,4.035886475948799,1.864725543680245,3.477201353253585,4.445849862512229,7.569062029075994,0.4976946855251721,7.071367343550822
0.8895000000000001,2.64189832317597,6.979626750000001,2.787622104948948,7.26,-5.28,12.54,-0.2986999999999999,9.967188134574366,99.34483931000004,9.971662900439425,18.83,-19.61,38.44,6.695499999999998,4.123504668361611,17.00329075,7.863396912276526,14.05,-6.77,20.82,0.3794,3.529053646517718,12.454219640000002,3.549389243236081,4.37,-4.37,8.74,-0.1739999999999999,1.5867904713603491,2.517904,1.596301976444307,2.82,-4.04,6.859999999999999,0.0758,2.6657798783845603,7.106382360000001,2.6668573265174875,4.37,-4.37,8.74,12.247321520388184,4.363602247711913,19.041024576236463,13.00145795670624,21.952498718824696,1.8420912029538603,20.11040751587084,4.2967063348954175,1.948534493323018,3.79678667166959,4.717888510764111,7.383454476056584,0.4183300132670378,6.9651244627895466
0.9566,5.043842229887846,25.44034444,5.133753792304419,19.61,-19.61,39.22,0.8538,10.557365559646025,111.45796756,10.591833741142278,19.61,-19.61,39.22,7.069399999999998,5.4152971885206815,29.32544364,8.905159178813145,19.61,-19.61,39.22,0.4435,3.467565248124396,12.02400875,3.495811922858552,4.37,-4.37,8.74,-0.0283,0.9887922481492256,0.97771011,0.989197149207376,4.37,-2.33,6.7,-0.0492,2.1807144150484263,4.75551536,2.1812693552149858,3.76,-4.37,8.129999999999999,13.58358367937553,5.773255963960263,33.33048442540274,14.75954707977179,33.96551633642569,5.06951674225463,28.89599959417105,3.880963915685032,1.701548437497651,2.8952670851506976,4.237587521220063,6.580379928241226,0.3327160951922825,6.247663833048943
1.8688,4.301859895440575,18.50599856,4.690246475399774,19.61,-6.48,26.09,-0.4977,10.099958203378865,102.00915571,10.112213457003367,19.61,-19.61,39.22,6.7911,5.306221423009032,28.15598579,8.61829594525507,19.61,-17.05,36.66,0.6747,3.27457095052161,10.722814910000002,3.3433568460456025,4.37,-4.37,8.74,-0.1785999999999999,0.8817664316586339,0.7775120400000002,0.8996721625125454,2.54,-3.15,5.69,0.192,2.452766193504795,6.016062,2.4602694974331576,4.37,-4.37,8.74,13.197216033373046,4.935968696059716,24.36378696848145,14.090077998364665,30.28150920941689,3.899448678980145,26.382060530436743,3.7919798080552223,1.9134419602646648,3.661260135301482,4.247395790363785,6.936591381939691,0.076157731058639,6.860433650881053
0.059,2.49855338145896,6.242768999999999,2.499249887466237,6.35,-6.37,12.72,0.7717,1.8116975768598909,3.2822481100000003,1.9692051696052395,5.62,-4.03,9.65,9.6798,2.629361131529863,6.91353996,10.030556714360374,16.31,1.11,15.2,-0.0517999999999999,0.2035945971778229,0.0414507599999999,0.2100809367838976,0.53,-0.54,1.07,0.003,0.1443502684445027,0.020837,0.1443814392503413,0.39,-0.43,0.8200000000000001,-0.0118,0.0565575812778446,0.00319876,0.0577754273026171,0.16,-0.16,0.32,10.212125415341502,2.5394057378324075,6.448581501336155,10.523121542584216,16.50399951526902,1.5806960492137634,14.923303466055255,0.2243706379195125,0.1340739230409515,0.017975816839591,0.2613771221817242,0.6682813778641449,0.0,0.6682813778641449
-0.6441,3.971816736708782,15.77532819,4.023703890695736,7.99,-13.23,21.22,2.6822000000000004,7.481821914480456,55.97765916,7.948072470731503,19.61,-13.33,32.94,6.5637,3.017355350302646,9.10443331,7.224028723641677,13.86,-8.84,22.7,0.3741,3.112808087563382,9.68957419,3.1352073296673697,4.37,-4.37,8.74,0.1614999999999999,1.639506861833765,2.68798275,1.6474419564889076,4.37,-4.37,8.74,0.166,2.331215562748328,5.434566,2.337118311083117,4.37,-4.37,8.74,11.02748990179531,3.153269171162295,9.943106465802543,11.46946554988505,20.182197600856057,3.770556988032405,16.411640612823653,3.764819954274816,1.957509313360776,3.831842711894176,4.243313799378972,6.697029192111978,0.033166247903554,6.663862944208423
0.2996999999999999,1.4220966598652849,2.02235891,1.453333753822569,2.91,-4.02,6.93,-0.8092000000000001,1.482801186943145,2.1986993599999995,1.6892317780577064,2.72,-4.79,7.51,10.0084,1.709224221686552,2.92144744,10.153300842583166,14.86,3.85,11.01,-0.0455999999999999,0.1604887535000505,0.0257566399999999,0.1668412419037931,0.46,-0.36,0.8200000000000001,0.0328,0.0845113010194494,0.00714216,0.090653185272223,0.23,-0.36,0.59,-0.0089,0.032799237796022,0.0010757899999999,0.0339852909359328,0.09,-0.13,0.22,10.255192285168366,1.6988914604009404,2.8862321942232403,10.394960365484806,15.11562436685961,4.294007452252499,10.82161691460711,0.1679893477209567,0.0948081170168857,0.0089885790522875,0.192896345221987,0.4920365840057017,0.01,0.4820365840057017
0.6154000000000001,3.826741543402167,14.64395084,3.875908667654593,13.68,-8.11,21.79,-0.2690999999999998,8.398309603128476,70.53160419,8.402619770047911,19.19,-19.61,38.8,7.808600000000001,3.147921860529578,9.90941204,8.419242602514789,15.62,-11.13,26.75,0.7067999999999999,2.9905500764909454,8.94338976,3.072939309521097,4.37,-4.37,8.74,0.0768,1.5879948866416416,2.52172776,1.5898509364088196,4.37,-4.27,8.64,0.2799,1.704838699114963,2.90647499,1.7276628722062646,4.37,-4.37,8.74,11.801904715963865,4.150346741575933,17.225378075309962,12.510408986120318,27.937376397936863,3.567043593790241,24.370332804146624,3.535011128082569,1.568150925240427,2.459097324332408,3.8672213538922233,7.511770763275461,0.469148164229596,7.042622599045865
0.3433,0.0351583560480293,0.00123611,0.3450956389176774,0.44,0.25,0.19,-0.2292,0.029654004788561,0.00087936,0.2311103632466531,-0.14,-0.29,0.1499999999999999,9.878900000000002,0.0530828597571759,0.00281779,9.87904261555744,9.98,9.71,0.2699999999999996,-0.0541999999999999,0.0049355850717012,2.4359999999999973e-05,0.0544242592967511,-0.05,-0.06,0.0099999999999999,0.0311,0.0031288975694324,9.790000000000005e-06,0.0312569992161755,0.04,0.03,0.01,-0.0098,0.0014,1.960000000000001e-06,0.0098994949366116,-0.0,-0.01,0.01,9.88762735431744,0.0530217139806153,0.0028113021534421,9.887769515922184,9.986811302913456,9.719022584601808,0.2677887183116496,0.0633897738984615,0.0043285754125264,1.873656510192837e-05,0.0635373905665002,0.0728010988928051,0.058309518948453,0.0144915799443521
0.3020999999999999,3.713075085424479,13.78692659,3.725344413607955,19.61,-5.68,25.29,0.5678,2.317089372467104,5.368903159999999,2.385644566988134,10.77,-4.47,15.239999999999998,9.7518,3.690153758314144,13.617234759999995,10.426640782150308,19.61,-11.98,31.59,-0.0509999999999999,0.9950030150708088,0.9900310000000002,0.996309188956922,2.72,-2.8,5.52,-0.0191,0.5336592452117737,0.28479219,0.5340009363287671,1.87,-1.31,3.18,0.0123,0.3398436552298718,0.11549371,0.3400661700316572,1.77,-0.8,2.5700000000000003,10.636611228306084,3.891892929908652,15.146830577872953,11.326267213870596,27.920191618253625,6.436800447427277,21.483391170826348,0.9865043747194054,0.6482616128226897,0.4202431186594749,1.1804380542832391,2.8839729541034185,0.0734846922834953,2.810488261819923
0.7684000000000001,5.44029074958315,29.59676344,5.494288124953041,18.74,-19.61,38.35,-1.7827000000000002,10.329442371686866,106.69737971,10.482146678996628,19.61,-19.61,39.22,6.799600000000002,4.915365687311576,24.16081984,8.390195468521577,19.61,-11.9,31.51,0.2048,3.229917794619547,10.432368959999998,3.236404177478456,4.37,-4.37,8.74,-0.0522,0.9425365563202308,0.8883751599999999,0.9439809320108112,2.79,-3.07,5.859999999999999,0.0139999999999999,2.67458146258438,7.153386,2.6746181035803973,4.37,-4.37,8.74,13.43517903375564,5.473019763433431,29.953945330932928,14.507169985906968,29.200065068420653,2.471011938457603,26.72905312996305,3.725634523610368,2.153750541841499,4.63864139648255,4.303370074720509,6.90063040598466,0.2519920633670831,6.648638342617577
0.0845,2.087697954685974,4.358482749999999,2.089407332235627,5.83,-5.69,11.52,0.7755000000000001,1.6909875073459295,2.85943875,1.860333034701045,5.36,-4.98,10.34,9.6161,2.4583412680097934,6.043441789999999,9.925362512271278,19.61,0.67,18.94,-0.079,0.1771073121020134,0.031367,0.1939278216244384,0.44,-0.57,1.01,0.0326,0.107866769674446,0.01163524,0.1126854027813718,0.3,-0.43,0.73,-0.009,0.0368103246386119,0.001355,0.0378945906429928,0.11,-0.16,0.27,10.07414768145087,2.202460327070175,4.85083149231806,10.312094016251017,20.034038534454307,2.963207721372229,17.07083081308208,0.1898614526900113,0.1252782055364722,0.0156946287824385,0.2274686791626486,0.6350590523722971,0.0141421356237309,0.6209169167485662
0.5383000000000001,0.1676010441494921,0.0280901099999999,0.5637880807537526,1.33,0.16,1.1700000000000002,-0.2716,0.2642980136134208,0.06985344,0.378972294501854,1.15,-0.94,2.09,9.8665,0.0787321408320643,0.00619875,9.866814126150349,10.07,9.6,0.4700000000000006,-0.0516999999999999,0.0203004926048606,0.0004121099999999,0.0555427763079952,0.0,-0.18,0.18,0.0397,0.0280519161555855,0.00078691,0.0486106984109465,0.19,-0.03,0.22,-0.009,0.0038729833462074,1.5e-05,0.0097979589711327,0.01,-0.01,0.02,9.889826553984491,0.0826361428384505,0.0068287321032168,9.890171788194582,10.104152611674072,9.6249779220526,0.4791746896214715,0.0694635959090082,0.0268106106493307,0.00071880884339,0.0744580418759451,0.1992485884517127,0.03,0.1692485884517127
1.2522999999999995,3.007173042909237,9.04308971,3.25750594780731,8.8,-6.39,15.19,1.9523,8.703421149754849,75.74953971000001,8.919698145116795,19.61,-11.59,31.2,6.622000000000001,3.7708020367025368,14.218948,7.620356422110452,13.3,-5.46,18.76,0.2689999999999999,3.3450161434588024,11.189133,3.355814953182014,4.37,-4.37,8.74,0.0696,1.815205729387168,3.2949718400000005,1.8165395674193283,4.37,-4.37,8.74,0.1196999999999999,2.341433516032432,5.482310909999999,2.3444912027985945,4.37,-4.37,8.74,11.554829872188186,3.837720498523512,14.728098624787556,12.175475021534067,22.29796627497674,2.156038033059714,20.141928241917025,3.9797140401733615,2.054221302208458,4.219825158447013,4.478610163878969,7.569062029075994,0.2004993765576342,7.368562652518359
1.5221,3.183714275810566,10.136036589999998,3.5288560469364567,11.54,-5.1,16.64,-0.8259000000000002,7.922392579896556,62.76430419,7.96532579371365,18.28,-19.61,37.89,6.853899999999999,3.5209893197793147,12.397365790000002,7.705407906139687,13.13,-6.57,19.700000000000003,0.0571,3.019786182828182,9.119108590000002,3.0203259757847336,4.37,-4.37,8.74,0.1474,1.82293753047108,3.32310124,1.8288870932892496,4.37,-4.37,8.74,0.0088999999999999,1.9676711590100613,3.87172979,1.96769128676223,4.37,-4.37,8.74,10.881385643091956,4.10706677402648,16.867997486312277,11.630672852419158,24.63595949014368,1.429755223805809,23.206204266337863,3.5948768263566984,1.848206320550709,3.415866603323592,4.042153633893694,7.112257025726784,0.3549647869859769,6.757292238740807
1.4412,3.7461725213876624,14.033808559999995,4.01383432642654,9.76,-8.67,18.43,0.8355999999999999,4.01718864879408,16.137804640000002,4.10317340603587,11.38,-8.66,20.04,8.570099999999998,2.586273958806375,6.688812989999999,8.951839308209236,14.71,1.8,12.91,-0.1989,1.988773438579669,3.955219790000001,1.9986948241289864,4.37,-4.37,8.74,-0.0147999999999999,2.726678008126372,7.43477296,2.726718173922637,4.37,-4.37,8.74,-0.0331,0.8477779131352738,0.71872739,0.8484238327628474,3.02,-2.93,5.95,10.328313814089428,2.531453882196846,6.408258757689486,10.63401734999525,16.65831023843655,4.690938072496801,11.967372165939748,3.1681256714336024,1.4534702370545425,2.112575730003388,3.4856270597985666,6.623798004166492,0.4562893818619933,6.167508622304498
2.6231,2.999899563318745,8.999397389999999,3.9849781680706857,14.68,-4.06,18.74,3.5112,9.551145091558393,91.22437256,10.176094437454871,19.61,-19.61,39.22,5.114000000000001,4.077397209004784,16.625168000000002,6.540501815610175,12.01,-6.99,19.0,0.3378000000000001,3.494830347813753,12.213839159999996,3.511117770739113,4.37,-4.37,8.74,0.0107999999999999,1.6384588368341757,2.6845473600000003,1.6384944308724396,4.37,-3.85,8.22,0.0295,1.59469205491217,2.54304275,1.5949648898956992,3.99,-4.37,8.36,11.83033342679614,4.717448887993366,22.254324010829848,12.73621266311143,23.085844147442387,1.510132444522665,21.575711702919723,3.841354733638056,1.6734750701329553,2.8005188103564995,4.1900507156835225,6.337049786769866,0.3469870314579494,5.990062755311916
0.5493,0.0328711119373835,0.0010805099999999,0.5502826546421393,0.64,0.47,0.17,-0.2942,0.0296708611267013,0.00088036,0.2956924077483222,-0.21,-0.36,0.15,9.8587,0.0422765892664014,0.00178731,9.85879064591596,9.96,9.77,0.1900000000000012,-0.052,0.0039999999999999,1.599999999999999e-05,0.0521536192416212,-0.05,-0.06,0.0099999999999999,0.0322,0.0041424630354415,1.7160000000000005e-05,0.0324653661614958,0.04,0.03,0.01,-0.0098999999999999,0.0009949874371066,9.899999999999994e-07,0.0099498743710662,-0.0,-0.01,0.01,9.87847200543838,0.0422946541568542,0.0017888377702479,9.878562547253525,9.976196670074224,9.790331965771127,0.1858647043030945,0.0621203513549848,0.0037499263370404,1.406194753322932e-05,0.0622334315300064,0.0728010988928051,0.058309518948453,0.0144915799443521
-0.1975999999999999,1.833505996717764,3.36174424,1.844123097843525,5.78,-6.39,12.17,0.0165,1.9549590149156584,3.821864750000001,1.9550286442914333,5.69,-10.28,15.97,9.6647,2.536174463636128,6.43218091,9.991927091407344,19.61,-5.31,24.92,-0.0453,0.3910919457109799,0.15295291,0.3937067436557316,1.25,-1.32,2.5700000000000003,0.0407999999999999,0.3302746735673203,0.1090813599999999,0.3327852160177793,0.72,-0.99,1.71,-0.0084999999999999,0.0849749963224476,0.0072207499999999,0.0853990632267122,0.22,-0.25,0.47,10.095746450401068,2.2665916282414544,5.137437609214247,10.347054363440831,22.206316668912024,6.239655439204957,15.966661229707068,0.4340338866514648,0.2909614841146907,0.0846585852382234,0.5225361231532227,1.4851599240485855,0.0223606797749978,1.4627992442735875
-1.9573,2.538578285182476,6.44437971,3.2055269457610245,5.82,-9.55,15.37,0.1509,8.135629305099883,66.18846419,8.137028634581545,19.61,-19.61,39.22,6.733199999999998,3.4924604163826967,12.19727976,7.585068358294472,14.71,-4.55,19.26,0.5202,3.110122177664408,9.67285996,3.153326497526065,4.37,-4.37,8.74,-0.0597,1.4030291907155743,1.96849091,1.4042987573874726,3.04,-3.95,6.99,0.1904,2.509900762978489,6.299601840000001,2.5171122342875374,4.37,-4.37,8.74,10.928087245058627,3.820577072169454,14.59680916438692,11.576696419963683,25.09956772536133,2.1899315057782056,22.909636219583124,3.761198798549026,2.0260208779263262,4.104760597793361,4.272163035278499,7.18257613951986,0.1496662954709576,7.032909844048902
0.3084,0.0321782535262559,0.0010354399999999,0.310074184671991,0.39,0.23,0.16,-0.2147,0.0291703616707095,0.00085091,0.2166725640223053,-0.15,-0.28,0.13,9.8822,0.0451570592488041,0.00203916,9.88230317284387,9.99,9.77,0.2200000000000006,-0.0542999999999999,0.0049507575177946,2.450999999999997e-05,0.0545252235208623,-0.05,-0.06,0.0099999999999999,0.0315,0.0035707142142714,1.2750000000000008e-05,0.0317017349682947,0.04,0.03,0.01,-0.0098,0.0014,1.960000000000001e-06,0.0098994949366116,-0.0,-0.01,0.01,9.889437422055485,0.0451273226396877,0.0020364752486264,9.88954038365788,9.995589027165932,9.776778610564932,0.2188104166010003,0.0636843993493671,0.0045052502161727,2.0297279510324417e-05,0.0638435587980494,0.0728010988928051,0.0591607978309961,0.013640301061809
0.8916999999999998,2.9951150411962475,8.97071411,3.125034879805344,11.75,-9.52,21.27,0.3925,9.756740887714503,95.19399275,9.764632558371051,19.61,-19.61,39.22,6.949700000000002,3.97474463456459,15.798594909999997,8.006055520666841,13.67,-8.9,22.57,0.4439999999999999,3.2730383438022845,10.71278,3.3030161973565924,4.37,-4.37,8.74,-0.0003999999999999,1.5748567680903556,2.48017384,1.5748568188886252,3.92,-4.11,8.030000000000001,0.3423,2.479639431449661,6.148611710000001,2.5031542101916133,4.37,-4.37,8.74,12.344069628293903,4.1030186462934894,16.83476201183206,13.008105819065282,23.5606578855515,2.5333969290263223,21.027260956525176,3.9287491613564898,2.0544588161218216,4.220801027140677,4.433494220138333,7.318483449458638,0.3128897569432403,7.005593692515397
0.0225,5.30724794502763,28.16688075,5.307295639023701,18.37,-19.61,37.98,-0.6716,3.38111216022184,11.43191944,3.4471678230106524,7.42,-14.69,22.11,8.957699999999999,4.029557756131559,16.23733571,9.822307519111789,19.61,-18.23,37.84,-0.0105999999999999,0.4795994578812615,0.23001564,0.4797165829945844,0.89,-3.3,4.19,0.0509,0.6638419917420108,0.4406861899999999,0.6657905075922906,2.99,-3.86,6.85,-0.0458999999999999,0.2102621934633043,0.04421019,0.215213847138143,0.83,-1.0,1.83,11.176138384642009,3.409106746250627,11.622008807331536,11.684523011231567,29.11668078610609,5.5692548873255925,23.547425898780503,0.4904650820814142,0.6922181760535269,0.4791660032588715,0.848364308537317,3.9549209853042577,0.0282842712474619,3.926636714056796
0.2250999999999999,0.9551183120430682,0.91225099,0.9812853815277184,2.89,-2.64,5.53,0.7309000000000002,2.632995288639917,6.93266419,2.7325590570013305,8.06,-6.63,14.69,9.4339,1.3664266500621245,1.86712179,9.532344465030624,12.99,2.29,10.7,-0.0331,1.4797923469189858,2.18978539,1.480162491079949,3.63,-4.05,7.68,0.0621,0.3681393621986109,0.13552659,0.3733403273154402,1.06,-1.01,2.0700000000000003,0.0052,0.3798591317844024,0.14429296,0.3798947222586805,0.89,-1.22,2.11,9.869042408489683,1.3774588703232384,1.897392939432172,9.964707271164569,13.195052102966477,3.039769728120865,10.155282374845612,1.2704256480789309,0.927686731986196,0.860602672703228,1.5730810532200814,4.193351881252037,0.0787400787401181,4.114611802511919
-0.0805999999999999,1.245017124380223,1.5500676399999995,1.2476233405960309,6.34,-4.47,10.81,0.1172999999999999,1.986458585020085,3.94601771,1.9899188425661989,4.66,-5.02,9.68,9.9553,1.7236603232655787,2.971004909999999,10.103415412621615,19.61,7.24,12.37,-0.0377,0.789530056425973,0.6233577100000001,0.7904296300114262,1.84,-2.27,4.11,0.0109,0.253499881656777,0.0642621899999999,0.2537341128031468,0.68,-1.18,1.86,0.0122,0.2905497547753224,0.08441916,0.2908057771090526,0.72,-1.04,1.76,10.205560594505348,1.8552296224132665,3.441876951879672,10.372817553586874,20.75689283105735,7.360251354403598,13.396641476653752,0.7045002265173821,0.526694817552781,0.2774074308369572,0.8796180989497657,2.310454500742224,0.05,2.2604545007422243
0.3754,2.878645313337508,8.28659884,2.9030198070285365,6.91,-6.29,13.2,0.8736,1.7542613944335663,3.0774330400000003,1.959747432706572,5.18,-3.05,8.23,9.8824,2.699311438126397,7.286282239999999,10.24441857793794,19.61,1.94,17.669999999999998,-0.0494,0.2004885034110435,0.04019564,0.2064848662735359,0.53,-0.52,1.05,0.0279,0.1227623313561615,0.01507059,0.1258928115501437,0.35,-0.25,0.6,-0.0105,0.0475683718451662,0.00226275,0.0487134478352744,0.11,-0.13,0.24,10.474478376291527,2.738895533714496,7.501548744601211,10.8266451867603,20.83229464077349,2.940697196244455,17.89159744452904,0.2166478821316146,0.1179902333580454,0.013921695167886,0.2466941426138853,0.5863446085707619,0.0374165738677394,0.5489280347030224
0.5602,0.0333760393096604,0.0011139599999999,0.5611933713079654,0.64,0.49,0.15,-0.0729,0.0294039113044506,0.00086459,0.0786066154976793,0.0,-0.14,0.14,9.8771,0.0447055924913202,0.0019985899999999,9.877201172396964,9.99,9.8,0.1899999999999995,-0.0574,0.0043863424398922,1.9239999999999985e-05,0.057567351858497,-0.05,-0.06,0.0099999999999999,0.0315,0.0035707142142714,1.2750000000000003e-05,0.0317017349682947,0.04,0.03,0.01,-0.0093999999999999,0.0023748684174075,5.640000000000002e-06,0.0096953597148326,-0.0,-0.01,0.01,9.893344147592844,0.0442896973395534,0.0019615772904292,9.893443283306372,10.007587121779157,9.816170332670476,0.1914167891086773,0.0663089714104837,0.0040150106455211,1.6120310483648474e-05,0.0664304147209694,0.0728010988928051,0.058309518948453,0.0144915799443521
-0.1337999999999999,2.1633186450451536,4.67994756,2.167452421623137,6.28,-7.57,13.85,-0.8619,1.438491359028618,2.06925739,1.6769403686476154,3.25,-6.0,9.25,9.6964,3.4143223397916014,11.657597039999995,10.279969357930986,19.61,-3.57,23.18,-0.0011,0.1930279513438403,0.0372597899999999,0.1930310855794993,0.76,-0.81,1.57,0.0019999999999999,0.1351665639128257,0.0182699999999999,0.1351813596617521,0.29,-0.63,0.92,-0.0061999999999999,0.0711305841393138,0.0050595599999999,0.0714002801114953,0.28,-0.39,0.67,10.199147928644004,3.027396658787337,9.165130529636734,10.638973117740264,20.5943535950998,2.313547060251856,18.28080653484794,0.1736677118381335,0.174563816024132,0.030472525864907,0.2462376900476448,1.0261091559868276,0.01,1.0161091559868276
-0.5535000000000001,2.8079538368712544,7.884604749999999,2.861986547837009,11.58,-19.61,31.19,0.3945999999999999,2.492312749235136,6.21162284,2.523357287424831,5.78,-6.16,11.94,9.3509,2.7421408041893107,7.519336189999999,9.744673775966026,19.61,-1.13,20.74,-0.0004999999999999,1.1091802152941603,1.23028075,1.109180327989998,3.22,-4.1,7.32,-0.0538999999999999,0.4555258390036728,0.20750379,0.458703608008483,0.95,-2.85,3.8,-0.0151,0.2074439442355452,0.04303299,0.207992788336519,0.54,-0.77,1.31,10.005408229407909,3.0673721917785794,9.408772162896527,10.46503540366682,25.41056079664516,3.918596687591108,21.49196410905405,0.9129708657497586,0.806495628191583,0.6504351982921363,1.218175274744977,4.101914187303288,0.0223606797749978,4.07955350752829
-0.3851,5.028199179626837,25.282786989999995,5.042924647464009,14.62,-19.61,34.23,-0.1105999999999998,8.146331299425526,66.36271364,8.147082054330863,19.61,-19.61,39.22,7.835199999999999,4.393152963419325,19.29979296,8.982769728764064,19.61,-19.61,39.22,0.2236,2.787115899994114,7.768015039999999,2.79607081455388,4.37,-4.37,8.74,-0.0603,0.5736086732259197,0.3290269099999999,0.5767694513408282,1.8,-2.19,3.99,1.6653345369377347e-17,1.8688178081343296,3.4924800000000005,1.8688178081343296,4.37,-4.37,8.74,12.275460378835737,4.670038488881432,21.80925948763397,13.133780377332338,31.207055292032923,4.309767975193096,26.897287316839822,2.7879427358622872,1.967366336387992,3.870530301552708,3.4122067639578937,6.436909196190358,0.0360555127546398,6.400853683435718
-0.3568,1.3223319401723606,1.7485617599999994,1.3696233058764735,3.14,-5.24,8.38,0.0139,3.3734960782547234,11.38047579,3.3735247145974787,5.6,-7.18,12.78,9.7033,0.8127472608382017,0.6605581099999999,9.737278315833434,12.28,7.14,5.14,-0.0640999999999999,1.2489412276004024,1.5598541900000005,1.250585063080477,2.0,-2.37,4.37,0.0149,0.1769491169799951,0.03131099,0.1775753361252626,0.91,-0.55,1.46,-0.0085999999999999,0.7939269739717879,0.63032004,0.7939735511967637,1.59,-1.43,3.02,10.361634323790922,0.8412253800485625,0.7076601400378485,10.395726333450684,13.291094763035886,8.416370951900824,4.874723811135063,1.3700554188597958,0.5906252189442215,0.3488381492529096,1.4919416878685308,2.5470374948162817,0.0734846922834953,2.473552802532786
0.4726999999999999,4.271940274629317,18.249473710000004,4.298013378294675,17.66,-6.2,23.86,0.4263999999999999,4.152109709533215,17.24001504,4.173946813269188,15.61,-19.61,35.22,8.9477,4.886691079861709,23.879749709999995,10.195150072460924,19.61,-19.61,39.22,-0.0735999999999999,0.2849193570117692,0.08117904,0.2942719830361022,1.12,-0.96,2.08,0.0625,0.5324384941004924,0.28349075,0.5360942081388308,1.09,-1.81,2.9000000000000004,-0.0040999999999999,0.1709274407460662,0.02921619,0.1709766065869831,0.67,-0.9,1.57,11.097174955476849,4.085161442040867,16.688544007537416,11.825220336213617,30.456728320684743,6.162637422402846,24.294090898281897,0.546930615368326,0.3226343161736278,0.1040929019728244,0.6350007874010867,2.21977476334875,0.0244948974278317,2.1952798659209183
0.4711,2.920920366939161,8.531775790000001,2.958667098542856,9.39,-8.11,17.5,2.4861,9.372317311636436,87.84033179,9.696443935794196,19.61,-15.79,35.4,6.458599999999999,3.322804243406463,11.04102804,7.263232200611516,12.47,-4.1,16.57,0.35,3.214094584793671,10.330404,3.233095111499196,4.37,-4.37,8.74,-0.1110999999999999,1.5281772770199142,2.33532579,1.5322104946775428,3.82,-4.28,8.1,0.2316,2.8053868610229142,7.870195439999999,2.814930549764949,4.37,-4.37,8.74,11.66019502489217,4.423700937165602,19.569129981479826,12.471137798933986,22.012809906960992,1.900894526269146,20.111915380691848,4.141086041486146,1.8909821249838936,3.575813397008602,4.552406726117516,7.094765676186917,0.4704253394535631,6.624340336733354
1.3169000000000002,2.8478141424608454,8.11004539,3.137558126951595,9.05,-9.06,18.11,0.9098000000000002,9.68727670503945,93.84332996,9.729905754939251,19.61,-18.78,38.39,6.848799999999999,3.889303351501397,15.12668056,7.876086718669367,14.74,-5.05,19.79,0.2496,3.5167476224489014,12.36751384,3.525594134326866,4.37,-4.37,8.74,0.0876,1.3936765191392153,1.94233424,1.3964268688334525,3.55,-3.5,7.05,0.0419,1.228433714125431,1.5090493900000002,1.2291480789555016,3.18,-4.32,7.5,12.164811320571236,4.308763689842119,18.565444534901875,12.90535078949813,24.61098535207398,3.957031715819321,20.653953636254656,3.638319750694896,1.6288819452935903,2.653256391703431,3.986304930634384,6.367746854264859,0.3695943722515266,5.9981524820133325
1.9987,5.774738202723999,33.347601309999995,6.110843067858967,19.61,-19.61,39.22,0.6524000000000001,12.779206948789897,163.30813024,12.795849170727202,19.61,-19.61,39.22,5.978899999999999,5.711576471518175,32.622105790000006,8.2685761168414,19.61,-14.75,34.36,0.3899,3.55819546821138,12.66075499,3.579493958648345,4.37,-4.37,8.74,-0.0844999999999999,1.4100718953301636,1.98830275,1.4126015007779087,3.35,-3.67,7.02,0.1634999999999999,2.783643790070849,7.748672750000001,2.7884413208816143,4.37,-4.37,8.74,15.307617169704516,5.926412623650805,35.122366585767615,16.41479546019383,33.96551633642569,4.249764699368661,29.715751637057025,4.31391287266153,1.9934344050119,3.9737807270851486,4.752223163951794,7.187676954343455,0.2903446228191595,6.897332331524295
0.1695,1.2454311502447657,1.5510987500000002,1.2569124870093382,3.88,-4.73,8.61,-0.0297,1.3655558977940083,1.86474291,1.3658788379647735,3.94,-3.62,7.56,9.8432,1.891684371135946,3.57846976,10.02332559582896,16.73,4.69,12.04,-0.0426,0.1039193918380972,0.01079924,0.1123120652467935,0.23,-0.3,0.53,0.0286,0.0610740534105932,0.00373004,0.0674388612003494,0.19,-0.21,0.4,-0.0092,0.0233529441398723,0.00054536,0.0250998007960222,0.05,-0.11,0.16,10.032392033614366,1.806549219886072,3.2636200838709755,10.193748574494077,17.539124835635327,5.999441640686239,11.539683194949088,0.1148135136941346,0.0678959282520444,0.0046098570732067,0.1333866560042645,0.3171750305430741,0.0141421356237309,0.3030328949193431
0.1066999999999999,2.044373769641941,4.1794641100000005,2.047156320362468,4.2,-5.03,9.23,-0.2215,1.4376086915430082,2.06671875,1.4545724457722962,2.97,-3.34,6.3100000000000005,9.9091,2.9331416927929,8.603320189999998,10.334098073852406,19.61,-2.05,21.66,-0.0418999999999999,0.1582257564368077,0.0250353899999999,0.1636795650043095,0.56,-0.42,0.98,0.0226999999999999,0.0946346131180341,0.0089557099999999,0.0973190628808148,0.22,-0.21,0.43,-0.011,0.0363730669589464,0.001323,0.038,0.14,-0.14,0.28,10.291632911532025,2.6800195921430925,7.182505014270829,10.634858391158764,20.007343651769467,2.550098037331114,17.457245614438353,0.1642132356711657,0.1036340350966136,0.0107400132304061,0.1941803285608508,0.5688585061331157,0.01,0.5588585061331157
1.3438,4.870556391214457,23.722319559999995,5.052535798982527,16.96,-19.61,36.57,-0.0685999999999998,12.357086146822802,152.69757804,12.357276560796072,19.61,-19.61,39.22,5.9435,6.006351367510895,36.07625675,8.449937810422039,19.61,-16.09,35.7,0.7437000000000001,3.672485984997084,13.487153310000004,3.747031224849881,4.37,-4.37,8.74,0.1565,1.4852907964435784,2.20608875,1.4935129728261485,3.9,-3.9,7.8,0.174,2.9107480138273734,8.472453999999999,2.915944100973132,4.37,-4.37,8.74,14.72934597097683,5.716486531714094,32.67821826726863,15.79974211814864,33.96551633642569,2.723343533232633,31.242172803193053,4.702934846026316,1.6297109664082867,2.655957834031432,4.977303888652973,7.307790363714602,0.4352011029397789,6.872589260774824
-0.2667,2.42607009585461,5.88581611,2.440685354567442,12.9,-5.43,18.33,0.0510999999999999,3.28284111555829,10.77704579,3.283238797285388,15.54,-13.96,29.5,10.1142,1.885223159204236,3.5540663600000006,10.288396765288557,19.61,6.2,13.41,-0.055,0.4384005018245303,0.192195,0.4418370740442681,1.15,-1.9,3.05,0.0189,0.3920915581850749,0.15373579,0.3925468124950195,1.35,-1.1,2.45,-0.0236,0.2243903741250948,0.05035104,0.2256280124452635,0.4,-1.59,1.99,10.788282973123437,2.490112546013734,6.200660491815001,11.071933435493548,20.79041606125284,7.72462944095055,13.065786620302289,0.5023887065554732,0.3844822330427228,0.1478265875255186,0.6326302237484391,1.9016834647227705,0.0591607978309961,1.842522666891774
0.0612999999999999,1.767524062071009,3.12414131,1.7685867239126274,5.26,-3.99,9.25,-0.1824,1.986319772846256,3.94546624,1.9946769161947004,4.63,-6.85,11.48,9.6123,2.6081264750774644,6.80232371,9.959851153506262,17.72,-1.12,18.84,-0.0754,0.1990196975176075,0.03960884,0.2128238708415951,0.51,-0.71,1.22,0.0365,0.0997634702684304,0.00995275,0.1062308806327049,0.39,-0.23,0.62,-0.0081999999999999,0.0488953985565104,0.00239076,0.0495782210249621,0.24,-0.18,0.42,10.050088357336806,2.302388761639352,5.300994009723191,10.31044470427925,18.29668002671523,3.3807395640599114,14.915940462655318,0.1968948037548007,0.1423707703651228,0.0202694362543585,0.2429753073873968,0.8448668534153769,0.0141421356237309,0.830724717791646
0.2375999999999999,1.397492840768782,1.95298624,1.4175471773454316,6.34,-3.81,10.15,-0.7051000000000001,1.68362851900293,2.83460499,1.825313945599496,4.84,-5.81,10.65,10.172300000000002,3.0549339943769653,9.33262171,10.621125599483324,19.61,-0.88,20.49,-0.0825999999999999,0.168318864064608,0.0283312399999999,0.1874939999039969,0.43,-0.73,1.16,0.0427,0.0933151113164422,0.0087077099999999,0.1026206606877971,0.52,-0.25,0.77,-0.011,0.03609709129556,0.001303,0.0377359245282264,0.16,-0.12,0.28,10.47548474859882,2.9006446321246573,8.413739281873589,10.86966052827778,20.656904414747142,2.998699718211212,17.658204696535932,0.1666167835874818,0.1390965399532361,0.0193478474269622,0.217046078057172,0.8998333178983761,0.0141421356237309,0.8856911822746452
0.8924999999999998,6.071025016420209,36.85734475,6.136277454613668,19.61,-19.61,39.22,-0.1185000000000002,11.81259703663847,139.53744874999998,11.813191397755308,19.61,-19.61,39.22,6.242700000000001,6.015717888165967,36.18886171,8.669496236806381,19.61,-18.0,37.61,0.7936,3.521303599521064,12.39957904,3.609623249038603,4.37,-4.37,8.74,-0.1863,1.1876217032371883,1.41044531,1.2021451659429487,4.37,-3.34,7.71,0.1438999999999999,2.6616419349717195,7.084337789999999,2.665529028166829,4.37,-4.37,8.74,14.549476538646251,6.377953390499357,40.67828945138225,15.886017657046716,33.96551633642569,4.07898271631543,29.886533620110256,4.305655316963791,1.7438206018686195,3.0409102915014343,4.645382438508158,7.563292933636776,0.8315046602394963,6.73178827339728
-0.0412999999999999,1.6392935399128492,2.68728331,1.639813708931597,5.19,-5.08,10.27,0.6479,1.889124821180432,3.56879259,1.997139704677667,5.15,-5.08,10.23,9.2568,2.713974900399781,7.36565976,9.64645043526374,14.69,-2.64,17.33,-0.045,0.1893224762145266,0.035843,0.1945970195044107,0.4,-0.61,1.01,0.0246,0.1002837972954754,0.01005684,0.1032569610244268,0.25,-0.33,0.5800000000000001,-0.0043,0.031376902332767,0.00098451,0.0316701752442262,0.09,-0.09,0.18,9.743496219027293,2.189941421545531,4.795843429800861,9.986569080520097,14.992254666993889,1.7513994404475524,13.240855226546334,0.1854581292782119,0.1230377270784291,0.015138282284626,0.2225601042415284,0.6599242380758567,0.02,0.6399242380758566
1.9526,5.177067436300208,26.80202724,5.533052864377857,19.61,-10.83,30.44,-0.4091999999999999,11.65148906191822,135.75719735999996,11.658672394402371,19.61,-19.61,39.22,7.016800000000001,5.077569867564601,25.78171576,8.66124690792267,19.61,-16.58,36.19,0.1030999999999999,3.538390508409156,12.52020739,3.53989222999797,4.37,-4.37,8.74,0.0455,1.1209579608531268,1.25654675,1.121881009733207,4.37,-2.19,6.5600000000000005,-0.185,2.7250528435243235,7.425913000000001,2.731325319327597,4.37,-4.37,8.74,14.681742990672385,5.099307478064276,26.00293675584224,15.54208846970059,33.96551633642569,2.927609946697135,31.03790638972855,4.159836610463206,1.986290858421793,3.945351374249984,4.609727974620628,7.569062029075994,0.1360147050873544,7.43304732398864
0.2807,1.5055452533882865,2.26666651,1.5314891445909764,3.34,-3.82,7.16,0.0409999999999999,1.4506271057718452,2.104319,1.451206394693739,3.82,-4.81,8.629999999999999,9.949199999999998,2.4870965723107736,6.18564936,10.255351286035989,19.49,1.8,17.689999999999998,-0.0447999999999999,0.1678897257130405,0.0281869599999999,0.1737642080521763,0.85,-0.5,1.35,0.0249,0.0865273945060175,0.00748699,0.0900388804905969,0.25,-0.27,0.52,-0.0076,0.0538353044014798,0.00289824,0.0543691088762727,0.18,-0.29,0.47,10.184091848628764,2.4306300044830293,5.907962218693171,10.470133189219704,20.43498470760377,2.8955483073159045,17.539436400287865,0.1559978034174452,0.1300833783729962,0.0169216853289321,0.2031181921936093,0.8573214099741122,0.0141421356237309,0.8431792743503813
0.6223,2.9315302676247432,8.59386971,2.996852849240349,11.79,-9.21,21.0,1.2969000000000002,7.672925086953476,58.87377939,7.781756164260096,16.05,-12.55,28.6,6.938899999999999,2.714779878737869,7.37002979,7.451064554813628,15.4,-2.4,17.8,0.0807,3.272467648426795,10.709044509999998,3.2734625398803634,4.37,-4.37,8.74,0.1517999999999999,1.6732694821815164,2.7998307600000003,1.6801410655061078,4.37,-3.5,7.87,-0.3387,2.082294241936043,4.33594931,2.1096603992112097,3.58,-4.37,7.95,10.75722667604667,3.055698486459346,9.337293240149938,11.182809083588973,20.00435202649664,3.372402704304455,16.631949322192177,3.8679557991805016,1.7401195176153634,3.028015935585925,4.241355679496828,6.74817753174885,0.3280243893371345,6.420153142411716
0.0575,1.9711343815174045,3.88537075,1.9719728699959336,5.12,-4.16,9.28,2.0954,7.879621110180361,62.08842883999999,8.153473492935388,19.61,-13.15,32.76,7.040900000000001,2.702382687555558,7.302872189999999,7.541693775273563,14.93,-1.06,15.99,0.2381,3.507375285024402,12.301681390000004,3.5154477666436748,4.37,-4.37,8.74,-0.0066,1.0841035190423467,1.17528044,1.0841236091885464,2.67,-3.02,5.69,0.0937999999999999,2.213248643962084,4.89846956,2.2152354276690325,4.37,-4.37,8.74,10.7757682945586,3.335831180078755,11.12776966198562,11.280290421793229,21.078069171534665,3.242992445257929,17.835076726276736,3.962453684951969,1.655272121015324,2.7399257946105693,4.294294470573717,6.698037025875566,0.3220248437620924,6.376012182113474
0.3343,0.0344457544553751,0.0011865099999999,0.3360699331984342,0.41,0.23,0.1799999999999999,-0.2239,0.0326157937202208,0.00106379,0.2262631211664861,-0.15,-0.31,0.16,9.8784,0.0504523537607513,0.00254544,9.878528837838152,10.05,9.73,0.3200000000000003,-0.0531,0.0046249324319388,2.1389999999999987e-05,0.0533010318849457,-0.05,-0.06,0.0099999999999999,0.0315,0.0038405728739343,1.4750000000000004e-05,0.0317332633052448,0.04,0.02,0.02,-0.0097,0.0017058722109231,2.91e-06,0.0098488578017961,-0.0,-0.01,0.01,9.886703974962792,0.050542175012051,0.0025545114549487,9.886833163354178,10.056530216729824,9.738470105719893,0.318060111009931,0.0626416905777861,0.004584604841957,2.101860155689617e-05,0.0628092349897688,0.0728010988928051,0.0547722557505166,0.0180288431422885
0.2628,6.058480845888679,36.70519016,6.064177932745707,17.86,-19.61,37.47,0.0336999999999999,10.517669480925896,110.62137131,10.517723470409363,19.61,-19.61,39.22,7.873099999999999,4.49874397915685,20.23869739000001,9.06776714522379,19.61,-19.61,39.22,0.1956,3.291012099643512,10.830760639999996,3.296819679630659,4.37,-4.37,8.74,-0.1537,0.7032249355647168,0.49452531,0.7198256733404276,2.06,-1.98,4.04,0.1059,2.4562215270614334,6.033024189999999,2.4585034065463485,4.37,-4.37,8.74,14.03294855523644,5.718174258107874,32.69751684608753,15.153255821769788,32.62294591234826,4.18055020302352,28.44239570932473,3.6962475114928464,1.941433061885716,3.769162333782944,4.175093771402027,6.434119986447254,0.1994993734326,6.234620613014654
0.8744999999999998,5.130937999040721,26.32652475,5.204927953391863,19.61,-19.61,39.22,1.9267,10.531703096365751,110.91677011,10.70649069490092,19.61,-19.61,39.22,7.385200000000001,4.617171749025587,21.31827496,8.709733290979695,19.61,-13.46,33.07,0.5792,3.2044911234078963,10.26876336,3.25641459276917,4.37,-4.37,8.74,-0.0588999999999999,1.193727686702457,1.42498579,1.195179902776147,4.37,-4.37,8.74,0.2054,2.429001202140501,5.900046840000001,2.4376701991861,4.37,-4.37,8.74,13.70178921130487,5.462659096902305,29.84064440896952,14.750582090209186,33.96551633642569,5.341207728594723,28.62430860783096,3.85875329139232,1.756402583740112,3.0849500361689413,4.239684776018142,7.569062029075994,0.4109744517606903,7.158087577315303
0.2443000000000001,4.712297158499239,22.20574451,4.718625541405039,19.61,-19.61,39.22,-0.4062,10.598660649346218,112.33160756,10.606441721897124,19.61,-19.61,39.22,6.926400000000001,6.0891952703128185,37.07829904,9.2224354700914,19.61,-19.61,39.22,0.3363999999999999,3.413626376743653,11.65284504,3.430161803763782,4.37,-4.37,8.74,0.0525999999999999,1.6255765869376932,2.64249924,1.6264273731095402,4.37,-4.3,8.67,0.1299999999999999,2.172980441697532,4.721844000000001,2.1768656366436585,4.34,-4.37,8.71,13.792130252915156,5.43989816877325,29.59249208662256,14.826171083594035,33.96551633642569,5.579292069788066,28.38622426663762,3.8822031187254673,2.019534338643008,4.078518944958251,4.3760735825623405,7.218240782905486,0.1811077027627483,7.037133080142738
-0.0784,2.435617260572769,5.932231439999999,2.4368787413410624,4.96,-7.92,12.88,-0.0552999999999999,1.604318830532136,2.57383891,1.6052716281053496,3.53,-4.56,8.09,9.8712,2.498988307295574,6.244942559999998,10.182609292317958,19.61,-1.86,21.47,-0.0351999999999999,0.1730865679363941,0.02995896,0.176629555850656,0.56,-0.39,0.95,-0.0014999999999999,0.1428241926285599,0.02039875,0.1428320692281673,0.31,-0.73,1.04,-0.0111,0.0523811989171687,0.0027437899999999,0.0535443741209102,0.14,-0.35,0.49,10.370340473509048,2.1579725353905976,4.656845463500125,10.592488234593418,19.91173021110923,2.550098037331114,17.361632173778116,0.1933432448343803,0.1307072671159214,0.0170843896769128,0.2333795192385141,0.8339064695755753,0.0244948974278317,0.8094115721477436
0.5523,0.0318702055217722,0.0010157099999999,0.5532187632392813,0.65,0.49,0.16,-0.0856,0.0323208910768252,0.0010446399999999,0.0914986338695829,-0.02,-0.18,0.16,9.8711,0.0441111097117268,0.00194579,9.871198559445554,9.98,9.72,0.2599999999999998,-0.0535,0.0047696960070847,2.2749999999999984e-05,0.0537121960079831,-0.05,-0.06,0.0099999999999999,0.0321,0.0040730823708832,1.659000000000001e-05,0.0323573793747268,0.04,0.03,0.01,-0.0096,0.0019595917942265,3.8400000000000005e-06,0.0097979589711327,-0.0,-0.01,0.01,9.887013637140411,0.0441059973189547,0.0019453389994996,9.887112015143757,9.994668578797398,9.73862926699646,0.2560393118009383,0.0632860687161846,0.0047826254766979,2.287350645036004e-05,0.0634665266104897,0.0728010988928051,0.058309518948453,0.0144915799443521
