Ax_Mean,Ax_Std,Ax_Variance,Ax_RMS,Ax_Maximum,Ax_Minimum,Ax_Peak_to_Peak,Ay_Mean,Ay_Std,Ay_Variance,Ay_RMS,Ay_Maximum,Ay_Minimum,Ay_Peak_to_Peak,Az_Mean,Az_Std,Az_Variance,Az_RMS,Az_Maximum,Az_Minimum,Az_Peak_to_Peak,Gx_Mean,Gx_Std,Gx_Variance,Gx_RMS,Gx_Maximum,Gx_Minimum,Gx_Peak_to_Peak,Gy_Mean,Gy_Std,Gy_Variance,Gy_RMS,Gy_Maximum,Gy_Minimum,Gy_Peak_to_Peak,Gz_Mean,Gz_Std,Gz_Variance,Gz_RMS,Gz_Maximum,Gz_Minimum,Gz_Peak_to_Peak,AccelMag_Mean,AccelMag_Std,AccelMag_Variance,AccelMag_RMS,AccelMag_Maximum,AccelMag_Minimum,AccelMag_Peak_to_Peak,GyroMag_Mean,GyroMag_Std,GyroMag_Variance,GyroMag_RMS,GyroMag_Maximum,GyroMag_Minimum,GyroMag_Peak_to_Peak,Label,File
0.29929999999999995,1.023082846107782,1.04669851,1.065963883065463,2.91,-2.63,5.54,-0.7071000000000001,1.2141015567076752,1.47404259,1.4050028469722045,2.9,-4.31,7.209999999999999,10.0276,1.1705803005347388,1.3702582399999996,10.095693141136966,13.58,5.65,7.93,-0.049800000000000004,0.12880978223721987,0.01659196,0.13810141201305653,0.46,-0.34,0.8,0.030300000000000004,0.06869432290953889,0.00471891,0.07507995737878385,0.17,-0.36,0.53,-0.0104,0.024694938752708014,0.0006098400000000001,0.02679552201394853,0.09,-0.13,0.22,10.174902215193812,1.2266608786637048,1.504696911244012,10.248577071964672,13.98919940525547,5.67261844301201,8.31658096224346,0.1281051078591742,0.09495304808372056,0.009016081340389347,0.15945845854014767,0.49203658400570177,0.024494897427831782,0.46754168657787,Minor_Fault,Minor_fault_001_window_001.csv
0.29969999999999997,1.4220966598652849,2.02235891,1.453333753822569,2.91,-4.02,6.93,-0.8092000000000001,1.482801186943145,2.1986993599999995,1.6892317780577064,2.72,-4.79,7.51,10.0084,1.709224221686552,2.9214474399999997,10.153300842583166,14.86,3.85,11.01,-0.045599999999999995,0.16048875350005057,0.025756639999999997,0.1668412419037931,0.46,-0.36,0.8200000000000001,0.03280000000000001,0.08451130101944947,0.007142160000000001,0.09065318527222306,0.23,-0.36,0.59,-0.008900000000000002,0.03279923779602203,0.0010757899999999999,0.03398529093593285,0.09,-0.13,0.22,10.255192285168366,1.6988914604009404,2.8862321942232403,10.394960365484806,15.11562436685961,4.294007452252499,10.82161691460711,0.1679893477209567,0.09480811701688577,0.008988579052287504,0.19289634522198704,0.49203658400570177,0.01,0.48203658400570176,Minor_Fault,Minor_fault_001_window_002.csv
0.21909999999999993,1.303465454087679,1.6990221899999995,1.3217514895017142,2.63,-4.02,6.6499999999999995,-0.4757999999999999,1.5093026071666342,2.2779943599999997,1.5825233015662044,3.36,-4.79,8.15,9.8885,1.5844054878723437,2.5103407499999997,10.014627951152255,14.86,3.85,11.01,-0.044199999999999996,0.15550035369734694,0.024180359999999998,0.16166013732519222,0.43,-0.36,0.79,0.03640000000000001,0.07547873872820081,0.005697040000000001,0.0837973746605465,0.23,-0.15,0.38,-0.0039000000000000003,0.029795805073869037,0.00088779,0.030049958402633442,0.09,-0.12,0.21,10.106396257342718,1.5507851848560752,2.4049346895690915,10.22468483621867,15.11562436685961,4.294007452252499,10.82161691460711,0.15870345808099445,0.0941924221640681,0.008872212393134028,0.18455080601287008,0.4414748010928823,0.01,0.4314748010928823,Minor_Fault,Minor_fault_001_window_003.csv
0.23759999999999998,1.3974928407687819,1.95298624,1.4175471773454316,6.34,-3.81,10.15,-0.7051000000000001,1.68362851900293,2.83460499,1.8253139455994958,4.84,-5.81,10.649999999999999,10.172300000000002,3.0549339943769653,9.33262171,10.621125599483324,19.61,-0.88,20.49,-0.08259999999999999,0.16831886406460803,0.028331239999999997,0.18749399990399693,0.43,-0.73,1.16,0.0427,0.0933151113164422,0.008707709999999999,0.10262066068779717,0.52,-0.25,0.77,-0.011,0.036097091295560095,0.0013030000000000003,0.03773592452822642,0.16,-0.12,0.28,10.47548474859882,2.9006446321246573,8.413739281873589,10.86966052827778,20.656904414747142,2.9986997182112116,17.658204696535932,0.16661678358748183,0.13909653995323618,0.019347847426962227,0.21704607805717202,0.8998333178983761,0.01414213562373095,0.8856911822746452,Minor_Fault,Minor_fault_002_window_001.csv
0.19329999999999997,1.6782896382925085,2.8166561099999994,1.689384799268657,6.34,-5.57,11.91,-0.8764,1.7933597073649223,3.21613904,1.9960500995716515,4.84,-6.0,10.84,9.655,3.1835597999723513,10.135052999999997,10.166320770072131,19.61,-3.57,23.18,-0.04800000000000001,0.2026376075658218,0.041062,0.20824504796032964,0.74,-0.81,1.55,0.0243,0.11442250652734363,0.013092509999999996,0.11697435616407556,0.29,-0.6,0.8899999999999999,-0.009300000000000001,0.05827958476173282,0.00339651,0.059016946718718,0.18,-0.39,0.5700000000000001,10.111084901574038,2.821041848885183,7.958277113161533,10.49725273583522,20.656904414747142,2.7193565415369862,17.937547873210157,0.1865322953597538,0.16042974408700392,0.02573770278782157,0.2460325181759517,0.9209777413162601,0.02,0.9009777413162601,Minor_Fault,Minor_fault_002_window_002.csv
-0.13379999999999995,2.1633186450451536,4.67994756,2.167452421623137,6.28,-7.57,13.850000000000001,-0.8619,1.438491359028618,2.06925739,1.6769403686476154,3.25,-6.0,9.25,9.6964,3.4143223397916014,11.657597039999995,10.279969357930986,19.61,-3.57,23.18,-0.001100000000000001,0.19302795134384035,0.037259789999999994,0.19303108557949936,0.76,-0.81,1.57,0.0019999999999999996,0.13516656391282572,0.018269999999999998,0.13518135966175218,0.29,-0.63,0.9199999999999999,-0.006199999999999999,0.0711305841393138,0.005059559999999999,0.07140028011149537,0.28,-0.39,0.67,10.199147928644003,3.0273966587873375,9.165130529636734,10.638973117740264,20.594353595099797,2.3135470602518553,18.28080653484794,0.17366771183813356,0.174563816024132,0.030472525864907004,0.2462376900476448,1.0261091559868276,0.01,1.0161091559868276,Minor_Fault,Minor_fault_002_window_003.csv
0.19939999999999997,1.3321147247891225,1.77452964,1.3469558270411097,7.08,-2.38,9.46,-0.5903999999999998,1.945838595567474,3.7862878399999995,2.033435516558123,5.29,-7.67,12.96,9.7485,2.938083856869984,8.63233675,10.181629977562531,19.61,-0.39,20.0,-0.0408,0.15425096434058364,0.023793360000000003,0.15955563293096237,0.48,-0.48,0.96,0.0331,0.10844072113371434,0.011759389999999998,0.11337989239719713,0.46,-0.54,1.0,-0.0119,0.02955317241854079,0.0008733900000000001,0.031859064644147984,0.07,-0.1,0.17,10.106728608582664,2.732906114826622,7.46877583245674,10.469705774280383,20.959508582025485,2.6775735284021613,18.281935053623325,0.1522856657741208,0.12703179129545786,0.016137075999732766,0.19831288409984865,0.7258787777583803,0.024494897427831782,0.7013838803305485,Minor_Fault,Minor_fault_003_window_001.csv
0.2643,1.3657988541509325,1.86540651,1.3911365856737432,7.08,-2.54,9.620000000000001,-0.376,1.7402850341251574,3.0285920000000006,1.7804403949585057,5.29,-4.24,9.530000000000001,9.9636,2.601349080765594,6.767017040000001,10.297589135326772,19.61,2.63,16.98,-0.026600000000000002,0.17035386699455932,0.029020440000000005,0.17241809649801842,0.6,-0.48,1.08,0.029000000000000005,0.09324698386543127,0.008695,0.09765244492586964,0.46,-0.45,0.91,-0.0116,0.029923903488682756,0.00089544,0.03209361307176243,0.07,-0.11,0.18,10.224634939788245,2.5695157808547173,6.602411348061429,10.54255998322988,20.959508582025485,2.6775735284021613,18.281935053623325,0.14692328862612108,0.13677553604093648,0.01870754725928551,0.20073365437813365,0.7580237463298891,0.01,0.7480237463298891,Minor_Fault,Minor_fault_003_window_002.csv
0.055099999999999996,1.1677212809570614,1.3635729900000002,1.1690205301875582,4.26,-4.05,8.309999999999999,-0.4492000000000001,1.7510714891174488,3.0662513599999994,1.8077698968618765,4.17,-8.29,12.459999999999999,9.8795,2.9973636332617373,8.984188750000001,10.324180790745578,19.61,-2.56,22.169999999999998,-0.04569999999999999,0.16722592502360392,0.027964509999999998,0.17335801106380982,0.6,-0.5,1.1,0.0298,0.08280072463451031,0.006855960000000002,0.08800000000000001,0.22,-0.45,0.67,-0.005600000000000001,0.02826021939051429,0.0007986399999999999,0.028809720581775864,0.07,-0.11,0.18,10.249685002936175,2.483406398595539,6.167307340585263,10.54624814803824,20.242907399877122,4.191718024867607,16.051189375009514,0.1500110183354999,0.12697911000611997,0.016123694377946318,0.19653752822298343,0.7580237463298891,0.01,0.7480237463298891,Minor_Fault,Minor_fault_003_window_003.csv
0.08149999999999999,1.4386079208735087,2.0695927499999995,1.4409146400810842,3.05,-4.63,7.68,0.0071000000000000126,1.9224600359955468,3.6958525899999994,1.922473146756542,7.35,-9.58,16.93,9.3243,2.5715926018714548,6.613088509999999,9.67241743309293,19.18,-0.8,19.98,-0.042300000000000004,0.16247987567695885,0.02639971,0.16789580101956095,0.49,-0.61,1.1,0.014700000000000005,0.12561413137063837,0.015778909999999997,0.1264713406270369,0.35,-0.69,1.04,-0.0017000000000000008,0.04015108964897466,0.0016121100000000001,0.04018706259482024,0.2,-0.11,0.31,9.72476616350284,2.1809906155667536,4.7567200651902475,9.966333177252304,19.335131238240923,1.5314698821720263,17.803661356068897,0.16055135357287373,0.14150004546260075,0.020022262865918083,0.21400700923100627,0.7387827826905551,0.01414213562373095,0.7246406470668242,Minor_Fault,Minor_fault_004_window_001.csv
-0.2793,1.9032026980855192,3.62218051,1.923587533750414,3.75,-5.29,9.04,-0.2426,2.00974755628661,4.03908524,2.0243369284780632,7.35,-9.58,16.93,9.033299999999999,3.14452796298586,9.88805611,9.56496549915367,19.18,-2.65,21.83,-0.0802,0.19100251307247243,0.03648196,0.20715694533372517,0.47,-0.59,1.06,0.0209,0.14487301335997677,0.020988190000000004,0.1463728116830445,0.35,-0.69,1.04,-0.00030000000000000035,0.0576793723960308,0.0033269099999999998,0.057680152565678953,0.2,-0.29,0.49,9.623393979589629,2.583985741755952,6.676982313598057,9.96427087146872,19.335131238240923,1.5314698821720263,17.803661356068897,0.213284503307679,0.14891514580054194,0.02217572064879666,0.26012689211229195,0.7387827826905551,0.022360679774997897,0.7164221029155572,Minor_Fault,Minor_fault_004_window_002.csv
-0.14410000000000006,1.7023590073777033,2.8980261899999995,1.708446955571053,3.75,-5.29,9.04,0.02160000000000003,1.3304350566637968,1.77005744,1.3306103862513625,4.24,-3.47,7.710000000000001,9.382200000000001,2.651722677807768,7.03163316,9.749733842521035,17.69,-2.65,20.34,-0.0729,0.16461041886830857,0.027096589999999997,0.1800305529625458,0.31,-0.59,0.8999999999999999,0.0297,0.10285382831961096,0.010578910000000004,0.10705606008068859,0.34,-0.33,0.67,-0.004900000000000001,0.04946705974686589,0.0024469899999999996,0.049709154086546276,0.11,-0.29,0.39999999999999997,9.722633317540692,2.2840810783874637,5.217026372647639,9.987323214956048,17.734319834715965,2.1226634212705506,15.611656413445415,0.1717371674777285,0.12980502804871089,0.01684934530672662,0.2152742436985902,0.599749947894954,0.022360679774997897,0.5773892681199561,Minor_Fault,Minor_fault_004_window_003.csv
0.11080000000000004,1.5526021254655038,2.41057336,1.556550673765554,4.21,-3.43,7.640000000000001,0.162,1.5462832858179645,2.3909920000000007,1.5547462815520736,4.24,-9.17,13.41,9.2856,2.7630571184830766,7.634484640000002,9.687974607728904,17.69,-9.0,26.69,-0.0171,0.14762990889382818,0.021794590000000006,0.14861695730972294,0.79,-0.27,1.06,0.0167,0.07746037696784078,0.006000109999999999,0.07924014134263013,0.26,-0.33,0.5900000000000001,-0.009900000000000003,0.028652923062054244,0.00082099,0.03031501278244824,0.1,-0.08,0.18,9.730334939645624,2.0043752049732557,4.017519962311581,9.934633259461568,17.734319834715965,2.4229527440707543,15.311367090645211,0.12960773572970707,0.11174450697469834,0.012486834839018407,0.17112860660918153,0.8125269226308751,0.024494897427831782,0.7880320252030434,Minor_Fault,Minor_fault_004_window_004.csv
0.3419,1.959875860864662,3.84111339,1.9894745537452847,8.39,-4.02,12.41,0.4529000000000001,2.1173900420092657,4.48334059,2.165284969697984,4.94,-7.2,12.14,9.9695,2.1175336479026727,4.483948750000001,10.191902619236508,19.61,1.17,18.439999999999998,-0.03919999999999999,0.20993656184666834,0.044073360000000006,0.21356497840235883,0.64,-0.39,1.03,0.0245,0.10087987906416222,0.010176749999999997,0.10381233067415449,0.27,-0.22,0.49,-0.0115,0.04341370751271999,0.0018847500000000001,0.044911023145771244,0.14,-0.11,0.25,10.397356960873424,2.1015030878342693,4.416315228176969,10.607607977296293,20.476862552647074,4.8396900727215995,15.637172479925475,0.20344274601163687,0.13044174598357924,0.01701504909524461,0.24166919538906897,0.6688049042882386,0.0282842712474619,0.6405206330407767,Minor_Fault,Minor_fault_005_window_001.csv
0.17839999999999998,1.665418097655961,2.7736174399999998,1.6749459692778152,4.02,-3.83,7.85,0.11330000000000001,2.2254698627480893,4.95271611,2.2283520816962477,5.53,-4.21,9.74,9.925799999999999,1.4405999999999999,2.0753283599999994,10.029797306027675,19.33,6.51,12.819999999999999,0.012100000000000007,0.22883747507783772,0.052366590000000005,0.22915715131760564,0.54,-0.7,1.24,0.004699999999999999,0.10692478664930784,0.011432910000000001,0.10702803371079934,0.44,-0.2,0.64,-0.0052,0.03814393791941257,0.00145496,0.03849675310984032,0.11,-0.1,0.21000000000000002,10.299291927275119,1.514072916594695,2.2924167967655658,10.409987079723011,19.76187744117446,6.524860151758044,13.237017289416414,0.21484127366713246,0.13890006165975696,0.019293227129084288,0.2558319761093207,0.7286288492778747,0.0282842712474619,0.7003445780304128,Minor_Fault,Minor_fault_005_window_002.csv
-0.12060000000000004,2.221154123423226,4.93352564,2.22442576859737,4.02,-6.39,10.41,-0.4689000000000001,2.510769561309839,6.30396379,2.5541791244938166,6.3,-8.03,14.329999999999998,9.710700000000001,1.8578747293614817,3.4516985099999986,9.886829269285476,19.33,0.03,19.299999999999997,-0.035800000000000005,0.2729218935886237,0.07448636000000002,0.2752598772069769,0.51,-0.7,1.21,0.022500000000000006,0.14147349575097098,0.02001475,0.1432515270424717,0.44,-0.45,0.89,-0.0088,0.045393391589525454,0.0020605600000000003,0.04623851208678757,0.16,-0.14,0.30000000000000004,10.31705858261299,1.6672121049619417,2.7795962029316286,10.450899195763013,19.76187744117446,7.342649385610074,12.419228055564385,0.2725685264372821,0.1553492787102941,0.02413339839580864,0.31373077630350515,0.7286288492778747,0.05830951894845301,0.6703193303294217,Minor_Fault,Minor_fault_005_window_003.csv
0.23370000000000002,1.4070910809183603,1.9799053099999997,1.426366362474943,5.78,-4.73,10.510000000000002,-0.10989999999999998,1.527242282678161,2.33246899,1.5311913662243528,3.94,-5.36,9.3,10.0358,2.249368435805926,5.059658359999999,10.284791684813065,19.61,4.69,14.919999999999998,-0.04759999999999999,0.1294767932874459,0.01676424,0.1379492660364672,0.37,-0.36,0.73,0.039599999999999996,0.07041193080721476,0.00495784,0.08078366171448284,0.27,-0.16,0.43000000000000005,-0.01,0.02465765601187591,0.0006080000000000001,0.026608269391300142,0.05,-0.11,0.16,10.253598621010035,2.2404739050524816,5.019723319221117,10.495523236123104,21.13504435765395,5.999441640686239,15.13560271696771,0.13856667218942206,0.08404330644583928,0.00706327735834925,0.16206171663906316,0.3906404996924922,0.02,0.3706404996924922,Minor_Fault,Minor_fault_006_window_001.csv
0.16950000000000004,1.2454311502447657,1.5510987500000002,1.2569124870093382,3.88,-4.73,8.61,-0.029700000000000032,1.3655558977940083,1.86474291,1.3658788379647737,3.94,-3.62,7.5600000000000005,9.843200000000001,1.8916843711359461,3.57846976,10.023325595828961,16.73,4.69,12.04,-0.0426,0.10391939183809729,0.010799240000000002,0.1123120652467935,0.23,-0.3,0.53,0.0286,0.06107405341059328,0.00373004,0.06743886120034946,0.19,-0.21,0.4,-0.0092,0.02335294413987239,0.0005453600000000002,0.025099800796022267,0.05,-0.11,0.16,10.032392033614366,1.806549219886072,3.2636200838709755,10.193748574494075,17.539124835635327,5.999441640686239,11.539683194949088,0.1148135136941346,0.06789592825204446,0.004609857073206769,0.13338665600426455,0.3171750305430741,0.01414213562373095,0.30303289491934315,Minor_Fault,Minor_fault_006_window_002.csv
0.2718,1.2510550587404219,1.5651387600000002,1.280239821283497,3.22,-2.97,6.19,-0.2994,1.3267055588939094,1.7601476400000002,1.3600691158908065,4.8,-4.27,9.07,10.0204,2.1569631058504455,4.652489839999999,10.24992224360751,16.9,-0.26,17.16,-0.06720000000000001,0.1180091521874469,0.013926160000000003,0.13580132547217644,0.22,-0.43,0.65,0.041800000000000004,0.07211629496861302,0.00520076,0.08335466393669883,0.39,-0.21,0.6,-0.0048,0.03511353015576759,0.00123296,0.0354400902933387,0.2,-0.09,0.29000000000000004,10.218147830932827,2.0344932797143334,4.1391629052027845,10.418719115131188,17.62540779670076,2.2252415599210793,15.40016623677968,0.1333594974567314,0.09413418315409153,0.00886124443808805,0.1632360254355637,0.5860034129593444,0.01414213562373095,0.5718612773356135,Minor_Fault,Minor_fault_006_window_003.csv
0.03209999999999999,1.099428301436706,1.2087425900000002,1.0998968133420517,2.34,-2.99,5.33,0.0702,1.28710681763403,1.65664396,1.2890197826255423,3.23,-3.04,6.27,9.4364,2.1210683723067487,4.4989310399999995,9.671844498336396,13.38,0.73,12.65,-0.0581,0.1540110061002135,0.023719390000000003,0.16460558921251736,0.32,-0.5,0.8200000000000001,0.0336,0.04572789083261986,0.0020910399999999997,0.05674504383644443,0.21,-0.08,0.29,-0.007699999999999999,0.02682741135480649,0.00071971,0.027910571473905726,0.07,-0.09,0.16,9.625677559626133,1.939652679762503,3.762252518109859,9.819160911198065,13.523864092780585,1.8810901094843915,11.642773983296193,0.14203348440935185,0.10450114500108794,0.010920489306538406,0.1763349086256037,0.503189825016365,0.01414213562373095,0.48904768939263404,Minor_Fault,Minor_fault_007_window_001.csv
0.1681,1.345851919789098,1.8113173900000001,1.356309330499499,5.79,-3.4,9.19,0.14300000000000002,1.5089045695470604,2.2767929999999996,1.5156655303859092,4.62,-4.05,8.67,9.441,2.5720277992276834,6.615327000000001,9.785080888781657,19.61,-0.31,19.919999999999998,-0.06590000000000001,0.15673605201101629,0.024566189999999998,0.1700264685276972,0.34,-0.57,0.9099999999999999,0.0377,0.07850929881230631,0.006163710000000001,0.08709190547921201,0.43,-0.32,0.75,-0.0105,0.032844329799829985,0.0010787499999999998,0.034481879299133336,0.07,-0.24,0.31,9.72106191041479,2.3206853155658105,5.3855803338827855,9.994229585115603,20.571431646825168,1.8810901094843915,18.690341537340778,0.15991019527245595,0.1100533027579137,0.012111729447925013,0.19412109622604132,0.7532595834106592,0.017320508075688773,0.7359390753349705,Minor_Fault,Minor_fault_007_window_002.csv
0.20580000000000007,1.3962715924919478,1.94957436,1.4113567940106428,5.79,-3.51,9.3,0.019700000000000002,1.4658475057112865,2.14870891,1.4659798770788088,4.62,-4.37,8.99,9.623199999999999,2.1971594753226267,4.82750976,9.870840288445558,19.61,-0.31,19.919999999999998,-0.056600000000000004,0.13615594000997533,0.01853844,0.147451687002896,0.36,-0.57,0.9299999999999999,0.0301,0.09156959102234759,0.00838499,0.09638983348880731,0.43,-0.32,0.75,-0.0111,0.029627520989782455,0.0008777899999999999,0.03163858403911275,0.06,-0.24,0.3,9.880802962720004,1.9860125407216251,3.944245811903565,10.078418179456536,20.571431646825168,3.915354390090379,16.65607725673479,0.14548712411179304,0.10424728638041245,0.010867496717679727,0.17898044585931727,0.7532595834106592,0.01414213562373095,0.7391174477869283,Minor_Fault,Minor_fault_007_window_003.csv
0.28059999999999996,1.5421003988067703,2.37807364,1.5674214493874965,5.85,-3.78,9.629999999999999,0.0891,1.5861866819514026,2.51598819,1.5886871938805323,6.85,-5.18,12.03,9.8508,3.0178070448588987,9.107159359999999,10.302689940010813,19.61,-1.88,21.49,-0.0482,0.16584559083677805,0.02750476,0.17270784579746226,0.5,-0.64,1.1400000000000001,0.027299999999999994,0.09373211829463794,0.00878571,0.09762684057163788,0.27,-0.35,0.62,-0.006100000000000001,0.0525337034673932,0.0027597900000000002,0.052886671288709414,0.22,-0.23,0.45,10.176938898924153,2.7488309601655163,7.556071647564474,10.541639198910197,20.486488230050558,4.00731830530094,16.47916992474962,0.15949151437879514,0.12929987177549165,0.016718456841158583,0.20531926358722405,0.7121797525905942,0.02,0.6921797525905942,Minor_Fault,Minor_fault_008_window_001.csv
0.4131000000000001,1.6261240389342997,2.6442793899999995,1.677775610741794,5.85,-3.78,9.629999999999999,0.21360000000000004,1.5774108659445707,2.48822504,1.5918071491232848,6.85,-3.91,10.76,9.8422,2.9297585497784624,8.583485159999999,10.269001217255747,19.61,-1.88,21.49,-0.059500000000000004,0.17573488555207245,0.03088275,0.18553436339395463,0.5,-0.64,1.1400000000000001,0.037000000000000005,0.09617172141539321,0.009249,0.10304368005850723,0.25,-0.35,0.6,-0.0023000000000000004,0.056353438226961795,0.0031757099999999987,0.0564003546088143,0.22,-0.23,0.45,10.178654216051632,2.6825669330054644,7.196165350054344,10.526213326738159,20.486488230050558,4.00731830530094,16.47916992474962,0.174318753467714,0.1335476401493578,0.01783497218946236,0.21959508191214122,0.7121797525905942,0.01414213562373095,0.6980376169668633,Minor_Fault,Minor_fault_008_window_002.csv
0.2807,1.5055452533882865,2.26666651,1.5314891445909764,3.34,-3.82,7.16,0.04099999999999999,1.4506271057718452,2.104319,1.451206394693739,3.82,-4.81,8.629999999999999,9.949199999999998,2.4870965723107736,6.18564936,10.255351286035989,19.49,1.8,17.689999999999998,-0.04479999999999999,0.16788972571304056,0.028186959999999997,0.1737642080521763,0.85,-0.5,1.35,0.024900000000000002,0.08652739450601757,0.00748699,0.09003888049059694,0.25,-0.27,0.52,-0.0076,0.05383530440147989,0.00289824,0.05436910887627275,0.18,-0.29,0.47,10.184091848628764,2.4306300044830293,5.907962218693171,10.470133189219704,20.43498470760377,2.8955483073159045,17.539436400287865,0.15599780341744524,0.13008337837299627,0.016921685328932113,0.2031181921936093,0.8573214099741122,0.01414213562373095,0.8431792743503813,Minor_Fault,Minor_fault_008_window_003.csv
0.21020000000000003,1.4964250599345095,2.2392879600000004,1.5111161437824692,2.91,-4.55,7.46,-0.1836999999999999,1.5297435438660951,2.34011531,1.5407339160283324,3.53,-4.92,8.45,9.7997,2.993600325694798,8.96164291,10.246744019443446,19.49,-1.99,21.479999999999997,-0.036799999999999986,0.16639038433755718,0.027685759999999993,0.17041126723312636,0.85,-0.5,1.35,0.0282,0.07831194034117658,0.00613276,0.08323460818673925,0.25,-0.27,0.52,-0.012200000000000003,0.04842685205544544,0.00234516,0.04993996395673509,0.18,-0.29,0.47,10.112875781328734,2.7171380957571327,7.3828394314146975,10.471537422938429,20.43498470760377,2.8128633098677227,17.62212139773605,0.14469505387863307,0.13238331232847841,0.017525341383059466,0.1961173118314648,0.8573214099741122,0.01414213562373095,0.8431792743503813,Minor_Fault,Minor_fault_008_window_004.csv
0.1365,1.3240508864843528,1.7531107500000003,1.331068367890996,4.42,-2.85,7.27,0.29279999999999995,1.7599341351311986,3.0973681600000003,1.7841244351221694,4.81,-3.36,8.17,9.790600000000001,2.306295653206674,5.3189996399999995,10.058570872643887,19.61,3.76,15.85,-0.04869999999999999,0.2230858803241478,0.04976731,0.22833965927976682,0.99,-0.68,1.67,0.0252,0.09102175564116526,0.00828496,0.09444575162494075,0.26,-0.31,0.5700000000000001,-0.0068000000000000005,0.04422397539796711,0.00195576,0.04474371464239419,0.1,-0.25,0.35,10.048958064514954,2.268949716855773,5.148132817619892,10.301926567395052,20.11003232220177,3.7751953591834155,16.334836963018354,0.18908451296757062,0.16525146582047806,0.027308046955816633,0.25111949346874685,1.0642368157510809,0.01414213562373095,1.0500946801273499,Minor_Fault,Minor_fault_009_window_001.csv
-0.009399999999999988,1.7360477067177618,3.01386164,1.7360731551406465,4.42,-6.01,10.43,0.5603000000000001,2.4703438849682446,6.10259891,2.5330880363698376,7.63,-4.49,12.120000000000001,9.9095,2.758961534708304,7.61186875,10.286401654611781,19.61,1.48,18.13,-0.056500000000000015,0.2605662103957457,0.06789474999999999,0.2666214545005709,0.99,-0.68,1.67,0.0279,0.1252061899428299,0.01567659,0.12827704393226405,0.32,-0.31,0.63,-0.013800000000000002,0.046685757999629825,0.00217956,0.04868264577855234,0.08,-0.25,0.33,10.430761782701513,2.5376667694032644,6.4397526325336,10.73501485793103,20.11003232220177,4.253904089186779,15.856128233014992,0.24553494471831996,0.172117956419926,0.029624590922171543,0.29985329746394324,1.0642368157510809,0.01414213562373095,1.0500946801273499,Minor_Fault,Minor_fault_009_window_002.csv
-0.17960000000000004,1.7338165531566483,3.0061198400000007,1.7430938012625714,3.79,-6.01,9.8,0.42650000000000005,2.5120168689720215,6.3102287499999985,2.5479660515791807,7.63,-4.49,12.120000000000001,9.587800000000001,2.0684020789005215,4.27828716,9.808373769387053,19.61,1.48,18.13,-0.0768,0.2150668733208348,0.046253760000000005,0.22836812387021094,0.5,-0.55,1.05,0.038599999999999995,0.11708988000677087,0.013710040000000001,0.12328828005937953,0.32,-0.3,0.62,-0.013400000000000002,0.03829412487575608,0.0014664400000000003,0.04057092555020159,0.08,-0.17,0.25,10.114081781833661,1.8547379088109588,3.440052710380449,10.282738108111088,19.66225317709036,4.253904089186779,15.40834908790358,0.22737039851998844,0.1315321324880792,0.017300701876861623,0.26267470376874896,0.562316636780382,0.030000000000000002,0.532316636780382,Minor_Fault,Minor_fault_009_window_003.csv
0.10669999999999998,2.044373769641941,4.1794641100000005,2.047156320362468,4.2,-5.03,9.23,-0.22150000000000003,1.4376086915430082,2.06671875,1.4545724457722962,2.97,-3.34,6.3100000000000005,9.9091,2.9331416927929,8.603320189999998,10.334098073852406,19.61,-2.05,21.66,-0.04189999999999999,0.1582257564368077,0.025035389999999994,0.16367956500430958,0.56,-0.42,0.98,0.022699999999999994,0.09463461311803413,0.008955709999999999,0.09731906288081488,0.22,-0.21,0.43,-0.011000000000000003,0.03637306695894643,0.0013230000000000004,0.038000000000000006,0.14,-0.14,0.28,10.291632911532025,2.6800195921430925,7.182505014270829,10.634858391158764,20.007343651769467,2.550098037331114,17.457245614438353,0.16421323567116577,0.10363403509661369,0.010740013230406157,0.19418032856085088,0.5688585061331157,0.01,0.5588585061331157,Minor_Fault,Minor_fault_010_window_001.csv
-0.07840000000000004,2.435617260572769,5.932231439999999,2.4368787413410624,4.96,-7.92,12.879999999999999,-0.055299999999999946,1.6043188305321359,2.57383891,1.6052716281053496,3.53,-4.56,8.09,9.8712,2.498988307295574,6.244942559999998,10.182609292317958,19.61,-1.86,21.47,-0.035199999999999995,0.17308656793639418,0.02995896,0.176629555850656,0.56,-0.39,0.9500000000000001,-0.0014999999999999996,0.14282419262855997,0.020398750000000007,0.14283206922816738,0.31,-0.73,1.04,-0.0111,0.05238119891716874,0.0027437899999999994,0.05354437412091022,0.14,-0.35,0.49,10.370340473509048,2.1579725353905976,4.656845463500125,10.592488234593418,19.91173021110923,2.550098037331114,17.361632173778116,0.19334324483438034,0.13070726711592148,0.017084389676912847,0.23337951923851416,0.8339064695755753,0.024494897427831782,0.8094115721477436,Minor_Fault,Minor_fault_010_window_002.csv
-0.16989999999999994,2.7245107799382993,7.42295899,2.729803106452918,5.02,-7.92,12.94,-0.061700000000000005,1.765851100744341,3.1182301100000003,1.7669286912606292,3.53,-4.56,8.09,9.664,1.9907365471101393,3.963032,9.866910762746361,19.61,-1.86,21.47,-0.039099999999999996,0.1481829612337397,0.021958190000000002,0.15325468997717495,0.36,-0.37,0.73,-0.0006999999999999986,0.15671155030820158,0.02455851,0.15671311368229526,0.36,-0.73,1.0899999999999999,-0.0142,0.06120751587836252,0.0037463600000000002,0.06283311228962003,0.13,-0.35,0.48,10.26425713744729,1.6046231384229641,2.5748154163623633,10.38892631603478,20.318154443748085,6.5186578373158985,13.799496606432186,0.19309712304745288,0.12127448647921307,0.014707501070796833,0.22802192877001984,0.8339064695755753,0.02,0.8139064695755753,Minor_Fault,Minor_fault_010_window_003.csv
-0.20730000000000004,2.642457891812091,6.98258371,2.650576729694879,5.98,-11.43,17.41,-0.32020000000000004,1.8192382911537455,3.3096279600000003,1.8472022087470554,4.72,-6.93,11.649999999999999,9.535199999999998,1.7338226437556987,3.00614096,9.691551991296338,15.42,3.35,12.07,-0.0481,0.1963705425974069,0.03856139,0.2021756661915573,0.78,-0.59,1.37,0.014399999999999998,0.13479851631230963,0.018170640000000002,0.13556548233234006,0.41,-0.65,1.06,-0.0364,0.14007512270207012,0.01962104,0.1447273298309618,0.7,-0.6,1.2999999999999998,10.08229041967705,1.6466064779686658,2.711312893288374,10.215864770052509,15.782677212691134,3.7051990499836847,12.077478162707449,0.22223549999962583,0.17552886526129063,0.030810382539916324,0.2831942796032434,1.0601886624558856,0.03605551275463989,1.0241331497012458,Minor_Fault,Minor_fault_011_window_001.csv
0.04770000000000002,1.6910297779755386,2.859581709999999,1.6917023969954053,4.5,-4.38,8.879999999999999,-0.3887,1.779137237539589,3.16532931,1.8211032370516504,4.5,-4.32,8.82,9.873899999999999,2.1163694833369715,4.47901979,10.09816423910802,19.61,0.61,19.0,-0.0369,0.171590763154664,0.029443390000000003,0.1755135322418189,0.41,-0.59,1.0,0.020099999999999996,0.09495783274696194,0.009016989999999999,0.09706183596038147,0.41,-0.37,0.78,-0.036699999999999997,0.19307022038626256,0.03727611,0.1965273517859537,0.72,-0.6,1.3199999999999998,10.203200077288674,2.011443059799699,4.045903182816375,10.399576674076691,19.690050787136126,3.7051990499836847,15.984851737152441,0.23014733348663974,0.16087636522805152,0.02588120488898942,0.28080064102490937,0.7483314773547882,0.03605551275463989,0.7122759646001483,Minor_Fault,Minor_fault_011_window_002.csv
-0.027399999999999997,1.83148334417761,3.3543312400000014,1.8316882922593571,4.86,-4.28,9.14,-0.43610000000000004,1.9166814524067373,3.67366779,1.9656680798140869,6.1,-4.6,10.7,9.711300000000001,2.7846948324726717,7.75452531,10.10266662817298,19.61,-4.41,24.02,-0.0555,0.16522938600624285,0.027300750000000002,0.1743014629886967,0.41,-0.43,0.84,0.0269,0.11391834795150428,0.012977389999999998,0.11705127081753534,0.21,-0.44,0.65,0.0034000000000000007,0.1594755153620768,0.02543243999999999,0.1595117550527233,0.72,-0.54,1.26,10.196342585838579,2.305949668187635,5.317403872214665,10.453841686193645,21.10406832816839,3.7522393313859923,17.351828996782395,0.226208376532281,0.13548346905297995,0.018355770386629777,0.2636778337289655,0.7483314773547882,0.03605551275463989,0.7122759646001483,Minor_Fault,Minor_fault_011_window_003.csv
0.0669,1.1356986352021385,1.2898113900000001,1.137667350326975,2.59,-3.47,6.0600000000000005,-0.03470000000000002,1.3513448523600482,1.8261329100000003,1.3517902943874098,3.13,-3.63,6.76,9.5604,2.04823481075779,4.19526584,9.77734698167146,16.51,0.74,15.770000000000001,-0.06740000000000002,0.12133935882474409,0.014723240000000002,0.13880201727640704,0.25,-0.43,0.6799999999999999,0.034300000000000004,0.06150211378481231,0.00378251,0.07042016756583303,0.26,-0.14,0.4,-0.0018000000000000004,0.03256931070808838,0.00106076,0.03261901286060018,0.18,-0.09,0.27,9.732747817815799,1.9979384161684797,3.9917579148018127,9.935700176635766,16.67903474425304,1.1861703081766968,15.492864436076344,0.12546107923468908,0.09771651650190498,0.009548517597267067,0.15902515524281058,0.4892851929090027,0.01,0.4792851929090027,Minor_Fault,Minor_fault_012_window_001.csv
0.1422,1.0535156192482387,1.10989516,1.0630691416836442,2.01,-3.59,5.6,0.0894,0.912725391341777,0.83306764,0.9170932340825552,3.12,-2.91,6.03,9.619599999999998,1.390248841035302,1.9327918400000001,9.71954196451664,13.37,3.23,10.139999999999999,-0.0653,0.08769783349661495,0.00769091,0.10933892262136115,0.12,-0.39,0.51,0.0397,0.038117056549529106,0.00145291,0.05503635162326806,0.17,-0.1,0.27,-0.0019000000000000002,0.022658111130453927,0.0005133900000000001,0.022737634001804147,0.09,-0.06,0.15,9.731673939907505,1.317267750810423,1.7351943273251502,9.820421172230853,13.510373792016265,3.339371198294673,10.171002593721592,0.09838036878383997,0.07630401718098233,0.005822303037955647,0.12450301201175817,0.4205948168962618,0.01,0.4105948168962618,Minor_Fault,Minor_fault_012_window_002.csv
0.2345,0.9428545752129541,0.8889747500000001,0.971578612362376,2.5,-3.59,6.09,0.0648,0.7357791516481015,0.54137096,0.7386271048370754,3.38,-2.77,6.15,9.9132,0.82858660380192,0.68655576,9.947768091386127,13.37,7.1,6.27,-0.053599999999999995,0.06063860156698867,0.0036770400000000008,0.08093207028119323,0.09,-0.39,0.48,0.0361,0.03503983447449488,0.0012277899999999999,0.050309044912421066,0.13,-0.09,0.22,-0.0062,0.01793209413314574,0.0003215599999999999,0.018973665961010275,0.07,-0.06,0.13,9.989390817668244,0.8122167764121646,0.6596960918853683,10.022356259882203,13.510373792016265,7.105920067098982,6.404453724917284,0.08243171209966783,0.05143940940871574,0.0026460128403174737,0.09716480844420988,0.3973663297261106,0.017320508075688773,0.3800458216504218,Minor_Fault,Minor_fault_012_window_003.csv
0.3062,0.9264186742504709,0.85825156,0.9757099978989658,2.73,-2.43,5.16,-0.06799999999999999,1.0426418368740054,1.087102,1.0448569280049782,3.31,-3.96,7.27,9.6207,1.440656277534652,2.0754905100000003,9.727967876180513,12.9,3.87,9.030000000000001,-0.032299999999999995,0.09199842389954298,0.008463710000000001,0.09750384607798812,0.51,-0.23,0.74,0.031299999999999994,0.04875766606391245,0.00237731,0.0579396237474839,0.12,-0.21,0.32999999999999996,-0.0079,0.019559907975243648,0.0003825900000000001,0.02109502310972899,0.03,-0.13,0.16,9.734277636204228,1.385977597688449,1.9209339012942441,9.83245111861737,13.254636924487972,4.136109282888933,9.118527641599039,0.09467047877283662,0.06592799442514452,0.004346500448921887,0.11536463929644993,0.5666568626602876,0.02,0.5466568626602876,Minor_Fault,Minor_fault_013_window_001.csv
0.12390000000000002,0.9042531669836718,0.8176737900000001,0.9127020324289852,1.57,-2.68,4.25,-0.22979999999999998,0.9475093456003482,0.89777396,0.9749779484685794,2.51,-3.96,6.47,9.715499999999999,1.1759067777676937,1.38275675,9.786403680617308,12.86,5.87,6.989999999999999,-0.03900000000000001,0.06467611614808051,0.004183000000000001,0.07552483035399682,0.17,-0.29,0.45999999999999996,0.0335,0.03707762128292483,0.0013747500000000003,0.049969990994595946,0.09,-0.11,0.2,-0.0071,0.016266222671536254,0.00026459,0.01774823934929885,0.04,-0.07,0.11000000000000001,9.815523980425843,1.101268809004053,1.2127929896852054,9.877110103668986,12.963232621533873,6.663797716017497,6.299434905516376,0.08248001278365161,0.04138897789519171,0.0017130474912086682,0.09228217596047462,0.2988310559496787,0.022360679774997897,0.2764703761746808,Minor_Fault,Minor_fault_013_window_002.csv
0.1274,0.9935256614703015,0.9870932400000002,1.0016606211686672,3.34,-2.68,6.02,-0.1689,1.2931163095406384,1.67214979,1.304100072847172,4.18,-3.57,7.75,9.677200000000001,1.3639758648891116,1.8604301600000002,9.772851682083383,14.07,5.17,8.9,-0.049600000000000005,0.12542663194074855,0.01573184,0.1348777224006989,0.42,-0.35,0.77,0.0362,0.05597821004641002,0.0031335599999999996,0.06666333324999583,0.2,-0.14,0.34,-0.006300000000000001,0.018256779562672056,0.00033331,0.019313207915827968,0.05,-0.07,0.12000000000000001,9.823654279833557,1.3070759696007894,1.7084475903078435,9.910228604830467,14.146268059103079,5.295790781365896,8.850477277737184,0.1150408116963047,0.09886663564749919,0.009774611644255358,0.15168717810019408,0.4346262762420146,0.01414213562373095,0.42048414061828365,Minor_Fault,Minor_fault_013_window_003.csv
0.2434,0.9898880946854549,0.9798784400000001,1.0193733369085147,3.34,-2.18,5.52,-0.14520000000000002,1.4235557453082055,2.0265109600000004,1.4309416480066541,4.18,-3.39,7.57,9.8475,1.3710115790904174,1.8796727499999997,9.942481028395276,14.27,5.17,9.1,-0.0559,0.14485230408937236,0.02098219,0.15526429080764192,0.42,-0.35,0.77,0.0417,0.06551419693471026,0.00429211,0.07765951326141571,0.2,-0.14,0.34,-0.0058,0.01715692280101534,0.0002943600000000001,0.018110770276274835,0.05,-0.06,0.11,10.00435178899931,1.361098924379231,1.8525902819462998,10.096516478469196,14.410669658277508,5.295790781365896,9.114878876911611,0.13605165628458146,0.10934325229396695,0.01195594682222211,0.1745451231057459,0.4346262762420146,0.01,0.4246262762420146,Minor_Fault,Minor_fault_013_window_004.csv
0.2207,0.9362865533585324,0.8766325099999999,0.9619464642068185,4.56,-2.34,6.8999999999999995,0.010200000000000002,0.8765488919621084,0.7683379599999999,0.8766082363290912,2.18,-3.78,5.96,9.7748,1.626216762919384,2.6445809600000003,9.909152133255398,16.54,3.5,13.04,-0.0376,0.08453543635659545,0.007146240000000001,0.09252026804976303,0.17,-0.32,0.49,0.0308,0.046747834174429945,0.00218536,0.055982140009113626,0.17,-0.12,0.29000000000000004,-0.008600000000000002,0.023410254163507067,0.00054804,0.024939927826679854,0.08,-0.08,0.16,9.859703270035462,1.6344205171411659,2.671330426851996,9.9942522981962,17.56854006455858,3.6029016084261865,13.965638456132393,0.09353985109183192,0.05971847501165707,0.0035662962577179104,0.11097747519204067,0.37107950630558945,0.01,0.36107950630558944,Minor_Fault,Minor_fault_014_window_001.csv
0.21930000000000002,0.9211180760358577,0.84845851,0.9468637705604752,2.75,-3.12,5.87,-0.012399999999999998,0.8779363530461647,0.77077224,0.8780239176696726,2.89,-1.99,4.88,9.899700000000001,1.2795393350733693,1.6372209100000001,9.982047936170213,13.78,4.74,9.04,-0.0441,0.08127847193445506,0.00660619,0.0924716172671377,0.17,-0.33,0.5,0.035899999999999994,0.03942321651007183,0.0015541899999999998,0.05331978994707313,0.15,-0.06,0.21,-0.0076,0.01918958050609757,0.0003682399999999999,0.020639767440550294,0.06,-0.08,0.14,9.988202093539654,1.2428100975652308,1.5445769386100985,10.065225183770105,14.191934329047609,5.3557539151831834,8.836180413864426,0.09019832853486437,0.06069811800638195,0.0036842615295166687,0.10871982339941505,0.33749074061372414,0.01,0.32749074061372413,Minor_Fault,Minor_fault_014_window_002.csv
0.1968,1.178001595924216,1.38768776,1.1943274257924414,5.06,-3.73,8.79,-0.09819999999999998,0.9481543967097343,0.8989967600000003,0.9532261011953042,2.91,-2.91,5.82,10.0468,1.758934836769117,3.0938517600000006,10.199609894500869,19.61,5.85,13.76,-0.0489,0.0859289823051571,0.007383790000000001,0.09886859966642594,0.3,-0.37,0.6699999999999999,0.034199999999999994,0.047606302103818145,0.00226636,0.058617403559011384,0.26,-0.08,0.34,-0.008100000000000001,0.0190627909813857,0.00036339000000000006,0.02071231517720798,0.06,-0.08,0.14,10.159636962106253,1.774507480458856,3.148876798204437,10.313442684186498,20.460298140545266,6.960962577115323,13.499335563429943,0.09299230062494251,0.07065714418571072,0.004992432024480314,0.11679041056525147,0.3806573262134856,0.01,0.37065732621348557,Minor_Fault,Minor_fault_014_window_003.csv
0.2541,1.1785449461093964,1.38896819,1.2056263932081115,5.06,-3.73,8.79,-0.1117,0.8717167601922082,0.75989011,0.8788441272489679,2.91,-2.92,5.83,10.017499999999998,1.917970998216605,3.6786127500000005,10.19945679926142,19.61,1.51,18.099999999999998,-0.04189999999999999,0.0794442571870365,0.006311390000000001,0.08981647955692763,0.3,-0.37,0.6699999999999999,0.0354,0.048650179855782655,0.0023668400000000003,0.0601664358259653,0.26,-0.08,0.34,-0.0070999999999999995,0.020846822299813467,0.00043459,0.022022715545545243,0.06,-0.08,0.14,10.119335371563237,1.9631282784956168,3.8538726378291637,10.307997914241156,20.460298140545266,1.6300613485387598,18.830236792006506,0.09244798583624397,0.06021104479098193,0.0036253699148216323,0.11032678731840241,0.3806573262134856,0.01,0.37065732621348557,Minor_Fault,Minor_fault_014_window_004.csv
0.21769999999999992,1.0506701242540402,1.10390771,1.072986952390382,3.67,-3.03,6.699999999999999,0.008799999999999975,0.8907157571301856,0.7933745599999998,0.8907592267274025,4.01,-1.57,5.58,9.9181,1.9695464934852387,3.879113389999999,10.111766462888667,19.61,5.15,14.459999999999999,-0.03730000000000001,0.08375983524339098,0.0070157100000000005,0.09168969407736074,0.35,-0.42,0.77,0.030299999999999994,0.043896583010526,0.00192691,0.05333854141237835,0.13,-0.1,0.23,-0.0077,0.015611213918206362,0.00024371000000000004,0.017406895185529212,0.03,-0.07,0.1,10.025686539817134,1.9178590681615741,3.678183405329581,10.207476377636148,19.951275648439125,5.387262755797233,14.564012892641893,0.08781768158517173,0.0619923769588277,0.003843054801005391,0.10749418588928425,0.4401136216933077,0.01,0.4301136216933077,Minor_Fault,Minor_fault_015_window_001.csv
0.249,1.0522865579299205,1.107307,1.081345458213979,3.67,-3.03,6.699999999999999,-0.109,0.82877198311719,0.6868629999999999,0.8359090859656928,2.23,-1.97,4.2,10.029000000000002,1.768284196615465,3.1268290000000003,10.183696283766519,19.61,6.26,13.35,-0.046400000000000004,0.08663163394511268,0.007505040000000001,0.09827512401416749,0.35,-0.42,0.77,0.0337,0.045335526907713336,0.00205531,0.05648893696999441,0.18,-0.09,0.27,-0.007200000000000001,0.016557777628655363,0.00027416,0.018055470085267786,0.04,-0.05,0.09,10.12283520240334,1.7617972258417625,3.10392946498373,10.275004720193563,19.951275648439125,6.575112166343628,13.376163482095498,0.09160344662166196,0.06916508199252223,0.0047838085670323235,0.11478240283248996,0.4401136216933077,0.022360679774997897,0.4177529419183098,Minor_Fault,Minor_fault_015_window_002.csv
0.20430000000000004,0.8744063757773042,0.76458651,0.8979560122856797,2.13,-2.78,4.91,-0.2978,0.7259842698020392,0.52705316,0.7846897476072948,1.62,-1.97,3.59,10.032100000000002,0.9017963129221589,0.8132365900000003,10.072550173615419,13.21,7.15,6.0600000000000005,-0.0507,0.07885752976095561,0.00621851,0.09374966666607407,0.16,-0.29,0.44999999999999996,0.03629999999999999,0.04189641989478337,0.00175531,0.055434646206140796,0.18,-0.1,0.28,-0.0068000000000000005,0.017769637024992943,0.00031576,0.019026297590440448,0.05,-0.07,0.12000000000000001,10.10134146218914,0.9171862756597414,0.8412306642585873,10.142895543186867,13.360426639894403,7.209174710048301,6.151251929846102,0.09175394898187789,0.061686407305264236,0.003805212846230957,0.11056219968868201,0.3026549190084311,0.01,0.2926549190084311,Minor_Fault,Minor_fault_015_window_003.csv
0.24689999999999998,1.0472322521771376,1.09669539,1.075943771765049,2.33,-2.77,5.1,-0.09330000000000002,1.363346658044094,1.8587141100000002,1.3665354002000827,3.25,-4.45,7.7,9.875599999999999,1.4850140201358368,2.2052666399999996,9.986628159694343,14.67,4.84,9.83,-0.04130000000000001,0.11601426636409852,0.013459310000000002,0.12314625451064275,0.33,-0.36,0.69,0.0287,0.05522055776610737,0.003049310000000001,0.06223343153000644,0.19,-0.15,0.33999999999999997,-0.0082,0.018993683160461534,0.00036076000000000006,0.0206881608655772,0.04,-0.08,0.12,10.034784698206922,1.4355877056565474,2.0609120606322295,10.136952993873455,15.143361581894556,5.588568689745165,9.55479289214939,0.1125761922473995,0.08241723690513139,0.006792600939076551,0.13952060779684125,0.38999999999999996,0.01414213562373095,0.375857864376269,Minor_Fault,Minor_fault_016_window_001.csv
0.3044,0.9972776143080723,0.99456264,1.0426993814134542,3.1,-3.04,6.140000000000001,0.02830000000000002,0.8514458937595506,0.7249601099999999,0.8519160756788194,3.25,-3.3,6.55,9.919199999999998,1.4499321915179344,2.10230336,10.024611314160763,17.25,4.84,12.41,-0.0421,0.06394208316906792,0.00408859,0.07655716818169282,0.12,-0.22,0.33999999999999997,0.0298,0.042189572171331624,0.00177996,0.05165268628057983,0.16,-0.15,0.31,-0.009200000000000002,0.017069270634681496,0.00029136,0.019390719429665318,0.04,-0.08,0.12,10.012895691685234,1.4309908690943134,2.0477348674312985,10.114633705676148,17.553714706579914,5.588568689745165,11.965146016834748,0.08200121312456274,0.04669904759307242,0.002180801046100043,0.09436630754670865,0.2315167380558045,0.01414213562373095,0.21737460243207354,Minor_Fault,Minor_fault_016_window_002.csv
0.3156,0.9156520299764535,0.8384186400000001,0.968515358680491,3.1,-3.04,6.140000000000001,0.042199999999999994,0.6303278194717412,0.39731315999999994,0.6317388701037796,2.03,-1.13,3.1599999999999997,9.9142,1.2363536549062328,1.52857036,9.990992543286177,17.25,6.58,10.67,-0.049400000000000006,0.05866549241249067,0.003441640000000001,0.07669419795525605,0.1,-0.22,0.32,0.0395,0.03589916433567779,0.0012887500000000002,0.05337602458033008,0.16,-0.07,0.23,-0.0079,0.01632758402213873,0.0002665899999999999,0.018138357147217055,0.04,-0.08,0.12,9.981472005912407,1.2358254711677386,1.5272645951869628,10.057686016176882,17.553714706579914,6.8204252066861635,10.73328949989375,0.0837273481344231,0.04527395691097826,0.0020497311743771164,0.09518403227432636,0.2315167380558045,0.01414213562373095,0.21737460243207354,Minor_Fault,Minor_fault_016_window_003.csv
0.11009999999999996,1.834665906916025,3.36599899,1.8379665394125106,4.19,-5.58,9.77,-0.3203999999999999,1.7413643616429044,3.03234984,1.7705948153092508,8.14,-5.86,14.0,9.7415,2.584299663351756,6.67860475,10.078463523771864,19.61,-2.47,22.08,-0.06039999999999999,0.12855286850164022,0.01652584,0.14203520690307736,0.4,-0.35,0.75,0.028899999999999995,0.08383191516361772,0.007027789999999998,0.08867355862939076,0.22,-0.24,0.45999999999999996,-0.0127,0.051958733625830415,0.00269971,0.05348831648126533,0.16,-0.2,0.36,10.138815796569741,2.300645179776294,5.292968243227896,10.396564528727748,20.024752183235627,3.9767449000407358,16.04800728319489,0.14787991072312662,0.0950238496616513,0.009029532004520108,0.1757782694191748,0.4420407221060069,0.022360679774997897,0.41968004233100903,Minor_Fault,Minor_fault_017_window_001.csv
0.221,1.7903164524742547,3.205233,1.8039052081525793,4.19,-5.58,9.77,-0.6539999999999999,1.717591336727104,2.95012,1.8378890064419016,8.14,-5.86,14.0,9.622399999999999,2.6521459688335405,7.033878239999999,9.98120533803408,19.61,-2.47,22.08,-0.053899999999999997,0.15429125056204582,0.023805790000000004,0.16343500237097316,0.4,-0.62,1.02,0.028900000000000006,0.10028853374140037,0.01005779,0.10436953578511309,0.43,-0.27,0.7,-0.0088,0.047524309568893267,0.00225856,0.048332183894378294,0.17,-0.19,0.36,10.041915266610602,2.3272962377430395,5.416307778212906,10.308073049799367,19.9351598940164,2.0616013193631786,17.873558574653224,0.16100688351705472,0.11839249748242317,0.014016783460125576,0.19984994370777293,0.6732755750805163,0.022360679774997897,0.6509148953055184,Minor_Fault,Minor_fault_017_window_002.csv
0.19330000000000003,1.5249642979427418,2.3255161099999997,1.5371665492066888,3.66,-3.91,7.57,-0.5279,1.5168937306218917,2.3009665900000003,1.6061273299461658,2.07,-6.5,8.57,9.6584,2.5146752156093632,6.323591439999999,9.980394881967346,19.61,-1.11,20.72,-0.050200000000000015,0.1404633760095492,0.01972996,0.14916433890176298,0.28,-0.62,0.9,0.030900000000000004,0.08315160852322702,0.00691419,0.08870738413458036,0.43,-0.27,0.7,-0.0124,0.032499846153482025,0.0010562400000000002,0.034785054261852175,0.17,-0.1,0.27,9.979242643403618,2.2283456338895813,4.96552426407476,10.225008948651341,19.9351598940164,2.0616013193631786,17.873558574653224,0.13643085169081842,0.11276356994578479,0.0127156227069179,0.177,0.6732755750805163,0.01,0.6632755750805163,Minor_Fault,Minor_fault_017_window_003.csv
-0.06820000000000004,1.7793090681497692,3.16594076,1.7806156238784385,5.26,-4.41,9.67,-0.6377000000000002,1.9053040990875973,3.6301837100000007,2.009190135353048,4.63,-6.85,11.48,9.4904,2.9710156243278156,8.826933839999999,9.944577718535868,18.49,-1.31,19.799999999999997,-0.06290000000000001,0.20695552662347533,0.04283059000000001,0.21630302818037475,0.51,-0.71,1.22,0.0361,0.10821178309223076,0.01170979,0.11407453703609759,0.45,-0.18,0.63,-0.006000000000000001,0.05283937925449163,0.002792,0.05317894320123332,0.24,-0.18,0.42,9.954244350440712,2.6486000852750835,7.01508241171918,10.300585565879253,19.669616163006335,2.322003445303215,17.34761271770312,0.201016566873879,0.14906488467187476,0.022220339842239322,0.25025586906204617,0.8448668534153769,0.022360679774997897,0.822506173640379,Minor_Fault,Minor_fault_018_window_001.csv
0.06129999999999998,1.767524062071009,3.12414131,1.7685867239126274,5.26,-3.99,9.25,-0.1824,1.9863197728462554,3.9454662399999996,1.9946769161947004,4.63,-6.85,11.48,9.6123,2.6081264750774644,6.80232371,9.959851153506262,17.72,-1.12,18.84,-0.0754,0.19901969751760754,0.03960884,0.21282387084159518,0.51,-0.71,1.22,0.0365,0.09976347026843042,0.009952750000000002,0.10623088063270492,0.39,-0.23,0.62,-0.008199999999999999,0.04889539855651041,0.00239076,0.04957822102496216,0.24,-0.18,0.42,10.050088357336806,2.302388761639352,5.3009940097231905,10.31044470427925,18.29668002671523,3.3807395640599114,14.915940462655318,0.1968948037548007,0.1423707703651228,0.020269436254358526,0.24297530738739687,0.8448668534153769,0.01414213562373095,0.830724717791646,Minor_Fault,Minor_fault_018_window_002.csv
0.20410000000000003,1.381476814861545,1.9084781899999996,1.3964723412943056,2.78,-4.02,6.799999999999999,0.06210000000000001,1.2854137816283129,1.65228859,1.286912972970589,3.53,-3.13,6.66,9.8179,2.2698944006274826,5.152420589999999,10.076883496399072,17.95,-1.67,19.619999999999997,-0.028999999999999998,0.12291053657030386,0.015107000000000002,0.12628539107909514,0.25,-0.4,0.65,0.028000000000000004,0.0656048778674269,0.004304,0.07133021800050804,0.23,-0.23,0.46,-0.006499999999999999,0.04055551750378733,0.0016447500000000004,0.041073105555825704,0.26,-0.11,0.37,10.0768312610355,1.8992979588831582,3.6073327366177312,10.254260626685866,17.95362358968239,3.3807395640599114,14.572884025622479,0.12852188461759284,0.0787726169067789,0.006205125174342149,0.15074150058958546,0.4159326868617085,0.01,0.40593268686170847,Minor_Fault,Minor_fault_018_window_003.csv
0.1754,1.341180390551547,1.7987648399999998,1.3526011976928012,2.83,-4.39,7.22,0.014200000000000011,1.07840083456941,1.16294836,1.0784943208009952,4.39,-3.13,7.52,9.8875,1.8036260005888136,3.2530667499999995,10.050657839166549,17.95,-1.67,19.619999999999997,-0.036699999999999997,0.10806530433029836,0.011678110000000002,0.11412712210513327,0.24,-0.4,0.64,0.0316,0.05856142074779265,0.0034294399999999997,0.0665432190384565,0.25,-0.12,0.37,-0.003500000000000001,0.04792441966263128,0.0022967499999999993,0.04805205510693585,0.3,-0.11,0.41,10.092088365897801,1.4690661710454833,2.1581554149102375,10.198451009834779,17.95362358968239,4.114778244328605,13.838845345353786,0.11294820171785018,0.08369410808834653,0.007004703728703831,0.14057738082636195,0.4159326868617085,0.01,0.40593268686170847,Minor_Fault,Minor_fault_018_window_004.csv
-0.005400000000000007,1.3158422549834765,1.7314408400000003,1.3158533352923494,3.6,-3.33,6.93,-0.2456,1.279947905189895,1.6382666400000003,1.3032981239915908,4.17,-3.71,7.88,9.6489,0.997855595765239,0.99571579,9.70036014795327,13.25,5.38,7.87,-0.0625,0.13593656608874596,0.01847875,0.1496161755960899,0.26,-0.57,0.83,0.028099999999999997,0.05902025076192069,0.0034833899999999994,0.06536818798161688,0.16,-0.15,0.31,-0.009,0.02819574435974337,0.0007949999999999999,0.02959729717389748,0.08,-0.11,0.19,9.823878550764373,1.0091844330109718,1.0184532198316765,9.875578109660214,13.291384427515442,5.529095766940558,7.762288660574884,0.1414670631038967,0.08672410308996059,0.007521070056758112,0.16593372170839776,0.5721887800367986,0.01,0.5621887800367986,Minor_Fault,Minor_fault_019_window_001.csv
0.06539999999999999,1.1311626054639536,1.27952884,1.1330516316567398,3.6,-4.12,7.720000000000001,-0.028700000000000007,1.3375332930435786,1.7889953099999998,1.3378411714400182,4.17,-2.85,7.02,9.850900000000001,0.8634107886747768,0.74547819,9.888665683498457,13.25,7.53,5.72,-0.06990000000000002,0.13055646288100795,0.017044990000000003,0.14809118812407443,0.26,-0.57,0.83,0.038599999999999995,0.05865185419063919,0.00344004,0.07021395872616784,0.16,-0.14,0.30000000000000004,-0.0071,0.02511155112692165,0.00063059,0.026095976701399775,0.08,-0.07,0.15000000000000002,10.006875545399216,0.8495739043138888,0.7217758188911447,10.042874787629287,13.291384427515442,7.850999936313846,5.440384491201597,0.14199958866768944,0.0858959650868829,0.007378116818207005,0.16595782596792474,0.5721887800367986,0.0282842712474619,0.5439045087893367,Minor_Fault,Minor_fault_019_window_002.csv
0.2928,0.861212029641946,0.74168616,0.9096251975401737,1.82,-4.12,5.94,-0.0678,1.0188430497382803,1.03804116,1.0210964694875797,3.39,-2.77,6.16,9.923200000000001,0.9794323662203532,0.9592877600000002,9.971418454763594,14.0,5.93,8.07,-0.053200000000000004,0.08513377708054543,0.007247760000000001,0.10038924245156948,0.13,-0.29,0.42,0.029599999999999994,0.047956647088803026,0.0022998399999999996,0.056356011214421485,0.12,-0.14,0.26,-0.0104,0.01994592690250318,0.00039784000000000005,0.022494443758403985,0.04,-0.08,0.12,10.01887563582707,0.959881760338575,0.9213729938306814,10.064752455972277,14.142407857221485,6.598264923447679,7.544142933773807,0.10306698473209602,0.05601068342944838,0.003137196658233883,0.11730302638892144,0.29899832775452106,0.01,0.28899832775452106,Minor_Fault,Minor_fault_019_window_003.csv
0.13979999999999998,1.2558622376678106,1.5771899600000001,1.2636194047259641,3.23,-2.34,5.57,-0.43290000000000006,2.053895954034673,4.21848859,2.099021438670887,5.57,-4.01,9.58,9.7038,1.089637352516882,1.18730956,9.764785916752093,12.75,5.17,7.58,-0.07549999999999998,0.23342397049146432,0.05448675000000001,0.2453303894750913,0.46,-0.54,1.0,0.0416,0.09555856842795418,0.009131440000000001,0.10422091920531117,0.28,-0.19,0.47000000000000003,-0.006300000000000001,0.030320125329556274,0.00091931,0.030967725134404045,0.09,-0.1,0.19,9.998114998550655,1.1795615608167473,1.391365475756441,10.067455934842725,13.861579996522762,5.209712084175093,8.651867912347669,0.2216128653660972,0.15131337648809537,0.022895737904228095,0.26834306400576113,0.6086049621881177,0.01414213562373095,0.5944628265643868,Minor_Fault,Minor_fault_020_window_001.csv
0.05000000000000001,0.9484692931244533,0.899594,0.9497862917519919,2.89,-1.77,4.66,-0.2922,1.466783951371162,2.1514551599999994,1.4956055629744094,2.89,-3.56,6.45,9.5755,0.9759481287445557,0.9524747499999999,9.625106492917364,11.57,5.17,6.4,-0.09080000000000002,0.16649132109512496,0.027719360000000002,0.1896417675513493,0.34,-0.44,0.78,0.0432,0.06432542265698686,0.004137759999999999,0.07748548251124207,0.23,-0.13,0.36,-0.0072,0.02354060322081828,0.00055416,0.024617067250182343,0.09,-0.09,0.18,9.737395686029943,0.9822068283642972,0.9647302536854518,9.78680770220811,11.956128135813868,5.209712084175093,6.746416051638775,0.1660987599638965,0.12241405939864873,0.014985201938455898,0.20633467958634588,0.48373546489791297,0.01414213562373095,0.469593329274182,Minor_Fault,Minor_fault_020_window_002.csv
0.08530000000000001,1.2578350090532542,1.58214891,1.2607239983438088,2.98,-4.77,7.75,-0.14640000000000003,1.4640051366030107,2.14331104,1.4713069020432141,3.63,-3.67,7.3,9.8076,1.1621653238674778,1.3506282399999998,9.876216178273944,15.68,5.79,9.89,-0.10220000000000003,0.15771226965585144,0.024873160000000002,0.18793083834219437,0.27,-0.44,0.71,0.04400000000000001,0.06508456038109192,0.004236,0.07856207736560944,0.22,-0.17,0.39,-0.0091,0.02445792305164116,0.0005981900000000001,0.02609597670139978,0.06,-0.09,0.15,9.998210620440526,1.153082559624545,1.3295993893102926,10.064482848114949,15.749419036904186,6.078272780979807,9.671146255924379,0.1680764145503373,0.11798863874078368,0.01392131887190316,0.20535578881541178,0.48373546489791297,0.01414213562373095,0.469593329274182,Minor_Fault,Minor_fault_020_window_003.csv
0.31320000000000003,0.9776818296357973,0.9558617600000001,1.0266235921699833,2.96,-2.26,5.22,-0.23210000000000006,1.3510620230026453,1.8253685900000003,1.3708533838452601,3.41,-3.57,6.98,9.890899999999998,1.1618537730712932,1.34990419,9.958905913803987,15.21,4.64,10.57,-0.05310000000000001,0.139331941779335,0.019413389999999996,0.14910734388352576,0.36,-0.45,0.81,0.0325,0.057539117129132254,0.0033107500000000008,0.06608328079022711,0.25,-0.11,0.36,-0.0064,0.02605839595984373,0.0006790400000000001,0.02683281572999748,0.08,-0.07,0.15000000000000002,10.040038996782984,1.1448226688343235,1.310618943076943,10.105097822386481,15.440858136774652,5.345474721668787,10.095383415105864,0.13431652395066662,0.09632793672559384,0.00927907139381001,0.16528762809115508,0.48197510309143565,0.02,0.46197510309143563,Minor_Fault,Minor_fault_021_window_001.csv
0.24239999999999998,1.2516382224908285,1.5665982400000005,1.2748945054395677,3.33,-3.23,6.5600000000000005,-0.21059999999999995,1.5501689069259519,2.4030236400000002,1.5644091536423586,6.44,-5.14,11.58,10.0451,1.3409545070583118,1.7981589899999997,10.134209046590662,19.61,7.04,12.57,-0.0616,0.16417502855184768,0.02695344,0.17535107641528752,0.37,-0.6,0.97,0.027200000000000002,0.08705262776045304,0.0075781600000000005,0.09120307012376283,0.24,-0.58,0.82,-0.0088,0.0334747666160647,0.00112056,0.03461213659975357,0.14,-0.14,0.28,10.247220768082341,1.3301847729477165,1.7693915301819683,10.333195294776925,19.74399655591542,7.1996736037128795,12.54432295220254,0.15177364398264565,0.13125837494129333,0.01722876099222914,0.2006589145789441,0.7001428425685718,0.0,0.7001428425685718,Minor_Fault,Minor_fault_021_window_002.csv
0.1542,1.6909779300747836,2.85940636,1.6979941107082792,3.61,-4.01,7.619999999999999,-0.17170000000000002,1.5460369044754398,2.39023011,1.5555420277189558,6.44,-5.14,11.58,9.9625,1.3368331047666346,1.7871227499999998,10.051792327739367,19.61,7.04,12.57,-0.06280000000000001,0.15173055064818025,0.023022159999999996,0.16421327595538676,0.37,-0.6,0.97,0.028200000000000003,0.09418471213525048,0.00887076,0.09831581764904364,0.24,-0.58,0.82,-0.007700000000000001,0.035067221161648954,0.0012297100000000002,0.035902646142032486,0.14,-0.14,0.28,10.224745543917065,1.3401502013386837,1.7960025621481146,10.312197825875918,19.74399655591542,7.1996736037128795,12.54432295220254,0.1488305588879282,0.12558051099237866,0.015770464741106938,0.1947331507473753,0.7001428425685718,0.0,0.7001428425685718,Minor_Fault,Minor_fault_021_window_003.csv
0.002699999999999978,1.6539811697839852,2.7356537100000002,1.6539833735560945,3.77,-4.12,7.890000000000001,0.8011,1.4088249678366722,1.9847877900000004,1.6206631358798778,4.0,-3.53,7.529999999999999,9.5699,2.232228704680593,4.982844989999999,9.82679149061381,14.95,2.88,12.07,-0.05330000000000001,0.14069154203433837,0.019794109999999997,0.15044932701743802,0.42,-0.44,0.86,0.023899999999999998,0.09283205265424223,0.008617790000000002,0.09585927185202275,0.28,-0.53,0.81,-0.0027,0.03417177197629646,0.0011677099999999998,0.03427827300200522,0.12,-0.09,0.21,9.873140905845707,2.1092960089366835,4.449129653316221,10.095941808469384,15.529098492829517,3.2280644355402823,12.301034057289234,0.14398892940015376,0.1107528248407125,0.012266188210197542,0.18165626881558478,0.5504543577809154,0.01414213562373095,0.5363122221571845,Minor_Fault,Minor_fault_022_window_001.csv
0.17299999999999996,2.080898603968968,4.330139,2.0880775847654705,5.79,-4.87,10.66,0.6992999999999999,1.5944260754265154,2.54219451,1.7410384832047796,4.04,-2.98,7.02,10.088299999999998,2.908507539959283,8.45941611,10.49920058861626,19.61,2.88,16.73,-0.06680000000000001,0.21358314540244042,0.04561776000000001,0.22378561169118982,0.49,-0.79,1.28,0.029099999999999997,0.08700683881167043,0.007570189999999999,0.0917442096265481,0.25,-0.17,0.42000000000000004,-0.0070999999999999995,0.04481729576848652,0.0020085899999999998,0.045376205218153706,0.13,-0.16,0.29000000000000004,10.465463945192058,2.8457969730613475,8.098560411885128,10.845482746286587,19.754812071999066,4.409138237796588,15.345673834202477,0.19895515158727797,0.14482005267532272,0.020972847656883245,0.24608128738284837,0.7986238163240564,0.01414213562373095,0.7844816807003255,Minor_Fault,Minor_fault_022_window_002.csv
0.17670000000000002,2.1079706141215535,4.44354011,2.1153635621329965,5.79,-4.87,10.66,0.5827999999999999,1.5557995243603848,2.42051216,1.6613753338725117,6.39,-2.85,9.24,10.2379,2.873158643374918,8.255040589999998,10.633420757216372,19.61,0.48,19.13,-0.0742,0.22121112087777142,0.048934359999999996,0.23332380932943814,0.49,-0.79,1.28,0.021399999999999995,0.08977772552253704,0.00806004,0.09229301165310405,0.25,-0.31,0.56,-0.009399999999999999,0.042891024702144856,0.0018396400000000005,0.0439089968002003,0.13,-0.16,0.29000000000000004,10.601682388971458,2.812276395266373,7.908898523372426,10.968343904163474,19.754812071999066,3.375040740494846,16.37977133150422,0.2008804640772862,0.1566302625679154,0.02453303915209412,0.2547273051716286,0.7986238163240564,0.01414213562373095,0.7844816807003255,Minor_Fault,Minor_fault_022_window_003.csv
0.056099999999999935,2.0119263878184013,4.0478477900000005,2.0127083743056273,4.56,-5.19,9.75,0.4646999999999999,2.21015178438043,4.884770909999999,2.2584766990163967,7.58,-4.77,12.35,9.717500000000001,1.4424433264430183,2.08064275,9.823973177894981,12.99,2.17,10.82,-0.06929999999999999,0.25238167524604477,0.06369651000000001,0.26172313615727594,0.55,-0.72,1.27,0.0372,0.11934890028818866,0.014244159999999999,0.1250119994240553,0.32,-0.32,0.64,-0.012800000000000002,0.036662787673607145,0.00134416,0.03883297567789519,0.08,-0.14,0.22000000000000003,10.160057644387818,1.560573504426073,2.4353896627166742,10.279210135024968,13.921688116029607,3.0759226258148953,10.845765490214712,0.23331367222101865,0.1766344540420783,0.031199730354743077,0.2926345844222791,0.8002499609497022,0.01414213562373095,0.7861078253259713,Minor_Fault,Minor_fault_023_window_001.csv
0.10700000000000003,2.0880184386159044,4.359821,2.090758235664755,5.83,-5.69,11.52,0.6949,1.6502566436769768,2.72334699,1.7905957109297452,5.36,-4.98,10.34,9.771700000000001,1.794752381249291,3.2211361099999998,9.935152590675193,14.9,2.49,12.41,-0.08839999999999999,0.18546546848402803,0.034397439999999994,0.2054555913086816,0.44,-0.72,1.16,0.0381,0.11452244321529295,0.01311539,0.12069382751408625,0.32,-0.43,0.75,-0.0128,0.037738044464439326,0.0014241599999999998,0.039849717690342554,0.08,-0.16,0.24,10.167455816236012,1.7051692657588202,2.9076022248884743,10.309450033828185,15.16956162847167,4.323829321330804,10.845732307140866,0.19146006023918402,0.14734329076414715,0.021710045333208014,0.2415926323379916,0.8002499609497022,0.01414213562373095,0.7861078253259713,Minor_Fault,Minor_fault_023_window_002.csv
0.08450000000000003,2.087697954685974,4.358482749999999,2.089407332235627,5.83,-5.69,11.52,0.7755000000000001,1.6909875073459295,2.85943875,1.860333034701045,5.36,-4.98,10.34,9.6161,2.4583412680097934,6.043441789999999,9.925362512271278,19.61,0.67,18.939999999999998,-0.079,0.17710731210201344,0.031367,0.1939278216244384,0.44,-0.57,1.01,0.0326,0.10786676967444608,0.01163524,0.11268540278137182,0.3,-0.43,0.73,-0.009000000000000001,0.036810324638611926,0.001355,0.037894590642992824,0.11,-0.16,0.27,10.07414768145087,2.202460327070175,4.85083149231806,10.312094016251015,20.034038534454307,2.963207721372229,17.07083081308208,0.1898614526900113,0.1252782055364722,0.015694628782438574,0.22746867916264865,0.6350590523722971,0.01414213562373095,0.6209169167485662,Minor_Fault,Minor_fault_023_window_003.csv
0.18929999999999997,2.0799919495036514,4.326366510000001,2.088588279197219,4.11,-4.75,8.86,0.6624000000000002,1.2032482038216388,1.4478062399999998,1.3735283033123122,3.35,-2.35,5.7,9.808499999999999,2.6365778482722635,6.95154275,10.156683267681434,19.61,0.67,18.939999999999998,-0.041400000000000006,0.16642127267870535,0.02769604,0.1714934401077779,0.61,-0.42,1.03,0.021500000000000005,0.08820855967535124,0.0077807499999999995,0.09079096871385392,0.35,-0.19,0.54,-0.008200000000000002,0.035731778573141304,0.0012767599999999998,0.03666060555964672,0.11,-0.1,0.21000000000000002,10.175445948412944,2.422250142104771,5.867295750926584,10.45977992120293,20.076917094016203,2.963207721372229,17.113709372643974,0.16219301935863795,0.11265178414622867,0.0126904244713285,0.19747658088998807,0.6104096984812741,0.01414213562373095,0.5962675628575432,Minor_Fault,Minor_fault_023_window_004.csv
0.05900000000000003,2.4985533814589593,6.242768999999999,2.499249887466237,6.35,-6.37,12.719999999999999,0.7717,1.8116975768598909,3.2822481100000003,1.9692051696052393,5.62,-4.03,9.65,9.6798,2.629361131529863,6.91353996,10.030556714360374,16.31,1.11,15.2,-0.051799999999999985,0.20359459717782297,0.041450759999999996,0.21008093678389764,0.53,-0.54,1.07,0.003000000000000004,0.14435026844450274,0.020837000000000005,0.14438143925034133,0.39,-0.43,0.8200000000000001,-0.011800000000000003,0.056557581277844625,0.003198760000000001,0.05777542730261716,0.16,-0.16,0.32,10.212125415341502,2.5394057378324075,6.448581501336155,10.523121542584216,16.50399951526902,1.5806960492137634,14.923303466055255,0.22437063791951253,0.13407392304095156,0.017975816839591003,0.26137712218172426,0.6682813778641449,0.0,0.6682813778641449,Minor_Fault,Minor_fault_024_window_001.csv
-0.2156,2.233168296389683,4.98704064,2.2435516486143126,5.36,-6.23,11.59,0.7204999999999999,1.572816184428428,2.4737507499999993,1.7299916184768065,4.66,-3.31,7.970000000000001,9.4745,2.0068459706713915,4.02743075,9.684708617196492,15.92,1.67,14.25,-0.0684,0.20515223615646994,0.04208744000000001,0.21625447972238632,0.53,-0.81,1.34,-0.0038999999999999955,0.1404556513636956,0.01972779,0.1405097861360553,0.35,-0.41,0.76,-0.010800000000000002,0.046166654632970754,0.00213136,0.047413078364518794,0.16,-0.18,0.33999999999999997,9.905072502064327,1.9260100541921295,3.709514728849169,10.090588486307425,16.061145662747723,2.5871026264916512,13.474043036256072,0.21379188534967622,0.1518223625116897,0.02305002975863092,0.2622155601790252,0.8229823813423955,0.03162277660168379,0.7913596047407118,Minor_Fault,Minor_fault_024_window_002.csv
0.1292,2.12049743220783,4.496509359999999,2.1244298058537967,5.0,-6.23,11.23,0.7088000000000001,1.742384733633763,3.0359045599999996,1.8810374796903968,4.8,-3.03,7.83,9.7705,2.6123416219935707,6.824328749999999,10.113703525415405,19.61,1.67,17.939999999999998,-0.07840000000000001,0.18217420234489842,0.03318744,0.19832801113307216,0.36,-0.81,1.17,0.021100000000000004,0.12062251033700136,0.01454979,0.12245407302331761,0.35,-0.33,0.6799999999999999,-0.008599999999999998,0.04326707755326214,0.0018720400000000002,0.044113490000225554,0.13,-0.18,0.31,10.201221520813457,2.5047120559641907,6.273582483292362,10.504213583129392,20.0945415473954,2.5871026264916512,17.507438920903752,0.19170332290914055,0.13973129923390035,0.019524835985593802,0.23722352328552918,0.8229823813423955,0.022360679774997897,0.8006217015673976,Minor_Fault,Minor_fault_024_window_003.csv
0.3754,2.878645313337508,8.28659884,2.9030198070285365,6.91,-6.29,13.2,0.8736,1.7542613944335663,3.0774330400000003,1.959747432706572,5.18,-3.05,8.23,9.8824,2.699311438126397,7.286282239999999,10.244418577937939,19.61,1.94,17.669999999999998,-0.049400000000000006,0.2004885034110435,0.04019564,0.20648486627353593,0.53,-0.52,1.05,0.027900000000000005,0.12276233135616155,0.015070590000000003,0.12589281155014373,0.35,-0.25,0.6,-0.0105,0.0475683718451662,0.0022627500000000004,0.0487134478352744,0.11,-0.13,0.24,10.474478376291527,2.7388955337144956,7.501548744601211,10.8266451867603,20.832294640773494,2.940697196244455,17.89159744452904,0.21664788213161462,0.11799023335804547,0.013921695167886024,0.24669414261388534,0.5863446085707619,0.03741657386773942,0.5489280347030224,Minor_Fault,Minor_fault_025_window_001.csv
0.37420000000000014,2.499011076406025,6.245056359999999,2.526871979345214,5.56,-5.24,10.8,0.7022999999999999,1.4967136366052123,2.2401517099999997,1.653292775040162,5.18,-3.05,8.23,9.873399999999998,2.574392052504824,6.62749444,10.203505378055134,19.61,1.94,17.669999999999998,-0.04190000000000001,0.1853790441231155,0.03436539,0.19005525512334567,0.53,-0.52,1.05,0.020399999999999995,0.11125574142488108,0.01237784,0.11311056537742174,0.35,-0.23,0.58,-0.0114,0.04079264639613371,0.0016640400000000005,0.04235563716909475,0.11,-0.14,0.25,10.329453590947482,2.555850056725188,6.5323695124621475,10.640957710657439,20.45585735186868,2.940697196244455,17.515160155624226,0.18979116071080773,0.12119536012589069,0.014688315316044335,0.22518658929874133,0.5863446085707619,0.01414213562373095,0.572202472947031,Minor_Fault,Minor_fault_025_window_002.csv
0.2315,2.380950387975356,5.668924749999999,2.392178296030628,5.56,-5.24,10.8,0.8146000000000001,1.695240643684548,2.87384084,1.8808014249250238,5.31,-4.11,9.42,9.8567,2.5235843774282642,6.36847811,10.174625939070193,19.61,2.39,17.22,-0.0725,0.20045635435176407,0.04018275,0.2131642559154794,0.53,-0.91,1.44,0.023000000000000003,0.11696580696938742,0.013680999999999999,0.11920570456148481,0.27,-0.45,0.72,-0.006000000000000001,0.03989987468652001,0.001592,0.04034848200366403,0.12,-0.14,0.26,10.334461221838838,2.445783157663271,5.98185525430932,10.619931449872922,20.45585735186868,3.7049291491201286,16.75092820274855,0.19454857683547552,0.1530615929986719,0.02342785125129108,0.24754191564258365,0.9236341266973628,0.01414213562373095,0.9094919910736319,Minor_Fault,Minor_fault_025_window_003.csv
-0.12400000000000004,2.0526767889757997,4.213482,2.056418731678935,7.13,-7.64,14.77,0.8588,1.7620960700256953,3.1049825600000003,1.9602346798279027,4.52,-8.05,12.57,9.2255,4.66280910503529,21.74178875,10.336906645607284,19.61,-7.33,26.939999999999998,-0.05840000000000001,0.24613703500286177,0.06058344,0.2529703539942971,0.73,-0.95,1.68,0.0334,0.14251470099607266,0.020310439999999996,0.1463762275781146,0.82,-0.43,1.25,-0.0085,0.049262054362358865,0.00242675,0.04998999899979995,0.11,-0.12,0.22999999999999998,10.134492190995136,3.4950085880665016,12.215085030658601,10.720215342986352,21.05433684541026,2.0471199280941015,19.007216917316157,0.23285558636390513,0.18356817779539544,0.033697275899121915,0.29651138258083787,0.9596874491208062,0.01414213562373095,0.9455453134970753,Minor_Fault,Minor_fault_026_window_001.csv
-0.013000000000000025,2.2852507521057728,5.222371000000001,2.285287728055266,6.29,-12.45,18.74,0.8725,1.7556943783016452,3.082462750000001,1.9605404867025829,4.47,-5.66,10.129999999999999,9.453,4.370687703325416,19.102911,10.414514871082572,19.61,-4.01,23.619999999999997,-0.07660000000000002,0.22961367555091314,0.05272244000000001,0.2420537130473317,0.44,-0.95,1.39,0.0291,0.1422539630379414,0.02023619,0.14519986225888784,0.65,-0.84,1.49,-0.0034000000000000002,0.06201967429775813,0.0038464400000000004,0.06211280061307814,0.29,-0.18,0.47,10.213015858598043,3.636301152548407,13.222686072024871,10.841050640966493,20.341794414456164,1.5487091398968367,18.793085274559328,0.21518798121573443,0.19293815781305865,0.03722513274029673,0.28901730052022834,0.9596874491208062,0.02,0.9396874491208062,Minor_Fault,Minor_fault_026_window_002.csv
0.07199999999999995,2.718038998984378,7.3877359999999985,2.7189924604529523,6.29,-12.45,18.74,0.7763,1.855763268846541,3.44385731,2.0115911612452466,5.09,-5.66,10.75,9.4832,4.096532650913453,16.78157976,10.33018208939223,19.61,-3.99,23.6,-0.0604,0.22139521223368855,0.04901584,0.22948638303829708,0.44,-0.86,1.3,0.027699999999999995,0.15041844966625606,0.022625710000000004,0.1529477034806342,0.37,-0.84,1.21,-0.0082,0.06539694182452266,0.00427676,0.06590902821313632,0.29,-0.22,0.51,10.238666471650815,3.6499027223055496,13.32178988229346,10.86977833260642,21.181421104354637,1.5487091398968367,19.6327119644578,0.22106381030771766,0.1775719340780897,0.031531791772233426,0.2835507009337131,0.9246080250571049,0.017320508075688773,0.9072875169814162,Minor_Fault,Minor_fault_026_window_003.csv
0.1257,2.2117885319351847,4.89200851,2.215357533221218,8.24,-7.13,15.370000000000001,0.37589999999999996,2.1794261148293144,4.74989819,2.2116055254045643,7.27,-6.24,13.51,9.7502,4.179592798347705,17.46899596,10.608270170013581,19.61,-6.71,26.32,-0.08930000000000002,0.3033883814518941,0.09204451000000001,0.3162578062277673,0.63,-1.05,1.6800000000000002,0.0174,0.1244397042748013,0.015485240000000003,0.12565030839596056,0.43,-0.5,0.9299999999999999,-0.011200000000000002,0.048749974358967614,0.00237656,0.0500199960015992,0.12,-0.16,0.28,10.431274687730424,3.6773512735547236,13.522912389114547,11.060488415978744,20.941074471000764,0.45354161881794264,20.48753285218282,0.26536248742682306,0.2188418384739289,0.047891750266649186,0.3439607535751717,1.1367937367878131,0.01414213562373095,1.1226516011640821,Minor_Fault,Minor_fault_027_window_001.csv
0.0825,2.2231551340381084,4.94241875,2.2246853710131687,8.24,-7.13,15.370000000000001,0.28900000000000003,2.1452857618508543,4.602251,2.1646644081704673,4.68,-6.24,10.92,9.2433,3.905429567922074,15.252380109999997,10.034489274497234,19.61,-6.71,26.32,-0.0512,0.30010758071065113,0.09006455999999999,0.304443755068157,0.6,-1.05,1.65,0.024600000000000007,0.11931822995670024,0.014236839999999999,0.12182774724995944,0.43,-0.5,0.9299999999999999,-0.008700000000000001,0.05189710974611207,0.0026933100000000004,0.05262128846769148,0.22,-0.19,0.41000000000000003,10.012860581454337,3.1731049425378153,10.068594976357911,10.503617091269083,20.913562585078612,0.7179136438319027,20.19564894124671,0.26862170167611005,0.19529306538797248,0.0381393813886309,0.33210992156212377,1.1367937367878131,0.03605551275463989,1.1007382240331733,Minor_Fault,Minor_fault_027_window_002.csv
0.3809,1.9974163787252774,3.9896721900000007,2.0334101898043104,5.3,-5.42,10.719999999999999,0.37510000000000004,1.873825229310354,3.5112209900000004,1.911,4.62,-4.36,8.98,9.4378,3.2936902040112996,10.848395159999997,9.996022408938469,18.33,-0.85,19.18,-0.026199999999999998,0.24553525205151294,0.06028756,0.24692913963321542,0.75,-0.72,1.47,0.02200000000000001,0.10700467279516349,0.01145,0.10924284873619874,0.35,-0.32,0.6699999999999999,-0.0063999999999999994,0.051235144188340104,0.0026250400000000004,0.051633322573702345,0.22,-0.19,0.41000000000000003,9.917596826290964,3.057517815343585,9.348415191143408,10.378205143472545,19.246539948780402,0.7179136438319027,18.5286263049485,0.2284532726528663,0.15291534329227763,0.023383102214195116,0.27490725708864067,0.7619711280619496,0.01414213562373095,0.7478289924382187,Minor_Fault,Minor_fault_027_window_003.csv
0.3024,1.7075128813569755,2.9156002400000007,1.7340836196677483,5.38,-4.26,9.64,0.4080999999999999,2.317111432365737,5.369005389999999,2.3527751698791795,6.06,-4.23,10.29,9.884,2.704812008254917,7.316007999999999,10.247412551468786,19.61,0.82,18.79,-0.0574,0.2517285045440822,0.06336724,0.25818985262786764,0.8,-0.64,1.44,0.04710000000000001,0.10888796995077096,0.01185659,0.11863810517704673,0.4,-0.23,0.63,-0.008499999999999999,0.0422699656966977,0.00178675,0.0431161222746202,0.1,-0.12,0.22,10.322184242899079,2.6466154718141364,7.004573455645964,10.656080940007916,19.64547021580293,1.2762836675285003,18.36918654827443,0.24302992918555574,0.1534029123584808,0.023532453520063744,0.28739519828974175,0.8128960573160631,0.022360679774997897,0.7905353775410652,Minor_Fault,Minor_fault_028_window_001.csv
0.16059999999999997,1.7794700447043215,3.16651364,1.7867025493909163,5.38,-5.04,10.42,0.5451,2.2936100344217194,5.260646990000001,2.357494644744713,6.06,-4.23,10.29,9.6104,2.458271311308009,6.043097839999999,9.91982288148332,18.82,-0.53,19.35,-0.057999999999999996,0.2340939982143925,0.0548,0.24117213769422036,0.59,-0.68,1.27,0.0279,0.10126494951363972,0.010254590000000001,0.1050380883299006,0.26,-0.2,0.46,-0.0013,0.03585122034185169,0.0012853100000000004,0.035874782229304195,0.1,-0.1,0.2,10.102244274568568,2.2577939713239217,5.097633616946645,10.351472020925334,18.923250249362557,3.763482429877945,15.159767819484612,0.22375158144227897,0.14289587048644622,0.020419229802079216,0.26548822949426587,0.6854195795277518,0.022360679774997897,0.6630588997527539,Minor_Fault,Minor_fault_028_window_002.csv
0.13919999999999996,1.9514587774277992,3.8081913600000004,1.9564171334355052,5.16,-5.04,10.2,0.5238,1.9314770410232682,3.73060356,2.001242114288024,5.27,-4.0,9.27,10.029200000000001,2.5386944203665003,6.44496936,10.345521833141138,19.61,-0.53,20.14,-0.05660000000000002,0.20062512305292174,0.04025043999999999,0.2084562304178026,0.59,-0.68,1.27,0.0265,0.09635740760315213,0.00928475,0.09993497886125759,0.3,-0.2,0.5,-0.0077,0.031332251754382416,0.00098171,0.03226453160980336,0.1,-0.09,0.19,10.442524914529816,2.4116453738939483,5.816033409424082,10.717385875296271,20.296083366009313,3.763482429877945,16.532600936131367,0.19189422214072954,0.13288569339475312,0.017658607509004335,0.23341379565055703,0.6854195795277518,0.01,0.6754195795277518,Minor_Fault,Minor_fault_028_window_003.csv
-0.041299999999999996,1.6392935399128492,2.68728331,1.639813708931597,5.19,-5.08,10.27,0.6479,1.8891248211804321,3.5687925899999997,1.997139704677667,5.15,-5.08,10.23,9.2568,2.713974900399781,7.36565976,9.646450435263741,14.69,-2.64,17.33,-0.04500000000000001,0.18932247621452664,0.035843,0.1945970195044107,0.4,-0.61,1.01,0.0246,0.10028379729547542,0.010056840000000003,0.10325696102442682,0.25,-0.33,0.5800000000000001,-0.004300000000000001,0.031376902332767014,0.00098451,0.03167017524422623,0.09,-0.09,0.18,9.743496219027291,2.189941421545531,4.795843429800861,9.986569080520097,14.992254666993887,1.7513994404475524,13.240855226546334,0.18545812927821195,0.12303772707842911,0.015138282284626008,0.22256010424152842,0.6599242380758567,0.02,0.6399242380758566,Minor_Fault,Minor_fault_029_window_001.csv
0.23509999999999998,1.5597304222204553,2.43275899,1.57734935889295,5.19,-4.34,9.530000000000001,0.7447,1.712553914479775,2.9328409100000004,1.8674632526505037,5.15,-3.38,8.530000000000001,9.6805,2.4353900611606343,5.931124749999999,9.982144308714435,19.61,2.09,17.52,-0.0691,0.17966688620889495,0.03228019000000001,0.1924967532193725,0.35,-0.46,0.81,0.038900000000000004,0.07442976555115567,0.00553979,0.0839821409586586,0.23,-0.15,0.38,-0.003500000000000001,0.02899568933479596,0.0008407500000000002,0.029206163733020468,0.07,-0.09,0.16,9.998205981438877,2.377926019185593,5.654532152719841,10.277093703961253,20.227177262287487,2.204948979001555,18.022228283285934,0.17981090396055532,0.11237899633333603,0.012629038816887954,0.2120400905489337,0.46561786907291264,0.02,0.4456178690729126,Minor_Fault,Minor_fault_029_window_002.csv
0.3242000000000001,1.3397030865083501,1.7948043599999999,1.3783722283911555,4.71,-3.65,8.36,0.6248,1.3199223310483084,1.74219496,1.46033215399785,3.4,-2.81,6.21,10.014699999999998,2.539880885002287,6.45099491,10.331757401333038,19.61,1.28,18.33,-0.0646,0.1542427956178181,0.023790840000000008,0.16722440013347337,0.28,-0.5,0.78,0.0359,0.06386070779438638,0.004078190000000001,0.07325981162956946,0.19,-0.1,0.29000000000000004,-0.0028000000000000004,0.02713226861137859,0.0007361599999999999,0.02727636339397171,0.08,-0.08,0.16,10.22366859584536,2.5008581411838073,6.254291442325328,10.525098146810793,20.227177262287487,1.9878128684561833,18.239364393831302,0.1514677693123984,0.1055107333854052,0.01113251485952606,0.18459414941974733,0.5017967716117752,0.02,0.48179677161177514,Minor_Fault,Minor_fault_029_window_003.csv
0.02610000000000001,1.76022776651205,3.0984017900000005,1.7604212564042732,5.13,-4.69,9.82,0.7349,1.7792315728988175,3.16566499,1.9250306491066578,6.22,-2.54,8.76,9.6585,1.9090910795454474,3.6446287500000016,9.845366981479156,17.92,3.69,14.230000000000002,-0.027600000000000006,0.17401218348150224,0.030280240000000003,0.17618740023055,0.47,-0.48,0.95,0.016100000000000003,0.08230303761101408,0.006773789999999999,0.08386298349093002,0.26,-0.29,0.55,-0.011899999999999999,0.031327144778929346,0.0009813900000000002,0.03351119216023208,0.13,-0.1,0.23,10.021131846021778,1.8201630489184681,3.312993524648174,10.185090917610896,18.098557953605034,4.835679890149884,13.262878063455151,0.16158075207362096,0.11441005445031058,0.01308966055932303,0.19798484790508591,0.48928519290900274,0.01,0.47928519290900273,Minor_Fault,Minor_fault_030_window_001.csv
0.1523,1.794189987152977,3.2191177099999995,1.800642385372509,5.5,-4.68,10.18,0.7223,1.5146629030909813,2.2942037099999997,1.6780706182994805,4.75,-2.54,7.29,9.799199999999999,2.020218146636645,4.08128136,10.005278706762747,19.61,2.63,16.98,-0.038299999999999994,0.16000659361413827,0.025602109999999997,0.16452659359507812,0.35,-0.43,0.78,0.033499999999999995,0.08458575530194194,0.0071547500000000005,0.09097801932335084,0.28,-0.19,0.47000000000000003,-0.009600000000000001,0.034232148632535465,0.0011718399999999997,0.035552777669262355,0.13,-0.19,0.32,10.11718602449985,1.9509953730506226,3.806382945664938,10.303583648420583,20.366987995282955,4.5602960430217685,15.806691952261186,0.16070362070020588,0.10384770721515402,0.010784346293844352,0.19133739833080204,0.44564559910314383,0.01,0.4356455991031438,Minor_Fault,Minor_fault_030_window_002.csv
0.16290000000000002,1.929522891805122,3.72305859,1.9363870997298034,5.5,-5.13,10.629999999999999,0.6138999999999999,1.7763782789710079,3.1555197899999996,1.8794661476068146,6.75,-3.65,10.4,9.6318,2.1309741340523116,4.54105076,9.864716012131316,19.61,2.63,16.98,-0.0674,0.20536611210226485,0.04217524000000001,0.21614347087062333,0.35,-0.55,0.9,0.044700000000000004,0.09748287029011815,0.00950291,0.10724271537032247,0.35,-0.22,0.57,-0.0104,0.032059943855222206,0.00102784,0.033704599092705435,0.08,-0.19,0.27,10.036796882768261,1.9640056858505506,3.8573183340532915,10.227150629574203,20.366987995282955,3.699743234333972,16.667244760948982,0.20480764492438028,0.13194251998703435,0.01740882858052896,0.2436288160296314,0.5537147279962852,0.02,0.5337147279962852,Minor_Fault,Minor_fault_030_window_003.csv
-0.49069999999999986,3.61578518582064,13.07390251,3.6489298431183905,12.65,-8.21,20.86,-0.001199999999999992,2.3953840109677613,5.73786456,2.395384311545853,13.14,-7.24,20.380000000000003,9.3166,2.087852111620936,4.359126440000001,9.547678356543019,18.57,4.6,13.97,-0.07290000000000002,0.3075363230579438,0.09457858999999998,0.3160585388816445,1.06,-1.1,2.16,0.033999999999999996,0.48485667985498565,0.23508600000000004,0.48604732279892254,1.06,-1.35,2.41,-0.009399999999999999,0.12313261143986186,0.01516164,0.1234908903522847,0.3,-0.76,1.06,10.249296405407906,2.2721444043221606,5.162640194092506,10.498129214293373,23.339942159311363,6.618224837522521,16.72171732178884,0.513405106538871,0.296310979512759,0.08780019657981067,0.5927773612411324,1.4803715749770394,0.07280109889280519,1.4075704760842342,Moderate_Fault,Moderate_Fault_001_window_001.csv
-0.46510000000000007,2.3714904574971416,5.623966990000001,2.416668160919078,5.56,-6.74,12.3,0.01780000000000001,3.344160755705383,11.18341116,3.3442081274944595,12.64,-19.61,32.25,9.6772,1.5484147248072784,2.3975881599999997,9.800295301673312,17.29,5.3,11.989999999999998,-0.0561,0.5437497494252296,0.29566379,0.5466360763798891,1.49,-1.72,3.21,0.0605,0.3720547674738223,0.13842475,0.3769416400452463,0.74,-1.35,2.09,0.013200000000000003,0.1590904145446859,0.02530976,0.15963708842245902,0.62,-0.36,0.98,10.446610454962535,1.98447247455524,3.9381310022673977,10.633428468748921,21.98412381697301,7.312079047712763,14.672044769260246,0.5946186826128513,0.33586994847374657,0.11280862228775716,0.6829202003162594,1.7785387260332566,0.07348469228349536,1.7050540337497613,Moderate_Fault,Moderate_Fault_001_window_002.csv
-0.35289999999999994,2.021335348228987,4.08579659,2.0519100857493733,7.92,-5.21,13.129999999999999,0.18290000000000006,3.443288630074453,11.856236590000002,3.4481428334684745,12.64,-19.61,32.25,9.378399999999997,3.412400246161051,11.64447544,9.97992294559432,17.29,-19.61,36.9,-0.05600000000000001,0.5849273459157129,0.3421400000000001,0.5876019060554518,1.49,-1.72,3.21,0.09069999999999999,0.32151284577758316,0.10337050999999997,0.3340613716070746,0.9,-0.83,1.73,0.011300000000000006,0.17315111896837396,0.029981309999999994,0.17351945135920643,0.62,-0.6,1.22,10.473774080233243,2.449273875301474,5.9989425162343,10.756341664339228,21.98412381697301,6.595316520076955,15.388807296896054,0.5982414025825017,0.3592898888587337,0.1290892242361212,0.6978409560924324,1.7785387260332566,0.06403124237432849,1.714507483658928,Moderate_Fault,Moderate_Fault_001_window_003.csv
-0.4359,3.7047801810633785,13.72539619,3.730335775771398,13.26,-7.96,21.22,0.7799999999999998,2.742960444483296,7.523832,2.8517068573049364,13.95,-5.25,19.2,9.5886,3.0782514582145493,9.475632039999999,10.070594917878486,19.61,1.86,17.75,-0.07300000000000001,0.24708500561547642,0.06105100000000001,0.2576431640855235,1.12,-0.63,1.75,-0.004400000000000007,0.6172103693231343,0.38094863999999995,0.6172260525933752,1.38,-2.34,3.7199999999999998,-0.010300000000000002,0.11588317392960895,0.013428909999999999,0.11634001891008956,0.63,-0.45,1.08,10.655468335519647,3.1504783050734027,9.92551355073818,11.111458905112327,24.64880321638355,6.162637422402846,18.486165793980703,0.5610055765837673,0.38230320825480246,0.14615574304191487,0.6788836424601788,2.3733099249781935,0.024494897427831782,2.3488150275503616,Moderate_Fault,Moderate_Fault_002_window_001.csv
0.47269999999999995,4.271940274629317,18.249473710000004,4.298013378294675,17.66,-6.2,23.86,0.42639999999999995,4.152109709533215,17.24001504,4.173946813269188,15.61,-19.61,35.22,8.9477,4.886691079861709,23.879749709999995,10.195150072460924,19.61,-19.61,39.22,-0.07359999999999998,0.2849193570117692,0.08117904,0.2942719830361022,1.12,-0.96,2.08,0.06250000000000001,0.5324384941004924,0.28349075,0.5360942081388308,1.09,-1.81,2.9000000000000004,-0.004099999999999997,0.17092744074606628,0.029216190000000003,0.17097660658698313,0.67,-0.9,1.57,11.097174955476849,4.085161442040867,16.688544007537416,11.825220336213615,30.456728320684743,6.162637422402846,24.294090898281897,0.546930615368326,0.3226343161736278,0.10409290197282443,0.6350007874010867,2.21977476334875,0.024494897427831782,2.1952798659209183,Moderate_Fault,Moderate_Fault_002_window_002.csv
0.6548,4.56229360738653,20.814522959999998,4.609043935568417,18.73,-6.2,24.93,0.005100000000000022,4.219342009128911,17.80284699,4.219345091361928,15.61,-19.61,35.22,8.4717,5.4190196631863214,29.365774109999997,10.056613495605765,19.61,-19.61,39.22,-0.07780000000000001,0.28088638272440336,0.07889716,0.2914618328357934,0.73,-0.96,1.69,0.132,0.5291559316496415,0.28000600000000003,0.5453714330619087,1.3,-1.46,2.76,-0.009400000000000002,0.16847444910134,0.028383639999999998,0.1687364809399556,0.67,-0.9,1.57,11.087260042880438,4.153829406890331,17.254298741546883,11.839832515707306,30.456728320684743,6.311473678943769,24.145254641740973,0.566663480191094,0.29957386437691397,0.08974450021771764,0.6409773786960036,1.5225307878660448,0.09433981132056603,1.4281909765454788,Moderate_Fault,Moderate_Fault_002_window_003.csv
-0.6623,3.406185800862895,11.60210171,3.46997737744787,8.68,-8.77,17.45,0.22210000000000005,2.1466659241717143,4.60817459,2.158124880538659,7.18,-11.01,18.189999999999998,9.3643,2.4608532077310095,6.05579851,9.682247311445828,19.61,0.32,19.29,-0.0646,0.2858615748924643,0.08171683999999997,0.2930699575186785,0.38,-1.23,1.6099999999999999,0.07339999999999999,0.5323818554383686,0.28343043999999995,0.5374179007067033,1.13,-1.7,2.83,-0.0032999999999999995,0.08386960116752672,0.007034109999999998,0.08393449827097317,0.31,-0.31,0.62,10.237224220824741,2.3755839813736936,5.64339925255929,10.509241599658845,20.582142745593814,5.378893938348292,15.203248807245522,0.518801592145509,0.3355561174934601,0.11259790798728479,0.6178616349960564,1.7370664926824189,0.07280109889280519,1.6642653937896137,Moderate_Fault,Moderate_Fault_003_window_001.csv
-0.44789999999999996,2.697130065458468,7.274510590000001,2.7340674827077693,8.28,-5.02,13.299999999999999,0.2865,2.0042840991236743,4.0171547499999996,2.0246572549446484,3.55,-8.94,12.489999999999998,9.4343,2.5303949316262866,6.40289851,9.76774871707908,19.61,0.32,19.29,-0.0649,0.25207338217273156,0.06354098999999999,0.2602940644732415,0.38,-0.71,1.0899999999999999,0.0554,0.41421110559713387,0.17157083999999997,0.4178995094517341,0.76,-1.54,2.3,-0.0014999999999999976,0.07614952396436894,0.00579875,0.07616429609731847,0.21,-0.31,0.52,10.05211319690676,2.436862178411608,5.938297276572968,10.343272064487138,21.82926017985951,4.162331077653482,17.666929102206026,0.4210460135898038,0.266297304605463,0.07091425444013476,0.498190726529509,1.5818027689949212,0.04358898943540673,1.5382137795595145,Moderate_Fault,Moderate_Fault_003_window_002.csv
-0.36739999999999995,2.379203488565028,5.6606092399999985,2.407403580623739,4.68,-6.0,10.68,0.3558999999999999,1.9126150135351339,3.65809619,1.945446221307595,3.91,-8.94,12.85,9.5511,1.9718883817295543,3.88834379,9.752530697208801,19.61,3.76,15.85,-0.06770000000000001,0.2469730957007261,0.060995710000000015,0.25608397060339405,0.4,-0.71,1.1099999999999999,0.083,0.3428337789658423,0.117535,0.3527378630087788,0.72,-0.92,1.6400000000000001,0.0011999999999999997,0.08310571580824029,0.006906560000000001,0.0831143790207206,0.38,-0.18,0.56,10.031722278078552,2.0141390556519423,4.056756135502497,10.231921031751565,21.82926017985951,4.162331077653482,17.666929102206026,0.3924976696314863,0.20701830676018151,0.04285657933385262,0.44374654928235774,0.9464142856064675,0.04358898943540673,0.9028252961710608,Moderate_Fault,Moderate_Fault_003_window_003.csv
-0.10109999999999994,2.760495931893398,7.62033779,2.7623466473272322,9.34,-6.67,16.009999999999998,0.39630000000000004,2.1751035170768307,4.73107531,2.2109113505520748,9.22,-7.88,17.1,9.415700000000001,2.2704185759458544,5.154800510000001,9.685566942621376,18.44,-1.71,20.150000000000002,-0.0542,0.2524289206885772,0.06372035999999999,0.2581821062738469,0.46,-1.27,1.73,0.09050000000000001,0.3206442732998673,0.10281274999999997,0.3331711272004223,0.92,-0.56,1.48,-0.011399999999999999,0.10481431199984093,0.010986039999999997,0.1054324428247776,0.48,-0.59,1.0699999999999998,10.085596181055324,2.1470083075484987,4.609644672682268,10.311590323514604,20.423626024778265,1.9794443664826753,18.44418165829559,0.37387302257208077,0.2213503173542256,0.048995962992816396,0.43448475232164363,1.3030349189488362,0.05,1.2530349189488361,Moderate_Fault,Moderate_Fault_004_window_001.csv
0.17770000000000008,3.033688795839151,9.203267709999999,3.038888777168391,8.86,-6.67,15.53,0.13999999999999996,3.3635841003310745,11.313698000000002,3.366496398334624,6.57,-19.16,25.73,9.734599999999999,2.9768074912563627,8.86138284,10.179578576738823,19.61,-1.71,21.32,-0.0437,0.23324088406623739,0.054401309999999994,0.23729938895833674,0.63,-0.94,1.5699999999999998,0.05040000000000002,0.4246290616526382,0.18030984,0.427609635064506,0.92,-1.41,2.33,0.0032000000000000006,0.10860828697663912,0.011795759999999999,0.10865541864076547,0.4,-0.52,0.92,10.611595981277635,3.4038204609133427,11.585993730132321,11.144144785491617,27.416383787801045,1.9794443664826753,25.43693942131837,0.4325232445166974,0.2527659845642788,0.06389064295274922,0.500966066715102,1.5953056133543817,0.045825756949558406,1.5494798564048233,Moderate_Fault,Moderate_Fault_004_window_002.csv
0.5244,3.2196143620005175,10.36591664,3.262041078833926,8.86,-7.3,16.16,0.04499999999999995,3.713357645043095,13.789025000000002,3.7136302993162906,6.57,-19.16,25.73,10.171499999999998,3.013281724299937,9.07986675,10.608453186021043,19.61,2.13,17.48,-0.05170000000000001,0.2135418226015691,0.04560011,0.2197111740444714,0.63,-0.89,1.52,0.034199999999999994,0.45007150542997054,0.20256436,0.4513690286229218,1.03,-1.41,2.44,0.0187,0.11964660463214158,0.014315310000000001,0.1210991329448729,0.4,-0.52,0.92,11.097676427575106,3.7165600908425844,13.81281890884384,11.703471322646115,27.416383787801045,6.893032714270258,20.523351073530787,0.43065515918438746,0.2849704087582954,0.08120813386786996,0.5164029434462976,1.5953056133543817,0.045825756949558406,1.5494798564048233,Moderate_Fault,Moderate_Fault_004_window_003.csv
-0.16889999999999986,5.986845061466013,35.84231379,5.9892270786805195,19.61,-19.61,39.22,0.5975,5.163394498776943,26.660642749999997,5.197850421087548,19.61,-19.61,39.22,9.339,4.319012734410492,18.653871,10.289353332450004,19.61,-19.61,39.22,-0.057400000000000014,0.8695316210466414,0.7560852399999999,0.8714241217684993,1.74,-4.37,6.11,0.004399999999999988,0.9170695938695165,0.84101664,0.9170801491690898,2.45,-4.37,6.82,-0.011299999999999998,0.29685233702970903,0.08812130999999997,0.29706733243492117,0.86,-1.88,2.7399999999999998,11.806909619371126,5.418133187731876,29.356167240001582,12.990738316200508,33.96551633642569,2.3720244518132607,31.593491884612426,0.7755831938372293,1.0426580021451155,1.0871357094372436,1.29948643702041,5.470594117643897,0.022360679774997897,5.448233437868899,Moderate_Fault,Moderate_Fault_005_window_001.csv
0.7467999999999999,5.602085126093676,31.383357759999996,5.651642946966837,19.61,-19.61,39.22,0.6637000000000001,4.734121387332606,22.41190531,4.780418705511056,19.61,-19.61,39.22,10.0351,2.663503893370535,7.0942529899999975,10.38255676603793,19.61,-1.13,20.74,-0.09589999999999999,0.6738309802910519,0.45404818999999996,0.6806210399333833,1.74,-3.99,5.73,0.10300000000000001,0.7036511919978534,0.49512500000000004,0.7111497732545515,2.45,-4.37,6.82,-0.0056000000000000025,0.1875650287233737,0.03518064,0.18764860777527764,0.73,-0.83,1.56,11.740241627818396,4.97570924798064,24.757682520440067,12.751115872738353,33.96551633642569,2.3720244518132607,31.593491884612426,0.5960239128166177,0.8055721540313873,0.6489464953507691,1.0020933090286552,5.20255706359863,0.022360679774997897,5.180196383823632,Moderate_Fault,Moderate_Fault_005_window_002.csv
0.13430000000000003,2.610500049798889,6.814710510000001,2.613952371410007,16.9,-4.58,21.479999999999997,0.34120000000000006,3.8831251022855287,15.078660559999996,3.8980864536333724,14.43,-12.61,27.04,9.8899,1.3793661551596805,1.90265099,9.985628322744644,19.61,6.37,13.239999999999998,-0.05039999999999999,0.9597634291845049,0.9211458400000001,0.9610858442407733,2.08,-2.53,4.609999999999999,0.04510000000000001,0.2175154937010235,0.04731298999999999,0.2221418465755608,0.89,-0.4,1.29,-0.014299999999999995,0.6516613460993371,0.42466251,0.651818226195003,1.49,-1.71,3.2,10.783654323537178,2.3352510422774406,5.453397430457873,11.033612191843615,29.63759436931412,8.583507441599851,21.054086927714266,0.9146014192475692,0.7492691398358349,0.561404243910332,1.1823282116231517,2.6927495241852704,0.024494897427831782,2.6682546267574385,Moderate_Fault,Moderate_Fault_005_window_003.csv
-0.3385,2.8513408687843684,8.130144749999998,2.8713632650711403,8.92,-7.04,15.96,0.5684999999999999,1.9170964373239026,3.6752587500000002,1.9996127125020986,5.6,-7.89,13.489999999999998,9.641799999999998,2.419324856235723,5.853132760000001,9.94069615268468,19.61,-3.25,22.86,-0.049100000000000005,0.27136357530073923,0.07363818999999998,0.2757698315624825,0.64,-1.25,1.8900000000000001,0.04030000000000001,0.4148360037412375,0.17208891,0.41678891539963003,0.81,-1.21,2.02,-0.0019999999999999996,0.10233279044372824,0.010471999999999999,0.10235233265539188,0.32,-0.42,0.74,10.28422076433693,2.301178235248447,5.295421270381158,10.538530163167918,21.38765531796321,4.900469365275127,16.48718595268808,0.4343359487779612,0.2675636066417633,0.07159028359914825,0.5101352761768195,1.3885604055999867,0.06403124237432849,1.3245291632256582,Moderate_Fault,Moderate_Fault_006_window_001.csv
-0.8146999999999999,3.096161318471633,9.58621491,3.201554466192946,10.25,-6.42,16.67,0.36950000000000005,2.288519335727798,5.237320750000001,2.318156810916811,11.59,-9.75,21.34,9.587900000000001,2.235696891351777,4.998340590000001,9.84510878558485,19.61,4.49,15.12,-0.0379,0.18107067680880853,0.03278659,0.18499459451562364,0.36,-0.69,1.0499999999999998,-0.007800000000000002,0.49173688086211315,0.24180516000000005,0.49179873932331303,0.73,-1.31,2.04,-0.014899999999999998,0.10751274343072081,0.011558990000000002,0.10854031509075326,0.31,-0.5,0.81,10.276283990757763,2.6358976348287335,6.947956341295712,10.608957017539472,24.978845049361272,4.572942160141543,20.40590288921973,0.4697811114934073,0.2591827681077945,0.06717570728401878,0.5365351805799877,1.3188631468048533,0.06403124237432849,1.2548319044305247,Moderate_Fault,Moderate_Fault_006_window_002.csv
-0.44630000000000003,3.2869318992032674,10.80392131,3.317092853689809,10.25,-6.42,16.67,0.516,2.1536424958660154,4.6381760000000005,2.2145952226084114,11.59,-9.75,21.34,9.6905,2.025906895688941,4.104298750000001,9.900004494948474,19.61,4.49,15.12,-0.050499999999999996,0.16593598163147136,0.027534750000000004,0.1734502810605967,0.54,-0.61,1.15,-0.009600000000000004,0.48770876555583864,0.23785984,0.4878032390216367,0.69,-1.31,2.0,-0.009699999999999997,0.10902710672121865,0.011886910000000002,0.10945775440780796,0.31,-0.5,0.81,10.38529278255814,2.4623809251506588,6.063319820545815,10.673220038957316,24.978845049361272,4.572942160141543,20.40590288921973,0.45383599356864657,0.272122933509029,0.07405089094155941,0.529167270340863,1.3188631468048533,0.07141428428542851,1.2474488625194247,Moderate_Fault,Moderate_Fault_006_window_003.csv
-0.2936,2.7236330589857367,7.418177040000001,2.7394119806995074,12.9,-6.98,19.880000000000003,0.07109999999999998,2.1778603697207037,4.743075790000001,2.179020651577217,13.15,-6.94,20.09,9.8191,1.94132588454386,3.7687461900000003,10.009169346154554,19.61,5.96,13.649999999999999,-0.0571,0.3749141101639148,0.14056059000000004,0.37923739267113415,1.11,-1.6,2.71,0.004499999999999999,0.3870720217220563,0.14982475,0.38709817876089264,0.76,-1.03,1.79,-0.0010000000000000005,0.1082820391385386,0.011725000000000003,0.1082866566110525,0.29,-0.33,0.62,10.380973445047523,2.16133531253671,4.671370333218158,10.603583356582812,20.790416061252838,7.788106316685719,13.002309744567118,0.459919139845697,0.3063762144873427,0.09386638480359422,0.5526228370235888,1.636154026979123,0.07810249675906654,1.5580515302200566,Moderate_Fault,Moderate_Fault_007_window_001.csv
-0.2667,2.4260700958546106,5.8858161099999995,2.440685354567442,12.9,-5.43,18.33,0.0510999999999999,3.28284111555829,10.777045789999999,3.283238797285388,15.54,-13.96,29.5,10.1142,1.885223159204236,3.5540663600000006,10.288396765288555,19.61,6.2,13.41,-0.055,0.43840050182453033,0.19219500000000003,0.4418370740442681,1.15,-1.9,3.05,0.0189,0.39209155818507496,0.15373579000000004,0.3925468124950195,1.35,-1.1,2.45,-0.0236,0.2243903741250948,0.050351040000000014,0.22562801244526354,0.4,-1.59,1.9900000000000002,10.788282973123435,2.490112546013734,6.200660491815001,11.071933435493548,20.790416061252838,7.72462944095055,13.065786620302287,0.5023887065554732,0.38448223304272283,0.1478265875255186,0.6326302237484391,1.9016834647227703,0.05916079783099616,1.842522666891774,Moderate_Fault,Moderate_Fault_007_window_002.csv
-0.30729999999999996,2.3373240489927793,5.463083710000001,2.3574386524361564,7.69,-6.78,14.47,0.3142999999999999,2.959248639435355,8.757152510000001,2.975892639192483,15.54,-13.96,29.5,10.0318,2.0426097914188115,4.17225476,10.237639669376922,19.61,6.2,13.41,-0.058100000000000006,0.35539750983933466,0.12630739,0.3601152593267883,1.15,-1.9,3.05,0.045,0.38577065725635484,0.148819,0.38838640552933873,1.35,-1.1,2.45,-0.0245,0.21575159327337537,0.046548749999999986,0.21713820483738003,0.4,-1.59,1.9900000000000002,10.626713391144627,2.5091198661019547,6.29568250246749,10.918915697082747,21.823551498324004,6.871135277375929,14.952416220948075,0.4550905862268235,0.34722983501958193,0.12056855832772607,0.5724299083730688,1.9016834647227703,0.05916079783099616,1.842522666891774,Moderate_Fault,Moderate_Fault_007_window_003.csv
-0.20579999999999996,1.8987718030347935,3.6053343600000005,1.909892143551567,4.42,-6.26,10.68,0.09260000000000002,2.9610452951618282,8.767789239999999,2.9624928691897305,7.39,-15.07,22.46,9.7366,1.8605919595655573,3.461802440000001,9.912778722437015,19.61,5.68,13.93,-0.06559999999999999,0.6663742492023532,0.44405463999999994,0.6695954002231497,1.75,-1.92,3.67,0.028900000000000006,0.30753827404080947,0.09457979000000001,0.30889318542175714,1.07,-1.02,2.09,-0.0023999999999999976,0.162265954531442,0.02633024,0.16228370220080637,0.4,-0.62,1.02,10.253629010746284,2.3559130098503616,5.55032610998219,10.520800064633868,25.511656159489135,5.720297195076494,19.79135896441264,0.6067659251530888,0.44938192228116647,0.20194411207311636,0.7550556270898191,2.283790708449441,0.05830951894845301,2.225481189500988,Moderate_Fault,Moderate_Fault_008_window_001.csv
-0.20209999999999997,2.4023793601344483,5.771426590000001,2.410865197392836,6.38,-6.97,13.35,0.5137,2.394959145789339,5.735829310000001,2.4494319749688906,7.39,-4.45,11.84,9.6633,1.31673008243907,1.7337781100000003,9.752596833664356,14.46,5.69,8.77,-0.06509999999999999,0.7132369802527068,0.50870699,0.7162017872080465,2.04,-1.92,3.96,0.031599999999999996,0.37891613847921546,0.14357744,0.3802315084261166,1.07,-1.4,2.4699999999999998,-0.004199999999999997,0.19929465622539907,0.039718359999999994,0.19933890739140717,0.46,-0.62,1.08,10.265478812331418,1.2430115661468173,1.5450777535747635,10.340460966514017,15.481744087795793,7.574985148500293,7.9067589392955,0.692531108779859,0.4665379549105722,0.2176576633721391,0.8350191614567896,2.3587284710199263,0.07141428428542851,2.287314186734498,Moderate_Fault,Moderate_Fault_008_window_002.csv
-0.35589999999999994,2.079637033234406,4.3248901900000005,2.1098708491279745,6.38,-6.97,13.35,0.2827,2.0357445100011935,4.1442557099999995,2.0552797863064773,5.22,-4.95,10.17,9.646999999999998,1.5605040852237457,2.435173,9.772398988989346,14.3,5.69,8.61,-0.0695,0.5591714853244932,0.31267275,0.5634740455424722,2.04,-1.54,3.58,0.019599999999999996,0.3948972524594214,0.15594384,0.39538335827396687,0.77,-1.4,2.17,-0.0475,0.23674617209154622,0.056048750000000015,0.24146428307308723,0.58,-0.71,1.29,10.09223452975128,1.5239141040412911,2.322314196495971,10.206640583463297,15.481744087795793,7.522406529828071,7.9593375579677215,0.6277717177379317,0.3715355573943988,0.1380386704083666,0.7294765246394157,2.3587284710199263,0.07141428428542851,2.287314186734498,Moderate_Fault,Moderate_Fault_008_window_003.csv
-0.3016000000000001,1.8315303546488113,3.3545034400000007,1.8561966490649637,4.5,-6.91,11.41,0.1533,2.3364387665847355,5.458946109999999,2.34146257710859,6.51,-11.16,17.67,10.006300000000001,3.0343851617749515,9.207493309999998,10.456267641945669,19.61,-5.01,24.619999999999997,-0.0473,0.1981305377774966,0.03925571,0.20369830632580133,0.39,-0.65,1.04,0.0176,0.3047068099009275,0.09284624,0.3052146785461014,0.58,-1.5,2.08,0.0071,0.057119086127143184,0.003262590000000001,0.05755866572463264,0.17,-0.15,0.32,10.440075443626254,3.0440549816637845,9.266270731392105,10.874807860371602,23.51298790030735,2.590308861892728,20.92267903841462,0.28790444286663364,0.23467644061058465,0.05507303177765326,0.3714323626180142,1.5105297084135751,0.04123105625617661,1.4692986521573985,Moderate_Fault,Moderate_Fault_009_window_001.csv
-0.15740000000000004,1.9127031238537777,3.65843324,1.91916856998024,7.99,-6.59,14.58,0.21149999999999994,1.9338947101639221,3.73994875,1.9454256603633047,6.51,-11.16,17.67,9.555399999999999,2.8170784227635552,7.935930840000001,9.962007829749984,19.61,-5.01,24.619999999999997,-0.05800000000000001,0.17872884490199112,0.031944,0.18790423092628863,0.29,-0.65,0.94,0.01430000000000001,0.3449847967664662,0.11901451,0.34528104494744566,0.64,-1.5,2.14,-0.0075000000000000015,0.06447286250819022,0.00415675,0.06490762667052309,0.22,-0.21,0.43,10.016931775018364,2.523998180393053,6.370566814627443,10.330028509157174,23.505867352641978,2.590308861892728,20.915558490749248,0.29809899399009415,0.26434256142757984,0.0698769897820938,0.3984218869489978,1.5105297084135751,0.033166247903554,1.4773634605100212,Moderate_Fault,Moderate_Fault_009_window_002.csv
-0.03620000000000004,1.8822565074930675,3.5428895600000003,1.8826045787684678,7.99,-6.03,14.02,0.2976,1.6059869987020443,2.57919424,1.6333278911473958,7.02,-4.68,11.7,9.4421,2.1293836173879046,4.534274589999999,9.679231736041864,19.61,-2.34,21.95,-0.06039999999999999,0.2926223504792482,0.08562783999999998,0.2987908967823485,0.68,-1.16,1.8399999999999999,0.0416,0.2979151557071241,0.08875344000000002,0.30080558505453325,0.64,-1.47,2.11,-0.017200000000000003,0.06289801268720659,0.00395616,0.06520736154760443,0.22,-0.21,0.43,9.836940818584875,1.7703339604884536,3.1340823316587336,9.994973086507038,21.381332979961748,4.118361324604726,17.26297165535702,0.3468916031207296,0.2523454292915373,0.06367821568433024,0.4289661991346172,1.4810131667206743,0.033166247903554,1.4478469188171204,Moderate_Fault,Moderate_Fault_009_window_003.csv
0.14669999999999997,1.375795082852094,1.8928121100000002,1.3835942324250994,6.75,-3.38,10.129999999999999,0.25589999999999996,2.10952036965752,4.45007619,2.1249849411231128,5.25,-10.91,16.16,9.3166,3.2065084500122554,10.281696439999997,9.852955495687576,19.61,-17.63,37.239999999999995,-0.03409999999999999,0.5290956340776212,0.27994219000000004,0.5301933609542843,1.58,-1.59,3.17,0.03280000000000001,0.22771508513930294,0.05185415999999999,0.2300652081476032,1.15,-1.27,2.42,0.0077,0.11581757206918128,0.013413709999999999,0.11607325273291863,0.56,-0.34,0.9000000000000001,9.961307296662708,2.069536890575834,4.28298294145429,10.174017200693145,21.803841404669956,4.854276465138755,16.9495649395312,0.45109885742213224,0.3794967995022446,0.14401782083244682,0.5894980915999644,2.103069185737835,0.01414213562373095,2.088927050114104,Moderate_Fault,Moderate_Fault_010_window_001.csv
0.0017999999999999794,1.3713842495814221,1.8806947600000001,1.37138543086909,6.75,-4.3,11.05,0.4517,2.383269625955066,5.67997411,2.425697219357766,6.0,-10.91,16.91,9.3041,2.9809082827218956,8.885814190000001,9.769958597660484,14.99,-17.63,32.62,-0.0269,0.6906195696619087,0.47695539,0.6911432557726365,1.44,-1.64,3.08,0.045700000000000005,0.1814180531259224,0.032912510000000006,0.18708554193202637,1.15,-0.54,1.69,-0.005700000000000002,0.11635510302517893,0.013538510000000002,0.1164946350696031,0.27,-0.34,0.6100000000000001,10.024494706694686,1.6511516815393623,2.7263018754502637,10.159566723044835,21.803841404669956,5.407087940842095,16.396753463827864,0.6029930163236904,0.4032994201147053,0.1626504222648576,0.7254315956725347,1.687986966774329,0.01414213562373095,1.673844831150598,Moderate_Fault,Moderate_Fault_010_window_002.csv
0.07400000000000002,1.3354212818432991,1.78335,1.337469999663544,5.55,-4.3,9.85,0.4722,2.158383459906974,4.65861916,2.2094325063237394,6.0,-7.14,13.14,9.5711,2.119911269369546,4.49402379,9.803059675427871,19.61,-4.8,24.41,-0.0532,0.6852311726709461,0.46954176,0.687293241637076,1.44,-1.67,3.11,0.0462,0.19429245996692715,0.037749559999999995,0.1997097894445838,0.54,-0.76,1.3,-0.012800000000000002,0.10201058768578876,0.010406159999999996,0.102810505299799,0.25,-0.34,0.5900000000000001,10.010125995185945,1.6024277083546026,2.5677745605025835,10.137573526243841,20.903868063112146,4.91184283136177,15.992025231750375,0.5875218800495133,0.4214783985723175,0.17764404046308535,0.7230670784927219,1.687986966774329,0.03,1.657986966774329,Moderate_Fault,Moderate_Fault_010_window_003.csv
-0.25759999999999994,1.8344814635204143,3.365322240000001,1.8524794195887846,5.41,-5.51,10.92,0.4175,2.700090878100217,7.290490750000001,2.732178068867401,19.61,-4.46,24.07,9.9906,2.2750665133134023,5.17592764,10.246365989949803,19.61,3.35,16.259999999999998,-0.04850000000000001,0.5028048826334127,0.25281275,0.5051385948430391,1.42,-1.47,2.8899999999999997,0.008000000000000009,0.34074623989121283,0.11610799999999998,0.34084013848137074,0.7,-1.72,2.42,0.008100000000000001,0.11566931313014701,0.01337939,0.11595257651298654,0.38,-0.34,0.72,10.415157904476175,2.7219439422639637,7.408978824827488,10.764966000875248,28.067180121985892,4.6046715409462164,23.462508581039675,0.5050855195555629,0.3600980671085128,0.12967061793528697,0.6203079880188551,1.728380745090618,0.04358898943540673,1.6847917556552112,Moderate_Fault,Moderate_Fault_011_window_001.csv
-0.16719999999999996,1.5984380375854423,2.5550041599999997,1.6071589840460712,5.28,-4.72,10.0,0.20709999999999998,2.593592217369569,6.726720589999998,2.6018476127552126,19.61,-4.46,24.07,9.746599999999999,2.452761390759403,6.01603844,10.050485062921092,19.61,-5.31,24.919999999999998,-0.0432,0.4898527942147518,0.23995576,0.4917540035424216,1.42,-1.36,2.7800000000000002,0.037200000000000004,0.2517462214214942,0.06337616,0.25447986167867975,0.72,-0.82,1.54,0.0019000000000000002,0.11517547481994594,0.013265390000000002,0.1151911454930456,0.38,-0.34,0.72,10.215901247022469,2.4495270382432506,6.000182711084751,10.505466243818024,28.067180121985892,4.6046715409462164,23.462508581039675,0.47570024747043005,0.30587624058852875,0.09356027455657154,0.5655537109771273,1.4543039572248986,0.04358898943540673,1.410714967789492,Moderate_Fault,Moderate_Fault_011_window_002.csv
-0.19759999999999997,1.8335059967177636,3.3617442399999997,1.844123097843525,5.78,-6.39,12.17,0.01650000000000002,1.9549590149156582,3.8218647500000005,1.9550286442914333,5.69,-10.28,15.969999999999999,9.6647,2.5361744636361276,6.43218091,9.991927091407343,19.61,-5.31,24.919999999999998,-0.0453,0.3910919457109799,0.15295291000000003,0.39370674365573166,1.25,-1.32,2.5700000000000003,0.04079999999999999,0.3302746735673203,0.10908135999999999,0.3327852160177793,0.72,-0.99,1.71,-0.008499999999999999,0.08497499632244769,0.007220749999999999,0.08539906322671226,0.22,-0.25,0.47,10.095746450401068,2.2665916282414544,5.137437609214247,10.347054363440833,22.206316668912024,6.239655439204957,15.966661229707068,0.43403388665146486,0.29096148411469075,0.08465858523822345,0.5225361231532227,1.4851599240485855,0.022360679774997897,1.4627992442735875,Moderate_Fault,Moderate_Fault_011_window_003.csv
-0.08059999999999999,1.245017124380223,1.5500676399999997,1.2476233405960309,6.34,-4.47,10.809999999999999,0.11729999999999995,1.9864585850200855,3.94601771,1.9899188425661989,4.66,-5.02,9.68,9.9553,1.7236603232655787,2.971004909999999,10.103415412621615,19.61,7.24,12.37,-0.0377,0.789530056425973,0.6233577100000001,0.7904296300114262,1.84,-2.27,4.11,0.0109,0.25349988165677706,0.06426218999999998,0.2537341128031468,0.68,-1.18,1.8599999999999999,0.012200000000000003,0.29054975477532247,0.08441916000000001,0.29080577710905264,0.72,-1.04,1.76,10.205560594505348,1.8552296224132665,3.4418769518796717,10.372817553586874,20.75689283105735,7.360251354403598,13.396641476653752,0.7045002265173821,0.526694817552781,0.27740743083695724,0.8796180989497657,2.310454500742224,0.05,2.2604545007422243,Moderate_Fault,Moderate_Fault_012_window_001.csv
0.08890000000000002,1.2439774073511143,1.5474797900000001,1.2471499508880237,6.34,-2.93,9.27,0.2232,2.046725619129247,4.189085759999999,2.058859878670717,4.66,-5.71,10.370000000000001,9.986699999999999,1.661501763465811,2.760588109999999,10.123969824135195,19.61,7.77,11.84,-0.04280000000000001,1.020883029538644,1.0422021599999998,1.021779819726344,1.8,-3.81,5.61,0.013999999999999992,0.2785964823898536,0.07761599999999999,0.27894802383239786,0.68,-1.18,1.8599999999999999,-0.0015000000000000024,0.31401393281190565,0.09860474999999999,0.3140175154350471,0.72,-1.04,1.76,10.252022765058738,1.7846795860090299,3.1850812247173623,10.4062025734655,20.75689283105735,7.855157541386423,12.901735289670928,0.8287767014956855,0.7304670964923274,0.5335821790579313,1.1047411461514411,3.8513633949550905,0.05,3.8013633949550907,Moderate_Fault,Moderate_Fault_012_window_002.csv
0.009400000000000013,0.9262632671114621,0.8579636399999999,0.9263109629060859,3.43,-3.41,6.84,0.23980000000000004,2.309893928300605,5.33560996,2.3223079037888152,5.41,-6.95,12.36,9.9129,0.8914990689843708,0.7947705899999999,9.952906962289962,13.28,8.01,5.27,-0.0409,1.182243710069967,1.39770019,1.1829509710888275,1.9,-4.03,5.93,0.043099999999999986,0.21236616962218816,0.04509938999999999,0.21669563908856124,0.91,-0.65,1.56,-0.0045000000000000005,0.2835008818328437,0.08037275,0.2835365937581955,0.62,-0.79,1.4100000000000001,10.219588946927754,0.9335549024198241,0.8715247558320872,10.262140273841515,13.480014836787086,8.110080147569443,5.369934689217644,0.8972215345413163,0.8495390031983969,0.7217165179553259,1.2356063288928234,4.07917883893315,0.053851648071345036,4.025327190861805,Moderate_Fault,Moderate_Fault_012_window_003.csv
-0.04160000000000001,0.9302652524952224,0.86539344,0.9311949312576825,6.04,-3.41,9.45,0.17920000000000003,2.0343582182103526,4.138613360000001,2.0422355397945653,5.41,-6.95,12.36,9.961699999999999,1.3630268192519177,1.85784211,10.054516845676872,19.61,6.97,12.64,-0.042300000000000004,0.9183744933304715,0.8434117100000001,0.9193481386286698,1.9,-4.03,5.93,0.023200000000000002,0.19506347684792252,0.03804976,0.1964382854740898,0.96,-0.46,1.42,-0.007299999999999998,0.20145895363572203,0.04058571,0.20159117044156474,0.56,-0.79,1.35,10.197610609184263,1.4628386320618458,2.1398968634525724,10.301997815957835,20.834245846682332,7.0930599884676,13.741185858214731,0.6732512249434993,0.6864115297050871,0.47116078811207773,0.9614717884576749,4.07917883893315,0.053851648071345036,4.025327190861805,Moderate_Fault,Moderate_Fault_012_window_004.csv
0.1508,1.6678049526248566,2.78157336,1.6746086109894456,8.19,-6.09,14.28,0.22340000000000004,1.4890669696155374,2.21732044,1.505731715811286,4.85,-3.34,8.19,10.116299999999999,1.9611703929031763,3.8461893099999993,10.304645311702874,17.41,6.07,11.34,-0.07980000000000001,0.6531201727094333,0.42656596,0.6579772032525139,1.86,-2.43,4.29,0.007699999999999993,0.21251755221628166,0.04516371,0.21265700082527259,0.88,-0.43,1.31,-0.010200000000000004,0.22662735933686384,0.05135996,0.22685678301518783,0.79,-0.68,1.4700000000000002,10.326112147630468,2.151433223355649,4.628664914558478,10.54785556404713,19.241210980600986,6.140863131514982,13.100347849086003,0.5706872828241316,0.45159387199430595,0.2039370252228096,0.7277506441082688,2.5236679654819887,0.07874007874011811,2.4449278867418704,Moderate_Fault,Moderate_Fault_013_window_001.csv
0.08500000000000002,1.4318075988064876,2.0500729999999994,1.4343284142761725,8.19,-5.58,13.77,0.38710000000000006,1.6756063350321877,2.80765659,1.7197392244174696,4.85,-3.11,7.959999999999999,9.8603,1.541915338142792,2.3775029100000005,9.9801312115623,17.41,6.65,10.76,-0.053,0.7632293233360469,0.582519,0.7650673172995955,1.86,-2.43,4.29,0.0175,0.2002117628911948,0.04008475000000001,0.20097512283862395,0.88,-0.44,1.32,0.0021000000000000003,0.27628353190155946,0.07633259000000002,0.2762915127179986,0.79,-0.79,1.58,10.09407161406986,1.6515260367396931,2.7275382500291183,10.228285291289053,19.241210980600986,6.713292783723945,12.52791819687704,0.6702170314785877,0.5028569684473206,0.2528651307160297,0.8378878206538154,2.5236679654819887,0.07874007874011811,2.4449278867418704,Moderate_Fault,Moderate_Fault_013_window_002.csv
-0.25350000000000006,1.0769980269248407,1.1599247499999998,1.1064298441383438,2.51,-5.58,8.09,0.40519999999999995,1.686734999933303,2.84507496,1.7347224561871564,6.47,-3.5,9.969999999999999,9.5484,0.9996146457510514,0.9992294399999999,9.600581857366771,12.28,6.68,5.6,-0.03540000000000001,0.7146347598598881,0.51070284,0.7155110062046565,1.56,-2.1,3.66,0.03609999999999999,0.2409559918325336,0.05805979000000001,0.24364523389551457,1.01,-0.58,1.5899999999999999,-0.002199999999999999,0.34465223051650196,0.11878516,0.3446592520156684,0.94,-1.03,1.97,9.77334132890372,0.941498947818028,0.8864202687424538,9.818585488755495,12.572927264563331,7.797871504455559,4.775055760107772,0.6651888730447584,0.49762713267811715,0.24763276317744443,0.8307279939908129,2.349042358068496,0.09486832980505139,2.254174028263445,Moderate_Fault,Moderate_Fault_013_window_003.csv
-0.31020000000000003,2.1978716887025045,4.830639959999999,2.219654027095214,9.01,-14.09,23.1,0.39929999999999993,1.9388513377770868,3.759144509999999,1.979541613606544,5.48,-5.18,10.66,9.775399999999998,2.1241315495985646,4.51193484,10.003518381049739,19.61,6.32,13.29,-0.0635,0.9849866750367743,0.97019875,0.9870314078082825,2.31,-2.9,5.21,0.03319999999999999,0.30632296681770366,0.09383375999999999,0.30811686094727114,1.48,-1.52,3.0,-0.003300000000000006,0.3390488312913053,0.11495411000000001,0.33906489054456823,0.77,-1.09,1.86,10.126756923990722,2.522820485568867,6.364623202405935,10.436274670590077,23.61393868036419,6.4625227272327646,17.151415953131426,0.8216000423226724,0.7135162019571687,0.5091053704553831,1.0881782942146934,3.0940103425812913,0.045825756949558406,3.048184585631733,Moderate_Fault,Moderate_Fault_014_window_001.csv
0.08620000000000001,1.1110209538978102,1.23436756,1.1143599059549836,5.2,-3.88,9.08,0.5333,2.6753044892123965,7.157254110000001,2.727941165054701,8.05,-6.01,14.06,9.5919,1.731931115835731,2.9995853899999996,9.747006258333888,17.64,-0.2,17.84,-0.04689999999999998,1.421963216823839,2.0219793900000003,1.4227364478356488,3.05,-4.37,7.42,0.0553,0.2804476956582101,0.07865091000000002,0.28584786163272236,1.48,-0.54,2.02,0.0001999999999999963,0.49441274255423473,0.24444396000000002,0.49441278300626496,1.26,-1.92,3.1799999999999997,10.03549653877405,1.725224976707122,2.9764012202540893,10.182710444670418,18.530507278539353,1.596308240910884,16.93419903762847,1.2788547586975927,0.8454954205414256,0.7148625061565221,1.5330792543114005,4.778723678975381,0.11575836902790225,4.662965309947479,Moderate_Fault,Moderate_Fault_014_window_002.csv
-0.1449,1.17917555520796,1.3904549900000003,1.1880450328165173,3.48,-3.88,7.359999999999999,0.5293,2.314906155765283,5.35879051,2.3746471316808315,8.05,-6.01,14.06,9.505400000000002,1.715375422465881,2.9425128399999996,9.658941039265121,13.59,-0.2,13.79,-0.009500000000000001,1.124356149091559,1.26417675,1.1243962824556117,3.05,-4.37,7.42,0.047799999999999995,0.4504166515571999,0.20287516000000003,0.4529459128858544,1.23,-1.2,2.4299999999999997,-0.0298,0.4770890482918257,0.22761395999999998,0.4780188280810705,1.26,-1.92,3.1799999999999997,9.884581608199047,1.6249887479158494,2.64058843085312,10.017262200821142,14.862927033394197,1.596308240910884,13.266618792483312,1.0541673881689717,0.7659374110989808,0.5866601177210091,1.3030460467688776,4.778723678975381,0.14491376746189438,4.633809911513486,Moderate_Fault,Moderate_Fault_014_window_003.csv
-0.003199999999999991,1.9217928504394015,3.69328776,1.9217955146164747,9.96,-9.56,19.520000000000003,0.7543,3.204479132402019,10.268686509999998,3.2920593858556075,8.7,-7.86,16.56,9.3951,2.0712901752289565,4.290242990000001,9.620714474507597,19.61,0.11,19.5,-0.0502,1.575547511184604,2.4823499599999996,1.5763470430079793,3.63,-4.05,7.68,0.05150000000000001,0.4248632132816397,0.18050875000000005,0.427973129997667,1.06,-1.59,2.6500000000000004,-0.002599999999999999,0.3955113651970067,0.15642924,0.3955199110032262,0.89,-0.91,1.8,10.103978413143107,2.2357817931851254,4.9987202267380955,10.34838634763894,22.037027930281344,2.156710458081937,19.88031747219941,1.380217565445654,0.958888143651422,0.9194664720352703,1.6806150659803096,4.193351881252037,0.050990195135927854,4.14236168611611,Moderate_Fault,Moderate_Fault_015_window_001.csv
0.22509999999999997,0.9551183120430682,0.9122509899999999,0.9812853815277184,2.89,-2.64,5.53,0.7309000000000002,2.632995288639917,6.93266419,2.7325590570013305,8.06,-6.63,14.690000000000001,9.433900000000001,1.3664266500621245,1.86712179,9.532344465030624,12.99,2.29,10.7,-0.0331,1.4797923469189858,2.18978539,1.480162491079949,3.63,-4.05,7.68,0.0621,0.36813936219861093,0.13552659000000003,0.3733403273154402,1.06,-1.01,2.0700000000000003,0.005200000000000005,0.3798591317844024,0.14429296,0.3798947222586805,0.89,-1.22,2.11,9.869042408489683,1.3774588703232384,1.897392939432172,9.964707271164567,13.195052102966477,3.0397697281208655,10.155282374845612,1.2704256480789309,0.9276867319861959,0.860602672703228,1.5730810532200814,4.193351881252037,0.07874007874011811,4.114611802511919,Moderate_Fault,Moderate_Fault_015_window_002.csv
-0.48640000000000005,2.9344241411220704,8.610845040000001,2.974462976740507,4.18,-19.61,23.79,0.3871,1.8843833447576424,3.5509005899999995,1.9237325697715886,4.84,-6.63,11.469999999999999,9.402200000000002,1.8697462822532902,3.49595116,9.586308778669713,14.43,2.45,11.98,-0.0325,0.8850495748826729,0.78331275,0.8856460918448181,2.54,-3.41,5.95,0.05170000000000001,0.5350963558089328,0.28632811,0.5375881323094847,1.39,-1.56,2.95,-0.025600000000000005,0.3763331502804396,0.14162663999999997,0.37720286319167834,0.69,-1.22,1.91,9.979431980412768,2.203731006342406,4.856430348314913,10.219857777875385,20.563980645779647,6.073862033335957,14.490118612443691,0.9401149123728055,0.576052038911653,0.33183595153427264,1.1025660977918739,3.63993131803335,0.07874007874011811,3.561191239293232,Moderate_Fault,Moderate_Fault_015_window_003.csv
0.08199999999999999,1.294031684310705,1.6745179999999997,1.296627163065775,5.72,-3.44,9.16,0.4145,3.1997963607079747,10.238696749999999,3.226531729272161,7.46,-8.35,15.809999999999999,9.7364,1.9585670884603366,3.8359850399999997,9.931438465801419,19.61,6.25,13.36,-0.06599999999999996,1.559956409647398,2.4334640000000003,1.5613519782547434,3.66,-4.37,8.030000000000001,0.04279999999999999,0.292510102389644,0.08556216000000001,0.2956247621563525,1.13,-0.64,1.77,-0.027299999999999994,0.3868716970779848,0.14966971,0.3878337272595049,1.41,-0.94,2.3499999999999996,10.324855673841286,2.0304123508163006,4.122574314347377,10.522605143214298,20.53420804413942,7.166686821677085,13.367521222462333,1.3124296870961576,0.9762977601268384,0.9531573164286818,1.6357350029879532,4.460695013111746,0.1649242250247064,4.295770788087039,Moderate_Fault,Moderate_Fault_016_window_001.csv
0.028000000000000035,1.7852624456925095,3.1871620000000003,1.7854820077502882,5.72,-8.45,14.169999999999998,0.3055999999999999,2.6293612608388375,6.913540640000001,2.6470610117638014,7.46,-8.46,15.920000000000002,9.7425,1.8874328464875247,3.56240275,9.923643937586636,19.61,6.12,13.489999999999998,-0.03499999999999996,1.2474778555148784,1.5562010000000002,1.2479687496087393,3.66,-4.37,8.030000000000001,0.0063999999999999994,0.47685956003838276,0.22739503999999996,0.4769025057598251,1.16,-1.72,2.88,-0.014299999999999995,0.4723584549894285,0.22312251,0.472574861794404,1.41,-1.96,3.37,10.238726846193954,1.9601172334906916,3.842059569027202,10.424662440578112,20.45733609246326,7.118974645270202,13.338361447193058,1.1218799582344712,0.8657796251424613,0.7495743593118209,1.4171058534915448,4.460695013111746,0.14456832294800961,4.3161266901637365,Moderate_Fault,Moderate_Fault_016_window_002.csv
-0.102,1.963407242525096,3.854968000000001,1.9660549331084318,4.14,-8.45,12.59,0.2628999999999999,2.147794820274972,4.613022590000001,2.163825085352326,6.97,-8.46,15.43,9.726300000000002,1.9168117565374019,3.67416731,9.913378788284044,16.36,1.63,14.73,-0.0362,0.7238850461226563,0.5240095600000001,0.7247896246498015,1.83,-2.21,4.04,0.0028999999999999937,0.5536068912143345,0.30648058999999994,0.5536144868046716,1.16,-1.72,2.88,-0.017799999999999996,0.4925374706557868,0.24259316000000003,0.49285900620765777,1.35,-1.96,3.31,10.185824997315727,1.7525864098691655,3.07155912405809,10.335501439214257,16.508933944988694,7.118974645270202,9.389959299718491,0.8752102614655526,0.5556311710347064,0.3087259982253991,1.0366865485767625,3.4182012813759224,0.05916079783099616,3.359040483544926,Moderate_Fault,Moderate_Fault_016_window_003.csv
-0.27069999999999994,2.0728213888321396,4.296588509999999,2.090422684530571,8.1,-13.67,21.77,0.44189999999999996,2.642066499920091,6.980515390000001,2.6787666938350565,5.82,-6.94,12.760000000000002,9.6564,2.3264662129504483,5.41244504,9.932698827609746,19.61,5.2,14.41,-0.0875,1.3145389876302642,1.7280127499999998,1.3174479116837978,3.06,-4.08,7.140000000000001,0.008799999999999999,0.4964378712386878,0.24645056,0.49651586077385285,1.41,-1.1,2.51,-0.0041999999999999945,0.49783165829424714,0.24783636000000006,0.49784937481129776,1.44,-1.61,3.05,10.168626111897028,2.608295803095563,6.803206996445928,10.497817106427412,24.556168267871108,5.904938611027213,18.651229656843896,1.1224637294617985,0.9849498342772135,0.9701261760427102,1.4933355282721963,4.133049721452671,0.09797958971132713,4.035070131741343,Moderate_Fault,Moderate_Fault_017_window_001.csv
-0.12419999999999998,1.9842410035073865,3.93721236,1.9881242415905502,8.1,-4.49,12.59,0.02130000000000003,2.259995865040465,5.10758131,2.2600962368890403,5.82,-5.26,11.08,9.536700000000002,2.6640901092117732,7.097376109999999,9.90181917629281,19.32,-4.37,23.69,-0.018300000000000028,1.2648992489522632,1.5999701099999997,1.2650316201581682,3.67,-4.08,7.75,0.06449999999999999,0.6513545501491488,0.42426275,0.6545402966968497,2.16,-1.52,3.68,0.001199999999999998,0.45614751999764286,0.20807056,0.4561490984316422,1.44,-1.61,3.05,10.053222959697656,2.4575199129626295,6.03940412260785,10.34923649357768,21.47662217388945,5.26677320567347,16.20984896821598,1.205754761740296,0.8848477013252634,0.7829554545406026,1.4955935276671934,4.133049721452671,0.09797958971132713,4.035070131741343,Moderate_Fault,Moderate_Fault_017_window_002.csv
-0.17350000000000002,1.9131807938613643,3.6602607500000004,1.921031754032192,8.15,-4.49,12.64,-0.13509999999999994,2.765511704911046,7.64805499,2.7688096720432047,10.44,-5.1,15.54,9.4556,2.4861883758074326,6.1811326399999995,9.776988493396113,18.05,-4.37,22.42,-0.08119999999999998,1.4171685009200563,2.00836656,1.4194928671888423,3.67,-4.37,8.04,0.11770000000000001,0.6136609079939833,0.37657971,0.624846381120992,2.16,-1.52,3.68,0.006199999999999998,0.3755017443368273,0.14100156000000003,0.3755529256975639,1.01,-1.15,2.16,10.08351539021814,2.29540658168305,5.268891375233864,10.341478327589341,20.09102784827098,5.26677320567347,14.82425464259751,1.3057108956554637,0.9173614647272945,0.8415520569666073,1.5957546803942013,4.381985851186651,0.1902629759044045,4.191722875282247,Moderate_Fault,Moderate_Fault_017_window_003.csv
1.2619,4.195776136783277,17.604537389999997,4.381430017699701,19.61,-8.53,28.14,-0.0229,2.2817165884482673,5.2062305900000005,2.281831501228783,5.71,-6.97,12.68,9.087,3.8959084948186344,15.178102999999998,9.886944522955512,19.61,2.08,17.53,-0.019999999999999997,0.7224209299293591,0.521892,0.7226977238098927,1.57,-2.62,4.19,-0.028900000000000006,0.8240265711735271,0.6790197899999998,0.8245332012720896,1.97,-2.32,4.29,-0.0003000000000000062,0.33390554053504407,0.11149290999999996,0.33390567530367016,0.83,-0.96,1.79,10.062350541361885,4.572139278582202,20.904457582754176,11.052391415435848,28.380717045205184,3.7222842449227334,24.65843280028245,0.9767594335857366,0.599650739098411,0.35958100890127065,1.1461413525390314,3.1968109108922915,0.16881943016134132,3.0279914807309503,Moderate_Fault,Moderate_Fault_018_window_001.csv
0.4533,4.361593528746116,19.023498109999995,4.38508597407166,19.61,-18.38,37.989999999999995,0.6707,3.2408499672153908,10.503108509999999,3.3095236817403197,11.45,-9.55,21.0,8.8182,3.5695241643670097,12.741502759999998,9.513262006273138,19.61,-3.76,23.369999999999997,-0.1423,1.021360714928864,1.04317771,1.0312259694169847,3.48,-4.32,7.800000000000001,-0.036500000000000005,0.781579650451571,0.6108667499999999,0.7824314666473992,1.97,-3.08,5.05,-0.008300000000000002,0.3386268004750953,0.11466811,0.33872850485307554,0.98,-0.96,1.94,10.142564691111879,4.220481191358468,17.812461486610598,10.985630614580122,28.380717045205184,3.7222842449227334,24.65843280028245,1.0570579282841492,0.8203606135423755,0.6729915362516228,1.3380444686182893,4.3783101763123184,0.13638181696985857,4.2419283593424595,Moderate_Fault,Moderate_Fault_018_window_002.csv
0.05779999999999999,3.6871982805376766,13.595431159999999,3.687651285032249,18.11,-18.38,36.489999999999995,0.2588,4.0418419761292,16.33648656,4.050119010597096,11.45,-10.57,22.02,8.9834,3.7295807324684636,13.909772440000001,9.726831344276512,19.61,-4.67,24.28,-0.0766,1.041797696292327,1.0853424399999998,1.0446099750624631,3.48,-4.32,7.800000000000001,0.1151,0.6481427234799447,0.42008899000000005,0.6582833736317514,2.89,-3.08,5.970000000000001,-0.00010000000000000273,0.287456066208386,0.08263099,0.28745608360234787,0.98,-0.81,1.79,10.421977515739467,3.9994835493374628,15.995868661420989,11.163040983531324,28.3500740739773,3.9282693390346846,24.421804734942615,0.939307194495646,0.8513988456468089,0.7248799943687187,1.2677452425467823,4.3783101763123184,0.08831760866327848,4.28999256764904,Moderate_Fault,Moderate_Fault_018_window_003.csv
-0.04739999999999998,2.5770054792336006,6.640957239999999,2.577441366937374,11.25,-7.97,19.22,-0.37690000000000007,3.9973905726110877,15.97913139,4.015119549901348,8.74,-19.06,27.799999999999997,9.1587,3.494807192106597,12.213677309999998,9.802829336472199,19.61,-5.33,24.939999999999998,-0.018500000000000023,1.2744083921569256,1.62411675,1.2745426630756618,3.66,-4.37,8.030000000000001,0.11200000000000002,0.5622668405659363,0.31614400000000004,0.5733131779402948,2.89,-1.19,4.08,0.008299999999999997,0.30067608817463354,0.09040611,0.3007906248539007,1.2,-1.22,2.42,10.345464897816534,3.439652314994335,11.83120804804589,10.902286549160227,24.956752593236164,5.156064390598705,19.80068820263746,1.0474143310347248,0.9729055550993017,0.9465452191430803,1.4295530770139318,4.392652956927055,0.08831760866327848,4.304335348263776,Moderate_Fault,Moderate_Fault_018_window_004.csv
-0.24489999999999984,4.805998230336753,23.09761899,4.812233888746473,19.61,-19.61,39.22,-0.3208999999999999,4.608656006907003,21.23971019,4.61981460666984,13.0,-19.61,32.61,9.6829,3.864574826549487,14.934938589999996,10.425617056078742,19.61,-19.61,39.22,-0.03150000000000001,0.7638434067267976,0.58345675,0.7644926422144297,1.89,-4.37,6.26,-0.0072999999999999905,0.5511784738176918,0.30379771,0.5512268135713283,1.38,-2.9,4.279999999999999,-0.026399999999999993,0.2043747538224817,0.04176903999999999,0.20607280266934788,0.57,-0.92,1.49,11.542528044487769,4.4680890033898475,19.963819342213277,12.377147207656538,30.624243664129896,7.059362577456977,23.56488108667292,0.611244935224319,0.7464218841664666,0.557145629162618,0.9647621468527877,4.5896731909799415,0.03741657386773942,4.552256617112202,Moderate_Fault,Moderate_Fault_019_window_001.csv
0.3758000000000002,5.670260872305612,32.15185836,5.682700414415668,19.61,-19.61,39.22,-0.39489999999999986,4.868813920247928,23.705348989999997,4.884802452505117,13.0,-19.61,32.61,9.100499999999998,4.683346319673571,21.93373274999999,10.234883145400342,19.24,-19.61,38.849999999999994,0.0651,0.8478555242492675,0.7188589900000001,0.8503511039564775,1.89,-4.37,6.26,0.11679999999999997,0.6137114631486037,0.37664176,0.6247271404381276,2.96,-1.62,4.58,-0.019300000000000008,0.24570411066972406,0.06037051,0.24646095025378767,0.61,-0.92,1.53,11.762064251894103,4.749848053813386,22.56105653431481,12.684920654067962,33.96551633642569,7.801704941870079,26.16381139455561,0.7142705939945535,0.8148260664428133,0.663941518554668,1.0835700254252143,4.5896731909799415,0.03605551275463989,4.553617678225302,Moderate_Fault,Moderate_Fault_019_window_002.csv
0.897,5.2586984131056616,27.653909000000002,5.334652566006525,19.61,-19.61,39.22,0.41220000000000007,4.5527865269524765,20.727865159999997,4.571408316919416,19.61,-19.61,39.22,9.7577,3.630626352297906,13.181447709999997,10.411251461760012,19.61,-19.61,39.22,0.06330000000000002,0.7632261198360548,0.5825141099999999,0.7658465903821732,2.03,-3.09,5.119999999999999,0.0937,0.6444449627392551,0.41530930999999993,0.6512211605898567,2.96,-1.81,4.77,-0.0008000000000000032,0.22068384625975682,0.04870135999999998,0.2206852962931604,0.61,-0.9,1.51,11.73307669386588,4.481669364852938,20.08536029586134,12.559874561475525,33.96551633642569,8.467638395680344,25.49787794074534,0.6832315704828531,0.7697445167687355,0.592506621095534,1.0292288375283702,4.052579425501738,0.03162277660168379,4.0209566489000546,Moderate_Fault,Moderate_Fault_019_window_003.csv
1.4484000000000001,5.868766432564854,34.44241944,6.04485582954631,19.61,-19.61,39.22,-0.5865999999999998,6.087335578066975,37.05565444,6.115533827884529,19.36,-19.61,38.97,8.714300000000001,5.6177066949067385,31.558628509999995,10.368107493655726,19.61,-19.61,39.22,-0.1325,0.7034790330919608,0.49488275000000004,0.7158484476479642,1.59,-2.64,4.23,0.0050000000000000044,0.6095104593032017,0.3715029999999999,0.609530967219878,2.28,-3.78,6.06,-0.014000000000000002,0.24235098514344847,0.05873399999999998,0.242755020545405,0.89,-1.02,1.9100000000000001,12.443229159267503,5.157881065898563,26.60373708995489,13.4698808086783,32.9644748175972,6.426857708087211,26.537617109509988,0.6360989751499796,0.7336723340927785,0.5382750938131456,0.9710288358231182,4.55421782526923,0.042426406871192854,4.511791418398038,Moderate_Fault,Moderate_Fault_020_window_001.csv
0.8265,6.082353389108529,36.995022750000004,6.1382509723861896,19.55,-19.61,39.16,0.20300000000000004,5.64991867198104,31.921581,5.6535643624177485,19.61,-19.61,39.22,9.2149,4.371916397874049,19.11365299,10.199413463528185,19.61,-15.45,35.06,-0.060799999999999986,0.7539226485522239,0.5683993600000001,0.7563702796911048,2.27,-2.64,4.91,-0.054099999999999995,0.7307353761793662,0.5339741899999999,0.7327352864438835,1.72,-4.22,5.9399999999999995,-0.0254,0.23187677762121847,0.05376684,0.23326379916309345,0.64,-1.02,1.6600000000000001,12.100767718242782,5.219230846507303,27.24037062913334,13.178351566110234,32.9644748175972,6.426857708087211,26.537617109509988,0.6598063042756216,0.8532670395826536,0.7280646408381457,1.0786143889268305,4.55421782526923,0.042426406871192854,4.511791418398038,Moderate_Fault,Moderate_Fault_020_window_002.csv
0.7378,5.684156855682292,32.309639159999996,5.731839844238498,19.61,-19.61,39.22,0.7822,5.055271620793486,25.55577116,5.115428427805436,19.61,-15.45,35.06,9.8626,3.366236064211778,11.33154524,10.421248677581781,19.61,-6.95,26.56,0.059700000000000024,0.6457947893874648,0.41705091000000005,0.6485483790743756,2.27,-2.18,4.45,-0.1041,0.7303657919152566,0.5334341899999999,0.7377472466908974,1.72,-4.22,5.9399999999999995,-0.023000000000000003,0.20006748861321771,0.040027,0.20138520303140447,0.48,-0.72,1.2,11.961369488558253,4.954761342202843,24.54965995818772,12.946969529584905,31.745971397958513,6.434500757634581,25.311470640323932,0.6336910234937411,0.7770956741247856,0.603877686743455,1.0027173081182952,4.232800491400463,0.03741657386773942,4.195383917532723,Moderate_Fault,Moderate_Fault_020_window_003.csv
-0.3201,4.4571592960090625,19.866268990000002,4.468638830785052,13.53,-19.61,33.14,-0.7031000000000001,3.5126852107753694,12.338957390000001,3.582360534619596,11.99,-14.73,26.72,9.4253,3.2630885538091055,10.647746909999999,9.974167985350958,19.61,-15.69,35.3,0.0161,0.37863939309057637,0.14336779,0.3789815298929488,1.66,-0.92,2.58,0.011199999999999996,0.5742843894796374,0.32980255999999997,0.5743935932790336,2.59,-3.54,6.13,-0.0274,0.2031827748604689,0.04128324,0.20502195004437937,1.04,-0.94,1.98,11.096401640197332,3.0258779948018306,9.155937639425948,11.501568023534878,26.35349312709797,8.626204263753554,17.727288863344416,0.40883404874028706,0.5902912167656101,0.34844372059062456,0.7180452631972444,3.5679826232760723,0.01414213562373095,3.5538404876523413,Moderate_Fault,Moderate_Fault_021_window_001.csv
0.02980000000000005,5.098117884082321,25.990805960000003,5.098204978225179,18.37,-19.61,37.980000000000004,-0.8391000000000001,3.619730126680717,13.10244619,3.715714601526872,7.42,-14.73,22.15,8.9347,4.315853671059759,18.626592909999996,9.922472322964676,19.61,-18.23,37.84,-0.018199999999999997,0.5176028979826137,0.26791275999999997,0.5179227741661878,1.66,-3.3,4.96,0.06619999999999998,0.6440897142479455,0.4148515600000001,0.6474828183048568,2.99,-3.54,6.53,-0.0455,0.19474791398112587,0.03792675,0.19999249985936973,0.32,-1.0,1.32,11.262245439342358,3.3786851975305874,11.415513664012305,11.758132759924086,26.35349312709797,8.225472630797576,18.128020496300394,0.4941597245145087,0.6951842681388475,0.483281166667745,0.8529214500761486,3.5679826232760723,0.01414213562373095,3.5538404876523413,Moderate_Fault,Moderate_Fault_021_window_002.csv
0.022500000000000072,5.30724794502763,28.16688075,5.307295639023701,18.37,-19.61,37.980000000000004,-0.6716,3.38111216022184,11.43191944,3.4471678230106524,7.42,-14.69,22.11,8.957699999999999,4.029557756131559,16.23733571,9.822307519111789,19.61,-18.23,37.84,-0.010599999999999998,0.47959945788126157,0.23001564,0.4797165829945844,0.89,-3.3,4.1899999999999995,0.05090000000000001,0.6638419917420108,0.4406861899999999,0.6657905075922906,2.99,-3.86,6.85,-0.04589999999999999,0.2102621934633043,0.04421019000000001,0.21521384713814304,0.83,-1.0,1.83,11.176138384642009,3.409106746250627,11.622008807331536,11.684523011231567,29.116680786106095,5.5692548873255925,23.547425898780503,0.49046508208141426,0.6922181760535269,0.47916600325887154,0.848364308537317,3.9549209853042577,0.0282842712474619,3.9266367140567957,Moderate_Fault,Moderate_Fault_021_window_003.csv
0.5870000000000001,5.00050947404362,25.005095,5.034844982717939,18.0,-19.61,37.61,-0.23870000000000005,4.984414640657416,24.84438931,4.990126952292898,18.25,-19.39,37.64,8.7239,5.998756687014402,35.98508179,10.58732794429265,19.61,-19.61,39.22,-0.14909999999999998,0.8514024841401392,0.72488619,0.864359300291262,1.16,-4.37,5.53,0.1462,0.6944491054065806,0.48225956,0.7096717551093604,4.32,-1.09,5.41,-0.06709999999999999,0.33983612227072035,0.11548859,0.3463971708891399,0.47,-2.58,3.05,11.75700443274395,4.910742384654191,24.115390768439134,12.741371354763976,33.83897604833811,6.684796182382826,27.154179865955285,0.584579247508145,1.0144008593168732,1.0290091033828106,1.170786914856841,6.664510484649266,0.024494897427831782,6.640015587221435,Moderate_Fault,Moderate_Fault_022_window_001.csv
0.22499999999999992,5.635182250823837,31.755279,5.639672330907177,18.58,-19.61,38.19,-0.3486000000000001,4.914381959107371,24.15115004,4.926730355925724,18.25,-19.61,37.86,9.1317,4.71251971985264,22.20784211,10.275981072384281,19.61,-19.61,39.22,-0.14209999999999998,0.8476158268932926,0.7184525900000003,0.8594445880916349,4.37,-4.37,8.74,0.022599999999999985,0.690212460044007,0.47639324,0.6905823629372532,3.62,-3.34,6.96,-0.006699999999999997,0.230438950700614,0.05310211,0.23053633119315486,1.15,-1.1,2.25,11.75227547600971,4.853697985658021,23.558384135980738,12.71512339696316,33.96551633642569,7.701454408097213,26.264061928328474,0.5645000120021316,0.9746977667203272,0.9500357364495933,1.1263640619266935,5.780250859608085,0.024494897427831782,5.755755962180253,Moderate_Fault,Moderate_Fault_022_window_002.csv
-0.33249999999999985,5.540511957391663,30.697272750000003,5.550480069327337,18.58,-19.61,38.19,-0.45690000000000003,4.226804157989816,17.86587339,4.251426936923648,17.06,-19.61,36.67,9.334499999999998,4.240067540735643,17.97817275,10.252368653145478,19.61,-19.61,39.22,-0.0866,0.7500869549592234,0.5626304400000001,0.7550695332219411,4.37,-3.52,7.890000000000001,0.016100000000000007,0.651688414811864,0.4246977900000001,0.6518872601915151,2.64,-3.34,5.98,0.029500000000000002,0.2664596592356899,0.07100075,0.2680876722268295,1.81,-0.63,2.44,11.575764469991206,4.471599259245976,19.995199935289165,12.409412677479946,33.96551633642569,6.765190315135266,27.200326021290422,0.566659528768103,0.8636289587874596,0.7458549784563115,1.0329365905030183,5.61916363883452,0.024494897427831782,5.5946687414066885,Moderate_Fault,Moderate_Fault_022_window_003.csv
-0.029699999999999966,4.514997553709193,20.38520291,4.515095237090797,15.84,-19.61,35.45,-0.42020000000000013,3.683284669965112,13.566585960000003,3.70717601416496,8.74,-15.76,24.5,8.796500000000002,4.951542663655438,24.517774749999994,10.094364120636822,17.09,-19.61,36.7,-0.1085,0.81626757255204,0.6662927499999999,0.8234470231897131,1.75,-4.37,6.12,0.10400000000000001,0.6234965918110539,0.388748,0.6321107497899399,3.42,-1.43,4.85,-0.0066999999999999985,0.3093252495351778,0.09568211000000001,0.3093978021899962,0.94,-1.37,2.31,11.026006766180453,3.8016576374185567,14.45260079214284,11.662993869500232,27.746370933871695,6.3881296167188095,21.358241317152885,0.6235119676004706,0.8857701881746696,0.7845888262589896,1.0832155833443313,5.715785160413222,0.0282842712474619,5.68750088916576,Moderate_Fault,Moderate_Fault_023_window_001.csv
-0.591,4.863770450997866,23.65626299999999,4.899545285023907,19.61,-19.61,39.22,-0.11610000000000001,2.557372047630145,6.540151790000001,2.56000605468034,6.36,-13.73,20.09,8.8896,5.369512998401252,28.831669840000004,10.385406010358961,19.61,-19.61,39.22,-0.09350000000000001,0.755281901014449,0.57045075,0.7610473047058244,1.75,-4.37,6.12,0.05660000000000001,0.7948134623922773,0.6317284400000001,0.7968262043883847,3.42,-3.76,7.18,-0.02299999999999999,0.26717971479885966,0.07138499999999999,0.2681678578800971,1.01,-1.37,2.38,11.11874222450261,3.845699461094535,14.789404345062797,11.76502583932564,27.875734967889187,6.3881296167188095,21.487605351170377,0.5481050125983485,0.9927839116165028,0.9856198951645642,1.1340365955294387,5.715785160413222,0.033166247903554,5.6826189125096676,Moderate_Fault,Moderate_Fault_023_window_002.csv
-0.2613,5.261344629464982,27.681747310000006,5.267829249320824,19.61,-19.61,39.22,-0.5255000000000001,3.4165852469973585,11.67305475,3.4567622134014364,6.36,-19.54,25.9,9.044400000000001,5.3187551776708055,28.289156639999998,10.492393816474866,19.61,-19.61,39.22,-0.058100000000000006,0.5137055479552465,0.26389339,0.5169806572783938,1.18,-2.66,3.84,0.02620000000000001,0.7824867794410331,0.61228556,0.7829252837914994,3.39,-3.76,7.15,-0.0212,0.2793574054862337,0.07804056,0.28016066818880914,1.01,-1.19,2.2,11.506121663381727,4.17117756364528,17.39872226745777,12.238854439856699,28.002831999638893,6.486886772558929,21.515945227079964,0.516748322391209,0.8316863419017239,0.6917021713058712,0.9791480991147355,4.343109485150012,0.0458257569495584,4.297283728200453,Moderate_Fault,Moderate_Fault_023_window_003.csv
0.20170000000000005,3.3010280383541124,10.89678611,3.307184452067952,19.61,-8.03,27.64,0.4255,3.4308393652282825,11.770658750000004,3.457124383067523,19.61,-6.66,26.27,9.3062,3.609494086433721,13.02844756,9.981673506982684,19.61,-9.32,28.93,-0.11729999999999999,1.177268750116132,1.3859617099999997,1.1830980517269059,3.53,-4.37,7.9,0.016900000000000012,0.7534038691166909,0.5676173899999999,0.7535933916907711,2.47,-2.75,5.220000000000001,-0.01649999999999999,0.41106295138336163,0.16897274999999992,0.41139397175943154,1.29,-2.88,4.17,10.278253672556087,4.108586793848629,16.88048544258736,11.069010073172757,33.96551633642569,2.1848112046581964,31.78070513176749,1.0824690181458323,0.9824102120572638,0.965129824754398,1.4618033383461675,4.8111225301378475,0.15132745950421556,4.659795070633632,Moderate_Fault,Moderate_Fault_024_window_001.csv
-0.30710000000000004,3.223267377987746,10.389452589999998,3.2378639563761786,19.61,-19.61,39.22,0.47840000000000005,2.443510474706421,5.970743439999999,2.4899016044815907,12.35,-4.18,16.53,9.3595,3.225388775016122,10.40313275,9.899665297372433,19.61,-9.32,28.93,0.009099999999999981,0.9232736268300963,0.85243419,0.9233184716012129,2.62,-3.21,5.83,0.00020000000000000754,0.6607283556803053,0.4365619600000001,0.6607283859499302,2.47,-1.85,4.32,-0.0007999999999999936,0.26877752882263056,0.07224136,0.26877871939571407,1.29,-0.61,1.9,10.125643597843268,3.4868449534580135,12.158087729455618,10.709189791949717,30.358305288668536,4.89204456234814,25.466260726320396,0.9477924581351034,0.6804487168789564,0.46301045630221815,1.1667566155801303,3.222436966024316,0.09000000000000001,3.1324369660243163,Moderate_Fault,Moderate_Fault_024_window_002.csv
-0.5535000000000001,2.8079538368712544,7.884604749999999,2.8619865478370086,11.58,-19.61,31.189999999999998,0.39459999999999995,2.492312749235136,6.21162284,2.523357287424831,5.78,-6.16,11.940000000000001,9.3509,2.7421408041893107,7.519336189999999,9.744673775966026,19.61,-1.13,20.74,-0.0004999999999999908,1.1091802152941603,1.23028075,1.109180327989998,3.22,-4.1,7.32,-0.053899999999999997,0.4555258390036728,0.20750379000000002,0.45870360800848303,0.95,-2.85,3.8,-0.015100000000000004,0.20744394423554524,0.04303299000000001,0.20799278833651905,0.54,-0.77,1.31,10.005408229407907,3.0673721917785794,9.408772162896527,10.46503540366682,25.41056079664516,3.9185966875911076,21.491964109054052,0.9129708657497586,0.806495628191583,0.6504351982921363,1.218175274744977,4.101914187303288,0.022360679774997897,4.07955350752829,Moderate_Fault,Moderate_Fault_024_window_003.csv
0.3020999999999999,3.713075085424479,13.78692659,3.725344413607955,19.61,-5.68,25.29,0.5678,2.317089372467104,5.368903159999999,2.385644566988134,10.77,-4.47,15.239999999999998,9.751800000000001,3.6901537583141435,13.617234759999997,10.426640782150308,19.61,-11.98,31.59,-0.050999999999999976,0.9950030150708088,0.9900310000000002,0.9963091889569221,2.72,-2.8,5.52,-0.0191,0.5336592452117737,0.28479219,0.5340009363287671,1.87,-1.31,3.18,0.012300000000000009,0.33984365522987187,0.11549371000000001,0.3400661700316572,1.77,-0.8,2.5700000000000003,10.636611228306085,3.891892929908652,15.146830577872953,11.326267213870596,27.920191618253625,6.436800447427277,21.483391170826348,0.9865043747194054,0.6482616128226897,0.4202431186594749,1.1804380542832393,2.8839729541034185,0.07348469228349536,2.810488261819923,Moderate_Fault,Moderate_Fault_025_window_001.csv
0.29979999999999996,3.6875598923949697,13.59809796,3.6997267466665695,19.61,-6.63,26.24,0.6858,1.6810711942092158,2.826000359999999,1.815577594045487,5.55,-4.13,9.68,9.601800000000003,2.7504037449072816,7.564720759999999,9.987956948245222,19.61,2.48,17.13,-0.053200000000000004,0.6054153615494076,0.36652775999999987,0.607748303165052,2.02,-1.41,3.4299999999999997,0.033999999999999996,0.6801441023783121,0.462596,0.680993392038425,2.73,-1.35,4.08,-0.020599999999999997,0.30401914413404957,0.09242764,0.3047162614630208,1.02,-0.73,1.75,10.21059302258704,3.533747886748128,12.48737412709686,10.80479449133578,27.920191618253625,6.016469064160473,21.90372255409315,0.8281946939412717,0.4899546396632278,0.24005554892752337,0.9622691931055468,2.8285862192975486,0.17146428199482247,2.657121937302726,Moderate_Fault,Moderate_Fault_025_window_002.csv
-0.4113,3.1078206688932357,9.65854931,3.1349189782193734,6.59,-19.61,26.2,0.47040000000000004,2.326677424999005,5.413427840000001,2.373753146390753,11.5,-4.28,15.780000000000001,9.3604,2.8710213931630673,8.24276384,9.79080446133003,19.61,2.48,17.13,-0.040900000000000006,0.7249718546260951,0.52558419,0.7261246449474085,2.02,-1.85,3.87,0.08390000000000003,0.7604826033513193,0.5783337900000001,0.7650967259111752,2.81,-2.49,5.300000000000001,-0.0139,0.27662210685337496,0.07651979,0.2769711176278133,1.02,-0.69,1.71,10.03941039095455,3.245383182614005,10.53251200199381,10.55093706738885,28.143031108961946,3.974242066105184,24.168789042856762,0.8854908452672551,0.6365916767818143,0.40524896294788193,1.0905700344315352,2.9662602717900532,0.060000000000000005,2.906260271790053,Moderate_Fault,Moderate_Fault_025_window_003.csv
-0.2869,4.432828373623324,19.64996739,4.442102992952774,16.94,-19.61,36.55,0.5379999999999999,4.157681084450802,17.286312,4.1923449285572865,19.61,-17.17,36.78,9.5426,4.909149950857073,24.099753240000005,10.731307842010684,19.61,-12.02,31.63,-0.011199999999999998,0.6530134454971046,0.42642656,0.6531094854616645,1.6,-3.19,4.79,0.024699999999999993,0.7636353252698569,0.5831389100000001,0.7640346850765349,2.04,-4.37,6.41,-0.022500000000000006,0.1971820225071241,0.03888075,0.19846158318425258,0.69,-1.18,1.8699999999999999,11.324676082630685,4.921454523155979,24.22071462349244,12.347833939602525,28.561391772811074,2.9562137947043,25.605177978106774,0.6007747095617485,0.8299143018113357,0.6887577483509968,1.0245428248736117,5.151951086724329,0.024494897427831782,5.127456189296498,Moderate_Fault,Moderate_Fault_026_window_001.csv
-0.39250000000000007,3.83211935487401,14.685138749999998,3.852167571640673,15.66,-19.61,35.269999999999996,0.4941000000000001,4.944718818092693,24.450244190000003,4.96934392047884,19.61,-19.61,39.22,10.0179,3.763713670033894,14.16554059,10.701582172744365,19.61,-8.57,28.18,-0.042199999999999974,1.0245472951503996,1.04969716,1.0254160131380825,3.3,-3.09,6.39,-0.06650000000000002,0.6313135116564511,0.39855675000000007,0.6348062696602799,1.31,-4.37,5.68,-0.006400000000000009,0.4832194532507979,0.23350104000000005,0.48326183379199317,1.2,-1.55,2.75,11.568679063093036,4.497010088397935,20.223099735152797,12.411987552362433,28.561391772811074,2.9562137947043,25.605177978106774,0.9625074401445946,0.8726846095046592,0.7615784276662996,1.2992301566697102,5.151951086724329,0.05385164807134504,5.0980994386529845,Moderate_Fault,Moderate_Fault_026_window_002.csv
-0.2395,1.7694074573144536,3.1308027499999995,1.7855427746206474,5.47,-9.68,15.149999999999999,-0.004299999999999902,5.103717126761631,26.04792851,5.103718938186154,12.5,-19.61,32.11,9.607000000000001,1.5374878861311398,2.3638690000000007,9.7292506391808,13.8,0.79,13.010000000000002,-0.09180000000000002,1.466127811618073,2.1495307599999998,1.468998978896854,3.3,-3.28,6.58,0.02840000000000001,0.18799851063239836,0.03534344,0.19013153341831543,1.08,-0.58,1.6600000000000001,-0.046099999999999995,0.8103516458920782,0.65666979,0.8116618754136478,1.28,-1.91,3.19,10.975549739078081,1.8524945141681508,3.4317359250230934,11.13078739353151,21.883294998697064,6.161144374221399,15.722150624475665,1.511899342141166,0.753036107522813,0.5670633792331096,1.6890538771750296,3.432346136391258,0.08306623862918075,3.3492798977620772,Moderate_Fault,Moderate_Fault_026_window_003.csv
-0.40350000000000014,1.2363918270516023,1.5286647499999995,1.30056795285752,1.74,-3.72,5.46,-0.23299999999999998,5.149318498597655,26.515481,5.1545872773676065,12.73,-15.07,27.8,9.629999999999999,1.842390838014562,3.3944039999999998,9.804657260710341,17.13,0.97,16.16,-0.0486,1.5017776266811276,2.25533604,1.5025638089612037,2.65,-2.99,5.640000000000001,-0.015500000000000005,0.2977629090400616,0.08866275,0.2981660611136016,1.9,-0.75,2.65,-0.04200000000000001,0.6684354867898622,0.44680600000000004,0.6697536860667509,1.43,-1.8,3.23,10.952156871568874,2.1077976327310535,4.442810860546634,11.153140858072224,17.874658038687063,4.877653124198153,12.99700491448891,1.4751143413009373,0.7868981383179794,0.6192086800883019,1.671876490653541,3.2198602454143876,0.044721359549995794,3.1751388858643916,Moderate_Fault,Moderate_Fault_027_window_001.csv
-0.3496,1.086582642968311,1.18066184,1.1414385660209665,2.28,-3.72,6.0,-0.3041,4.713889497007752,22.220754189999997,4.723688283534383,11.21,-15.07,26.28,9.766,1.3448003569303513,1.8084880000000003,9.858156217062094,17.13,6.45,10.68,-0.0475,1.383085228754902,1.9129247499999997,1.383900646722878,2.65,-2.99,5.640000000000001,-0.019000000000000003,0.20152171098916366,0.04061100000000001,0.20241541443279462,0.44,-0.75,1.19,-0.045200000000000004,0.6244333110909444,0.38991696000000003,0.626067089056756,1.51,-1.31,2.8200000000000003,10.867803988316076,1.6401809264654967,2.6901934715412152,10.99087607973086,17.874658038687063,8.321562353308423,9.55309568537864,1.3468432642292185,0.730839395216476,0.5341262216003845,1.532355376536396,3.2198602454143876,0.044721359549995794,3.1751388858643916,Moderate_Fault,Moderate_Fault_027_window_002.csv
-0.17420000000000002,1.4367784658742626,2.06433236,1.4473002452843018,4.22,-5.31,9.53,0.07259999999999998,4.375445033365177,19.14451924,4.376047303217825,12.22,-8.19,20.41,9.613400000000002,0.8881781578039396,0.7888604399999999,9.654342028331088,12.19,6.45,5.739999999999999,-0.06450000000000002,1.273683928610234,1.6222707499999998,1.2753160392624254,2.27,-2.27,4.54,0.03270000000000001,0.16167779686772082,0.026139709999999997,0.16495150802584377,0.48,-0.47,0.95,0.007699999999999992,0.741758525397585,0.5502057099999998,0.741798490157536,1.75,-1.82,3.5700000000000003,10.648123247298113,1.0335663067019472,1.0682593103495037,10.698167506634022,15.457962349546593,8.68420405103427,6.773758298512323,1.36228980290399,0.5899758409492785,0.34807149290380834,1.4845554890269343,2.5072893730082293,0.0806225774829855,2.426666795525244,Moderate_Fault,Moderate_Fault_027_window_003.csv
-0.27149999999999996,1.584704625474413,2.5112887499999994,1.607793830066529,4.22,-5.31,9.53,0.19899999999999995,3.952807230311137,15.624685000000001,3.9578132851361243,14.57,-8.63,23.200000000000003,9.7214,0.9579864508436431,0.9177380399999998,9.76848790755253,12.48,5.99,6.49,-0.07569999999999999,1.099142624958199,1.2081145100000001,1.1017463410422565,2.2,-2.27,4.470000000000001,0.005400000000000004,0.1596710368225872,0.025494840000000005,0.1597623234683322,0.48,-0.47,0.95,-0.0037000000000000084,0.7561847062722175,0.5718153099999999,0.7561937582392492,2.31,-2.1,4.41,10.587207378414552,1.2584446457609901,1.583682926444504,10.661737334975008,16.413930059556122,7.459416867289292,8.95451319226683,1.1707142827272319,0.6637967069957961,0.44062606821846273,1.3458075642527798,2.6467149449836866,0.066332495807108,2.5803824491765788,Moderate_Fault,Moderate_Fault_027_window_004.csv
-0.1402,1.474947443131449,2.1754699599999996,1.4815957613330297,5.44,-4.87,10.31,0.17659999999999998,3.880178660835091,15.055786439999999,3.8841954121799795,10.49,-9.86,20.35,9.6965,1.9633829860727632,3.85487275,9.89327978983714,19.61,-0.68,20.29,-0.035100000000000006,1.2165948339525365,1.48010299,1.2171010640041358,2.99,-2.46,5.45,0.0702,0.33062056802322504,0.10930995999999998,0.3379911241438154,1.75,-0.51,2.26,-0.000800000000000003,0.758190846687033,0.57485336,0.7581912687442397,1.6,-1.51,3.1100000000000003,10.568826347978726,1.8598372580068945,3.458994626270604,10.731220107704436,20.457609831062864,4.024649053023133,16.43296077803973,1.2757865197925953,0.7367467379741139,0.5427957559154977,1.4732369123803544,3.1293929123713435,0.06480740698407861,3.064585505387265,Moderate_Fault,Moderate_Fault_028_window_001.csv
-0.27490000000000003,1.3922646982524551,1.9384009899999999,1.419144460581797,5.44,-5.24,10.68,0.2510000000000001,3.3990258898690375,11.553377000000001,3.4082807982911265,10.49,-7.18,17.67,9.683700000000002,1.8112110064815747,3.280485309999999,9.851625804911594,19.61,-0.68,20.29,-0.073,1.1863047669127862,1.407319,1.1885486948375317,2.0,-2.46,4.46,0.0745,0.29701641368786336,0.08821874999999998,0.30621724314610377,1.75,-0.38,2.13,-0.026099999999999995,0.783433334751592,0.6137677900000001,0.7838679735771835,1.57,-1.51,3.08,10.389666016030642,1.6552099792286183,2.739720075338003,10.520688190417962,20.457609831062864,4.024649053023133,16.43296077803973,1.296761273550533,0.662779148298738,0.43927619941960044,1.4563193331134487,2.6378210705049727,0.06480740698407861,2.5730136635208942,Moderate_Fault,Moderate_Fault_028_window_002.csv
-0.3568,1.3223319401723606,1.7485617599999994,1.3696233058764735,3.14,-5.24,8.38,0.013900000000000017,3.3734960782547234,11.38047579,3.3735247145974787,5.6,-7.18,12.78,9.703299999999999,0.8127472608382017,0.6605581099999999,9.737278315833434,12.28,7.14,5.14,-0.06409999999999998,1.2489412276004024,1.5598541900000003,1.2505850630804767,2.0,-2.37,4.37,0.0149,0.17694911697999513,0.031310990000000004,0.17757533612526263,0.91,-0.55,1.46,-0.008599999999999976,0.7939269739717879,0.63032004,0.7939735511967637,1.59,-1.43,3.02,10.361634323790922,0.8412253800485625,0.7076601400378485,10.395726333450684,13.291094763035886,8.416370951900824,4.874723811135063,1.3700554188597958,0.5906252189442215,0.3488381492529096,1.4919416878685308,2.5470374948162817,0.07348469228349536,2.473552802532786,Moderate_Fault,Moderate_Fault_028_window_003.csv
-0.32909999999999995,1.242933702978562,1.5448841900000005,1.2857647529777754,2.85,-4.29,7.140000000000001,0.08409999999999998,4.003521723433008,16.02818619,4.00440494955243,10.23,-9.97,20.200000000000003,9.8407,1.162845006868929,1.3522085099999999,9.909166715723376,15.01,7.42,7.59,-0.06129999999999999,1.303601668455514,1.69937731,1.3050421449133358,2.8,-3.14,5.9399999999999995,0.0183,0.18021129265392888,0.03247611,0.18113806888669204,0.84,-0.5,1.3399999999999999,-0.0212,0.8635511334020702,0.7457205600000001,0.8638113219910931,1.64,-2.79,4.43,10.687891580842637,1.2841372808827918,1.6490085561530503,10.76475893831348,16.39695703476715,8.122173354466154,8.274783680300997,1.4533285368376234,0.6082369308200646,0.369952164013412,1.5754732622294803,3.4146156445491784,0.5193264869039514,2.895289157645227,Moderate_Fault,Moderate_Fault_029_window_001.csv
-0.18369999999999997,1.2070572935863484,1.4569873100000001,1.2209557731547855,2.47,-3.3,5.77,-0.008400000000000036,3.5987169157909595,12.950763439999998,3.5987267192716925,7.86,-8.21,16.07,9.8848,1.014321921285348,1.02884896,9.93670569152574,15.01,7.57,7.4399999999999995,-0.0667,1.1373918014475046,1.2936601099999998,1.1393458649593633,2.4,-2.46,4.859999999999999,0.04039999999999999,0.18203252456635327,0.03313584000000001,0.18646179233290663,0.75,-0.51,1.26,0.005700000000000004,0.6821748382929409,0.46536251000000006,0.6821986514205375,1.64,-1.71,3.3499999999999996,10.575530926854082,1.1566471437533565,1.3378326151527977,10.638594221042553,16.39695703476715,8.102653886227648,8.294303148539504,1.210746641888057,0.5765106843388008,0.3323645691567924,1.3409966442911034,2.598576533412091,0.033166247903554,2.565410285508537,Moderate_Fault,Moderate_Fault_029_window_002.csv
-0.1491,1.2335688833624168,1.52169219,1.242546981003133,3.2,-3.34,6.54,0.00970000000000002,3.643404851234625,13.27439891,3.643417763584077,9.48,-8.21,17.69,9.693400000000002,0.9358303478729465,0.8757784400000002,9.738469181550046,13.14,6.65,6.49,-0.0537,1.1239009342464308,1.26315331,1.1251830962114566,2.4,-2.69,5.09,0.025999999999999995,0.21813298695979022,0.047582000000000006,0.2196770356682737,0.75,-1.33,2.08,-0.003999999999999996,0.6195256249744637,0.38381199999999993,0.6195385379457843,1.3,-1.71,3.01,10.409694399079617,1.1377436080991599,1.2944605177704946,10.471685537677303,14.227990019676005,6.771070816348032,7.456919203327973,1.130218630627317,0.6486361437531156,0.42072884698291246,1.303120485603691,2.7739322270019504,0.033166247903554,2.7407659790983963,Moderate_Fault,Moderate_Fault_029_window_003.csv
-0.358,1.6455345635993186,2.7077839999999997,1.6840273156929493,5.33,-8.81,14.14,-0.2825,4.020912676246526,16.16773875,4.030824357374059,10.18,-11.82,22.0,9.8032,1.1850872372952126,1.4044317599999996,9.874571484373385,17.54,7.25,10.29,-0.0373,1.185043336760306,1.40432771,1.185630212165665,2.31,-2.05,4.359999999999999,0.0381,0.1971735022765483,0.038877390000000005,0.20082081565415474,0.72,-0.45,1.17,-0.019399999999999994,0.5368571877138276,0.28821564,0.537207594883021,1.17,-1.68,2.8499999999999996,10.658877180035084,1.7259757416972514,2.978992260927377,10.797715267592492,20.033666663893555,7.748503081240918,12.285163582652636,1.1899699256284022,0.5644568859531565,0.3186115760999347,1.3170573260112863,2.409937758532365,0.07874007874011811,2.331197679792247,Moderate_Fault,Moderate_Fault_030_window_001.csv
-0.43310000000000004,1.3009601800208954,1.6924973900000004,1.3711575401827465,1.92,-8.81,10.73,-0.36510000000000004,4.542046123720013,20.630182989999998,4.556696281298546,12.32,-13.68,26.0,9.8297,1.1194985082616233,1.2532769099999999,9.893244108986698,17.54,7.4,10.139999999999999,-0.01700000000000002,1.3791435748318592,1.902037,1.3792483460203968,2.5,-2.91,5.41,0.002700000000000002,0.15301539138269718,0.023413709999999997,0.15303921066184314,0.45,-0.45,0.9,-0.0526,0.5505572086531971,0.30311324,0.5530641915727323,0.97,-1.68,2.65,10.842522604249293,1.7203303683720614,2.9595365763431527,10.978152531277747,20.033666663893555,8.115275719283973,11.918390944609582,1.3386332102747756,0.6630898342980754,0.4396881283494492,1.4938631128721267,3.067670125681704,0.07874007874011811,2.9889300469415856,Moderate_Fault,Moderate_Fault_030_window_002.csv
-0.3189,1.3053106105444787,1.7038357899999996,1.3437012316731722,3.29,-3.74,7.03,-0.42579999999999996,4.618446747554853,21.33005036,4.638033635065619,12.32,-13.68,26.0,9.743299999999998,1.1130058894722883,1.2387821099999998,9.806664927486816,13.28,5.73,7.549999999999999,-0.06849999999999999,1.5614995196925294,2.43828075,1.5630012795900072,2.95,-3.03,5.98,0.022099999999999998,0.19834966599417303,0.03934259,0.1995770527891421,0.74,-0.45,1.19,0.015000000000000008,0.7374693213958124,0.543861,0.7376218543400135,1.53,-1.94,3.4699999999999998,10.817594062594148,1.5707401748627376,2.4672246969278233,10.9310368218207,15.921821503835545,7.825873753134534,8.095947750701011,1.580694512645777,0.7268389489367849,0.5282948576915302,1.7397959650487755,3.3715723334966436,0.21236760581595301,3.1592047276806907,Moderate_Fault,Moderate_Fault_030_window_003.csv
-0.20620000000000008,1.6910533876847296,2.85966156,1.7035785863880777,7.92,-5.19,13.11,-0.22649999999999998,4.168546599235758,17.376780750000005,4.174695557762266,12.31,-12.24,24.55,9.789800000000001,1.3383362656671904,1.7911439600000005,9.88085664302443,13.38,5.73,7.65,-0.04939999999999995,1.4492900468850258,2.10044164,1.4501317181552855,3.18,-3.03,6.21,0.04089999999999999,0.22917720218206697,0.05252219,0.23279819586929795,0.89,-0.45,1.34,0.019800000000000012,0.904534112126237,0.81818196,0.9047507944179988,1.77,-2.1,3.87,10.744827340688794,1.5843851863693132,2.5102764187865234,10.861012429787564,15.960031328290054,7.825873753134534,8.13415757515552,1.5423749948814858,0.7724832523520079,0.5967303751643359,1.725007536215422,3.4686020238707123,0.07141428428542851,3.397187739585284,Moderate_Fault,Moderate_Fault_030_window_004.csv
0.49280000000000007,0.04315275194005593,0.0018621600000000007,0.49468575884090293,0.6,0.35,0.25,0.206,0.036578682316343765,0.001338,0.2092223697409051,0.3,0.13,0.16999999999999998,9.8588,0.048109874246354094,0.002314560000000005,9.858917384784194,9.96,9.75,0.21000000000000085,-0.0576,0.005851495535331116,3.4239999999999984e-05,0.05789645930452051,-0.05,-0.08,0.03,0.030199999999999994,0.007208328516376039,5.195999999999999e-05,0.031048349392520047,0.04,0.0,0.04,-0.0098,0.0014000000000000002,1.9600000000000007e-06,0.009899494936611665,-0.0,-0.01,0.01,9.87341815889674,0.048516590648066765,0.0023538595681120798,9.87353736003465,9.973369540932493,9.760297126624783,0.2130724143077103,0.06625250416957978,0.004960412408239381,2.4605691259815216e-05,0.06643794096749236,0.0806225774829855,0.05477225575051661,0.025850321732468887,Normal,normal_001_window_001.csv
0.5204,0.03616407056734627,0.0013078400000000007,0.5216550584437958,0.62,0.44,0.18,0.20839999999999997,0.03161392098427526,0.0009994399999999999,0.21078424988599123,0.29,0.13,0.15999999999999998,9.866999999999999,0.05072474741188955,0.002572999999999996,9.867130383247199,9.97,9.73,0.2400000000000002,-0.05689999999999999,0.004624932431938869,2.1389999999999987e-05,0.05708765190476833,-0.05,-0.06,0.009999999999999995,0.032299999999999995,0.0042083250825001636,1.7710000000000005e-05,0.032572994949804666,0.04,0.03,0.010000000000000002,-0.0098,0.0014000000000000004,1.960000000000001e-06,0.009899494936611665,-0.0,-0.01,0.01,9.88302802914516,0.050724502275494306,0.002572975131096627,9.883158199684956,9.98859850029022,9.74593761523231,0.2426608850579104,0.066307021206934,0.004623736439634448,2.137893866320344e-05,0.06646803743153547,0.07280109889280519,0.05830951894845301,0.014491579944352177,Normal,normal_001_window_002.csv
0.5597000000000001,0.05622197079434337,0.003160909999999999,0.5625166664197604,0.71,0.46,0.24999999999999994,0.13509999999999997,0.11569351753663643,0.013384990000000001,0.17786792853125605,0.28,-0.15,0.43000000000000005,9.862200000000001,0.04848876158451561,0.0023511599999999967,9.862319199863691,9.97,9.73,0.2400000000000002,-0.06299999999999999,0.019621416870348584,0.0003850000000000001,0.06598484674529448,-0.05,-0.18,0.13,0.030600000000000002,0.010180373274099529,0.00010363999999999998,0.0322490309931942,0.04,-0.05,0.09,-0.0101,0.001729161646579058,2.989999999999999e-06,0.010246950765959597,-0.0,-0.02,0.02,9.87983124266363,0.04833856108369281,0.0023366164876419014,9.879949493798032,9.98859850029022,9.74593761523231,0.2426608850579104,0.07182381967399207,0.018448277085892636,0.0003403389274378713,0.07415524256584966,0.18055470085267789,0.05916079783099616,0.12139390302168172,Normal,normal_001_window_003.csv
-0.2002,0.12329622865278564,0.015201959999999999,0.23512124531824002,0.18,-0.5,0.6799999999999999,0.39080000000000004,0.0470888521839299,0.00221736,0.3936267267348598,0.51,0.27,0.24,9.879199999999999,0.050629635590235186,0.0025633600000000093,9.87932973434939,9.98,9.75,0.23000000000000043,-0.0573,0.0077272245987806,5.971000000000001e-05,0.057818682101895065,-0.04,-0.07,0.030000000000000006,0.03499999999999999,0.019723082923316024,0.00038900000000000013,0.04017461885320134,0.1,-0.05,0.15000000000000002,-0.005900000000000001,0.004918333050943175,2.4189999999999997e-05,0.007681145747868609,-0.0,-0.01,0.01,9.889842108735449,0.04902105958843586,0.0024030642831729798,9.889963599528564,9.989679674544124,9.76941144593675,0.22026822860737383,0.0700484286177452,0.01045072476839078,0.0001092176481846565,0.07082372483850309,0.12247448713915891,0.05,0.07247448713915891,Normal,normal_002_window_001.csv
-0.1664,0.12998092167699074,0.01689504,0.21114923632350652,0.18,-0.59,0.77,0.38620000000000004,0.05952780862756498,0.00354356,0.39076079639595374,0.52,0.18,0.34,9.8923,0.05614009262550248,0.003151709999999998,9.892459299891001,10.09,9.76,0.33000000000000007,-0.0572,0.010303397497913008,0.00010616000000000004,0.05812056434688156,-0.01,-0.07,0.060000000000000005,0.0359,0.024539559898254085,0.0006021900000000001,0.0434856298103178,0.1,-0.05,0.15000000000000002,-0.0069,0.011549458861782226,0.00013339,0.01345362404707371,0.01,-0.11,0.12,9.902276964741068,0.05422096972961541,0.002939913558419871,9.902425409969014,10.097182775408198,9.774180272534368,0.32300250287383037,0.07264833367185422,0.013123247109726056,0.00017221961470293326,0.073824115301167,0.12247448713915891,0.04123105625617661,0.0812434308829823,Normal,normal_002_window_002.csv
-0.12050000000000002,0.14062983325027445,0.019776749999999996,0.1851944923587092,0.27,-0.63,0.9,0.3782,0.06714730076481108,0.00450876,0.3841145662429375,0.54,0.15,0.39,9.8967,0.06125446922470231,0.003752110000000003,9.89688956187751,10.09,9.77,0.3200000000000003,-0.05800000000000001,0.010295630140987003,0.00010600000000000006,0.05890670590009257,-0.01,-0.08,0.07,0.0317,0.022629847546989792,0.00051211,0.03894868418830089,0.09,-0.01,0.09999999999999999,-0.005900000000000001,0.011670047129296438,0.00013619,0.01307669683062202,0.01,-0.11,0.12,9.905894357521944,0.05933782617292924,0.0035209776149287657,9.906072077266549,10.097182775408198,9.779994887524225,0.3171878878839731,0.07080452760786236,0.012029915636755584,0.0001447188702274565,0.0718192174839019,0.11224972160321824,0.04123105625617661,0.07101866534704163,Normal,normal_002_window_003.csv
-0.072,0.14768209099278087,0.021810000000000006,0.1642985088185526,0.3,-0.63,0.9299999999999999,0.3594,0.08709557968117555,0.00758564,0.36980265007162944,0.61,-0.26,0.87,9.9014,0.08712083562500995,0.007590040000000003,9.901783273734079,10.47,9.77,0.7000000000000011,-0.0577,0.008928045698807776,7.971000000000002e-05,0.058386642307980005,-0.04,-0.08,0.04,0.030600000000000002,0.019688575367456124,0.0003876400000000001,0.03638681079732051,0.12,-0.01,0.13,-0.006000000000000001,0.005099019513592784,2.6e-05,0.007874007874011811,-0.0,-0.02,0.02,9.909672013185741,0.08637471321669397,0.007460591083266129,9.910048435804942,10.475977281380484,9.779994887524225,0.6959823938562586,0.0684038406549821,0.01076636352942898,0.00011591458364781846,0.06924593850905626,0.1268857754044952,0.04123105625617661,0.08565471914831858,Normal,normal_002_window_004.csv
0.0582,0.15299267956343532,0.023406760000000002,0.16368872899500442,0.71,-0.39,1.1,0.3886,0.09485799913554997,0.008998039999999999,0.40000999987500313,0.67,0.12,0.55,9.9024,0.06822199058954524,0.00465424,9.902635002866662,10.12,9.7,0.41999999999999993,-0.05760000000000001,0.019396906969926932,0.00037623999999999996,0.060778285596090977,0.01,-0.13,0.14,0.034100000000000005,0.024045581714735042,0.0005781900000000001,0.041725292090050124,0.13,-0.05,0.18,-0.006599999999999999,0.014506550244630871,0.00021044,0.01593737745050923,0.09,-0.07,0.16,9.911830950965628,0.06774363054809286,0.0045891994798365,9.912062449359366,10.122470054290108,9.720704706964408,0.4017653473256999,0.07344788434852,0.017158329893274402,0.00029440828472643396,0.07542545989253231,0.1407124727947029,0.03162277660168379,0.1090896961930191,Normal,normal_003_window_001.csv
0.0575,0.12982584488459917,0.01685475,0.14198943622678414,0.38,-0.36,0.74,0.3968,0.07756133057136139,0.0060157599999999985,0.4043092875510035,0.58,0.04,0.5399999999999999,9.901900000000001,0.062156174270944275,0.0038633899999999948,9.90209508134516,10.16,9.78,0.3800000000000008,-0.05739999999999999,0.01622467256988566,0.0002632400000000001,0.05964897316802696,-0.01,-0.12,0.11,0.034199999999999994,0.021687784580265455,0.00047036,0.04049691346263317,0.09,-0.04,0.13,-0.0054,0.006232174580353154,3.884e-05,0.008246211251235322,0.02,-0.02,0.04,9.911166015329318,0.06246772431566294,0.0039022165811776676,9.911362872985734,10.173190256748372,9.787180390694758,0.3860098660536142,0.07059471868216233,0.01680433557705756,0.00028238569418636254,0.07256721022610695,0.1392838827718412,0.04,0.09928388277184119,Normal,normal_003_window_002.csv
0.062,0.14156977078458524,0.020042000000000004,0.1545509624686951,0.38,-0.39,0.77,0.39590000000000003,0.08176912620298689,0.006686189999999998,0.40425610694212155,0.59,0.04,0.5499999999999999,9.9059,0.06222692343351074,0.0038721900000000076,9.906095446743889,10.16,9.73,0.4299999999999997,-0.0577,0.01782442144923644,0.0003177100000000001,0.060390396587537,-0.01,-0.12,0.11,0.033699999999999994,0.02472468402224789,0.0006113100000000002,0.04179712908801273,0.09,-0.05,0.14,-0.0051,0.012206145992900461,0.00014899,0.013228756555322954,0.08,-0.06,0.14,9.915350596837119,0.062117161894066505,0.0038585418017736683,9.915545169076687,10.173190256748372,9.75168703353425,0.42150322321412226,0.07247406491548039,0.017790725522775514,0.00031650991462673603,0.07462573282722254,0.14177446878757824,0.04,0.10177446878757823,Normal,normal_003_window_003.csv
0.04160000000000001,0.1454215939948397,0.02114744,0.15125475199146637,0.34,-0.39,0.73,0.4089999999999999,0.07842831121476479,0.006151,0.41645167786911363,0.6,0.19,0.41,9.896499999999998,0.05568437841980467,0.003100750000000008,9.896656657679905,10.04,9.73,0.3099999999999987,-0.0579,0.014580466384858888,0.00021259000000000002,0.05970762095411272,-0.01,-0.11,0.1,0.0337,0.021755688911179075,0.0004733100000000001,0.04011234224026316,0.08,-0.05,0.13,-0.004900000000000001,0.012449497981846497,0.00015498999999999998,0.013379088160259652,0.08,-0.06,0.14,9.906420080909898,0.05444428845278118,0.0029641805451296422,9.9065696888479,10.049900497019857,9.75168703353425,0.29821346348560773,0.07162940094623883,0.014907344501384666,0.00022222892008296364,0.07316419889536138,0.14177446878757824,0.04123105625617661,0.10054341253140163,Normal,normal_003_window_004.csv
0.5615,0.02981191037152767,0.000888749999999999,0.5622908500055821,0.62,0.49,0.13,-0.06199999999999999,0.031496031496047246,0.000992,0.06954135460285485,0.03,-0.15,0.18,9.8805,0.04916045158458172,0.002416750000000003,9.880622298215837,9.98,9.76,0.22000000000000064,-0.0579,0.004073082370883259,1.6589999999999985e-05,0.0580430874437258,-0.05,-0.06,0.009999999999999995,0.03149999999999999,0.003570714214271426,1.2750000000000007e-05,0.03170173496829471,0.04,0.03,0.010000000000000002,-0.009,0.003,9e-06,0.009486832980505138,-0.0,-0.01,0.01,9.896729723155309,0.04944478551144266,0.0024447868142725695,9.896853237266884,9.998269850329105,9.77356639103659,0.224703459292515,0.06669009442163638,0.004053554740375817,1.643130603322326e-05,0.06681317235396027,0.07280109889280519,0.05916079783099616,0.013640301061809024,Normal,normal_004_window_001.csv
0.5635999999999999,0.03309138860791428,0.001095039999999999,0.5645706333134942,0.66,0.47,0.19000000000000006,-0.06120000000000001,0.032993332659796586,0.0010885600000000001,0.06952697318307478,0.03,-0.16,0.19,9.8858,0.05316352132806858,0.0028263600000000026,9.88594294946112,10.0,9.76,0.2400000000000002,-0.057699999999999994,0.00420832508250016,1.770999999999998e-05,0.057853262656482905,-0.05,-0.06,0.009999999999999995,0.0314,0.0034698703145794956,1.2040000000000008e-05,0.031591137997862624,0.04,0.03,0.010000000000000002,-0.0087,0.003363034344160047,1.1309999999999997e-05,0.009327379053088815,-0.0,-0.01,0.01,9.902152418347073,0.05309881188101073,0.002819483823174967,9.902294784543631,10.015358206275002,9.77356639103659,0.2417918152384111,0.06644821612545475,0.004078550446525966,1.6634573744857156e-05,0.06657326790837295,0.07280109889280519,0.05830951894845301,0.014491579944352177,Normal,normal_004_window_002.csv
0.565,0.032695565448543615,0.0010689999999999992,0.5659452270317332,0.66,0.47,0.19000000000000006,-0.06420000000000002,0.031246759832020982,0.00097636,0.07140028011149537,0.01,-0.16,0.17,9.8893,0.050443136302176915,0.0025445099999999985,9.889428648814855,10.0,9.76,0.2400000000000002,-0.0574,0.00438634243989226,1.9239999999999985e-05,0.05756735185849701,-0.05,-0.06,0.009999999999999995,0.0313,0.003363034344160048,1.1310000000000004e-05,0.031480152477394385,0.04,0.03,0.010000000000000002,-0.0086,0.003469870314579495,1.2040000000000005e-05,0.009273618495495704,-0.0,-0.01,0.01,9.905740004577439,0.0500595816420301,0.002505961714175077,9.905866494153857,10.015358206275002,9.777141709109058,0.2382164971659435,0.06613673838692138,0.004114831167851181,1.6931835539919517e-05,0.06626462102811725,0.07280109889280519,0.05830951894845301,0.014491579944352177,Normal,normal_004_window_003.csv
0.5651999999999999,0.10806923706587368,0.011678960000000006,0.5754389628796438,1.02,0.13,0.89,-0.0596,0.13313842420578664,0.017725839999999996,0.14586980496319313,0.66,-0.48,1.1400000000000001,9.8779,0.06223013739338846,0.0038725900000000047,9.87809602099514,10.14,9.66,0.4800000000000004,-0.0564,0.0065604877867426895,4.303999999999999e-05,0.056780278266313565,-0.04,-0.08,0.04,0.0343,0.01601592957027471,0.00025650999999999994,0.0378549864614954,0.15,-0.0,0.15,-0.008899999999999998,0.0031288975694324034,9.790000000000001e-06,0.009433981132056603,-0.0,-0.01,0.01,9.895709802535817,0.06415998750444546,0.004116503996570597,9.895917794727279,10.156249307692285,9.710849602377746,0.4453997053145393,0.06774916124254785,0.012492043505017609,0.00015605115093125264,0.06889121859859935,0.16583123951776998,0.050990195135927854,0.11484104438184213,Normal,normal_005_window_001.csv
0.5700999999999999,0.09722648816037736,0.00945299,0.5783312199769264,1.02,0.13,0.89,-0.06329999999999998,0.12632541312024276,0.015958110000000005,0.1412975583653164,0.66,-0.48,1.1400000000000001,9.876,0.053009433122794276,0.002809999999999999,9.876142263049879,10.0,9.66,0.33999999999999986,-0.057300000000000004,0.005975784467331464,3.570999999999999e-05,0.0576107628833363,-0.04,-0.08,0.04,0.0341,0.01569044295104507,0.00024618999999999997,0.03753664875824692,0.15,-0.0,0.15,-0.008899999999999998,0.0031288975694324034,9.790000000000003e-06,0.009433981132056603,-0.0,-0.01,0.01,9.893919836669209,0.05448179111893893,0.002968265563527693,9.894069840060764,10.073529669386,9.710849602377746,0.36268006700825417,0.06831188932637872,0.012267264432651094,0.00015048577666058654,0.06940461079784253,0.16583123951776998,0.050990195135927854,0.11484104438184213,Normal,normal_005_window_002.csv
0.5602,0.03337603930966044,0.0011139599999999991,0.5611933713079654,0.64,0.49,0.15000000000000002,-0.0729,0.02940391130445064,0.00086459,0.07860661549767933,0.0,-0.14,0.14,9.8771,0.04470559249132029,0.0019985899999999932,9.877201172396965,9.99,9.8,0.1899999999999995,-0.0574,0.00438634243989226,1.9239999999999985e-05,0.05756735185849702,-0.05,-0.06,0.009999999999999995,0.0315,0.0035707142142714257,1.2750000000000005e-05,0.03170173496829471,0.04,0.03,0.010000000000000002,-0.009399999999999999,0.002374868417407584,5.640000000000002e-06,0.009695359714832659,-0.0,-0.01,0.01,9.893344147592844,0.04428969733955348,0.0019615772904292505,9.893443283306373,10.007587121779155,9.816170332670477,0.19141678910867732,0.06630897141048375,0.004015010645521189,1.6120310483648474e-05,0.06643041472096949,0.07280109889280519,0.05830951894845301,0.014491579944352177,Normal,normal_005_window_003.csv
0.562,0.03544009029333869,0.001255999999999999,0.5631163290120434,0.65,0.45,0.2,-0.06960000000000001,0.03652177432710519,0.00133384,0.07860025445251434,0.01,-0.17,0.18000000000000002,9.8829,0.050265196707065654,0.002526590000000004,9.88302782551987,10.0,9.76,0.2400000000000002,-0.05689999999999999,0.004624932431938869,2.1389999999999987e-05,0.05708765190476833,-0.05,-0.06,0.009999999999999995,0.0319,0.003923009049186608,1.539000000000001e-05,0.03214031735997639,0.04,0.03,0.010000000000000002,-0.009399999999999999,0.0023748684174075834,5.64e-06,0.009695359714832659,-0.0,-0.01,0.01,9.89924127007222,0.050391238314673854,0.002539276898886254,9.899369525378876,10.016476426368706,9.775735266464615,0.24074115990409162,0.06606598280615379,0.004613666205632062,2.128591585699135e-05,0.06622688275919379,0.07280109889280519,0.05916079783099616,0.013640301061809024,Normal,normal_006_window_001.csv
0.5650999999999999,0.03477053350180292,0.0012089899999999992,0.5661687027732988,0.67,0.45,0.22000000000000003,-0.0713,0.03801723293455219,0.00144531,0.08080222769206305,0.01,-0.17,0.18000000000000002,9.8838,0.05104468630523663,0.0026055600000000124,9.883931808748986,10.01,9.76,0.25,-0.05710000000000001,0.00453762052181537,2.0589999999999984e-05,0.05728001396647874,-0.05,-0.06,0.009999999999999995,0.031799999999999995,0.0038418745424597103,1.4760000000000008e-05,0.03203123475609393,0.04,0.03,0.010000000000000002,-0.0092,0.0027129319932501068,7.359999999999998e-06,0.00959166304662544,-0.0,-0.01,0.01,9.900332079136893,0.05107565773430896,0.002608722812992274,9.900463827518385,10.027287768883468,9.775735266464615,0.2515525024188534,0.06617132909412969,0.004511674402745071,2.0355205916385093e-05,0.06632495759516172,0.07280109889280519,0.05830951894845301,0.014491579944352177,Normal,normal_006_window_002.csv
0.5713,0.0335754374506126,0.0011273099999999992,0.5722857677769037,0.67,0.5,0.17000000000000004,-0.0748,0.032786582621554206,0.0010749600000000002,0.08167006795638167,-0.01,-0.16,0.15,9.882900000000001,0.04811018603165036,0.0023145900000000057,9.883017100056035,10.01,9.76,0.25,-0.05619999999999999,0.0048538644398046366,2.3559999999999978e-05,0.05640921910468182,-0.05,-0.06,0.009999999999999995,0.031200000000000002,0.003249615361854384,1.056e-05,0.03136877428271624,0.04,0.03,0.010000000000000002,-0.0093,0.002551470164434615,6.510000000000001e-06,0.009643650760992955,-0.0,-0.01,0.01,9.899791874607658,0.04825805064627517,0.0023288394521784593,9.899909494535796,10.031126556872861,9.77875247667104,0.2523740802018217,0.06510603649262851,0.004494887342361923,2.020401222052543e-05,0.06526101439603893,0.07280109889280519,0.05830951894845301,0.014491579944352177,Normal,normal_006_window_003.csv
0.5613,0.030680775739866797,0.0009413099999999989,0.5621378834414205,0.66,0.48,0.18000000000000005,-0.0693,0.03181996228784691,0.0010125099999999999,0.07625614729318549,0.01,-0.15,0.16,9.877400000000002,0.049287320884787406,0.0024292400000000005,9.877522968841935,10.0,9.73,0.2699999999999996,-0.0558,0.004935585071701224,2.4359999999999973e-05,0.056017854296643674,-0.05,-0.06,0.009999999999999995,0.03169999999999999,0.00375632799419859,1.4110000000000004e-05,0.031921779399024734,0.04,0.03,0.010000000000000002,-0.0092,0.002712931993250107,7.359999999999999e-06,0.00959166304662544,-0.0,-0.01,0.01,9.893678368577412,0.04901366282337705,0.002402339143363693,9.89379977561705,10.01404014371822,9.74493714705231,0.2691029966659091,0.0650258044588154,0.004543649907717817,2.0644754483904126e-05,0.06518435395092906,0.07280109889280519,0.05916079783099616,0.013640301061809024,Normal,normal_007_window_001.csv
0.562,0.032031234756093915,0.001025999999999999,0.5629120712864488,0.65,0.48,0.17000000000000004,-0.0704,0.02856291301670752,0.0008158399999999999,0.07597367965289031,0.01,-0.14,0.15000000000000002,9.87,0.051749396131742446,0.0026780000000000003,9.870135662694814,9.98,9.73,0.25,-0.05659999999999999,0.004737087712930801,2.2439999999999968e-05,0.05679788728465171,-0.05,-0.06,0.009999999999999995,0.031799999999999995,0.0038418745424597103,1.4760000000000008e-05,0.032031234756093936,0.04,0.03,0.010000000000000002,-0.0092,0.002712931993250107,7.359999999999999e-06,0.00959166304662544,-0.0,-0.01,0.01,9.886331351413075,0.051695358272327185,0.0026724100669042665,9.886466507301789,9.995879150930147,9.74493714705231,0.25094200387783694,0.06576087076608148,0.004416772134345587,1.9507876086731675e-05,0.06590902821313632,0.07280109889280519,0.05916079783099616,0.013640301061809024,Normal,normal_007_window_002.csv
0.564,0.03295451410656815,0.001085999999999999,0.5649619456211188,0.65,0.48,0.17000000000000004,-0.0726,0.031673964071457804,0.0010032399999999999,0.0792085853932514,0.01,-0.15,0.16,9.8781,0.05283360672905084,0.0027913900000000064,9.878241290837149,9.99,9.74,0.25,-0.0561,0.004877499359302876,2.378999999999997e-05,0.05631163290120435,-0.05,-0.06,0.009999999999999995,0.03169999999999999,0.00375632799419859,1.4110000000000004e-05,0.031921779399024734,0.04,0.03,0.010000000000000002,-0.0093,0.002551470164434615,6.510000000000001e-06,0.009643650760992955,-0.0,-0.01,0.01,9.894560183755031,0.05278039455707288,0.002785770049600289,9.894700955562024,10.008246599679687,9.75659776766471,0.25164883201497723,0.06527498952661887,0.004709112687099091,2.2175742299797618e-05,0.06544463308782471,0.07280109889280519,0.05830951894845301,0.014491579944352177,Normal,normal_007_window_003.csv
0.5596,0.03171498068736601,0.0010058399999999987,0.5604979928599209,0.63,0.48,0.15000000000000002,-0.0689,0.031556140448413525,0.00099579,0.07578258375114959,0.01,-0.15,0.16,9.8865,0.04852576635149626,0.0023547500000000066,9.886619088444744,10.0,9.78,0.22000000000000064,-0.05619999999999999,0.0048538644398046366,2.3559999999999978e-05,0.056409219104681815,-0.05,-0.06,0.009999999999999995,0.031,0.0030000000000000005,9.000000000000002e-06,0.031144823004794868,0.04,0.03,0.010000000000000002,-0.0095,0.0021794494717703367,4.75e-06,0.009746794344808966,-0.0,-0.01,0.01,9.902665950962643,0.04842585719567406,0.0023450636451358177,9.902784355927377,10.016551302718915,9.795024247034817,0.22152705568409736,0.06501461762060734,0.004483246105916361,2.0099495646214218e-05,0.06516901104052447,0.07280109889280519,0.05830951894845301,0.014491579944352177,Normal,normal_007_window_004.csv
0.5631999999999999,0.03165059241151734,0.0010017599999999991,0.564088645515933,0.65,0.48,0.17000000000000004,-0.0733,0.03246706023033191,0.00105411,0.08016857239592083,-0.0,-0.13,0.13,9.88,0.045607017003965585,0.002080000000000006,9.880105262597155,9.99,9.78,0.21000000000000085,-0.055099999999999996,0.004998999899979993,2.4989999999999976e-05,0.05532630477449222,-0.05,-0.06,0.009999999999999995,0.031299999999999994,0.003363034344160048,1.1310000000000005e-05,0.031480152477394385,0.04,0.03,0.010000000000000002,-0.009099999999999999,0.0028618176042508364,8.189999999999998e-06,0.009539392014169456,-0.0,-0.01,0.01,9.896416847487231,0.045128491786085294,0.0020365807708867677,9.896519741808229,10.006747723411438,9.797009747877155,0.2097379755342832,0.06418776501205573,0.0047886138659444435,2.2930822757115386e-05,0.06436614016701639,0.07280109889280519,0.05830951894845301,0.014491579944352177,Normal,normal_008_window_001.csv
0.5619999999999999,0.03489985673323028,0.0012179999999999992,0.5630825871930334,0.66,0.47,0.19000000000000006,-0.0707,0.040180965642950886,0.0016145099999999998,0.0813203541556479,0.08,-0.19,0.27,9.8822,0.054855810995736824,0.0030091600000000007,9.882352250350117,9.98,9.55,0.4299999999999997,-0.054299999999999994,0.004950757517794622,2.450999999999997e-05,0.05452522352086235,-0.05,-0.06,0.009999999999999995,0.0323,0.0044395945760846225,1.971e-05,0.03260368077380221,0.04,0.02,0.02,-0.0092,0.0030594117081556705,9.359999999999998e-06,0.009695359714832657,-0.0,-0.02,0.02,9.898564585558889,0.05459070909399865,0.002980145519385587,9.8987151186404,9.995098798911394,9.565589370237467,0.42950942867392783,0.06407808752993671,0.004898846650566852,2.3998698505770067e-05,0.06426507605223851,0.07280109889280519,0.057445626465380296,0.015355472427424889,Normal,normal_008_window_002.csv
0.5616,0.043651345912812355,0.0019054399999999996,0.5632938842203065,0.68,0.44,0.24000000000000005,-0.0691,0.04512416204208118,0.00203619,0.08252878285786118,0.08,-0.19,0.27,9.871500000000001,0.05918403500945171,0.0035027500000000063,9.871677415718162,9.97,9.55,0.41999999999999993,-0.054899999999999984,0.004998999899979993,2.4989999999999983e-05,0.055127125809350884,-0.05,-0.06,0.009999999999999995,0.03239999999999999,0.004715930449020639,2.224000000000001e-05,0.0327414110874898,0.04,0.02,0.02,-0.0092,0.0030594117081556705,9.359999999999998e-06,0.009695359714832657,-0.0,-0.02,0.02,9.887900640274504,0.05955609170376748,0.003546928059027562,9.888079995631102,9.990090089683877,9.565589370237467,0.4245007194464101,0.06468987505259854,0.0044966727342768895,2.02200656791892e-05,0.0648459713474939,0.07280109889280519,0.057445626465380296,0.015355472427424889,Normal,normal_008_window_003.csv
0.6653000000000001,0.3870773953617028,0.14982891,0.7697096855308501,3.23,0.28,2.95,0.054799999999999995,0.7324554320912638,0.53649096,0.7345025527525414,4.58,-0.78,5.36,9.9061,0.6962828376457372,0.48480978999999996,9.930540116227315,13.95,4.61,9.34,-0.0526,0.026177089219391835,0.0006852400000000002,0.05875372328627353,0.0,-0.23,0.23,0.04150000000000001,0.04873140671066248,0.00237475,0.06400781202322105,0.36,-0.16,0.52,-0.011000000000000001,0.017058722109231983,0.0002910000000000001,0.020297783130184443,0.02,-0.16,0.18,9.967130626499602,0.6355163839694956,0.4038810742936634,9.987370725070738,14.997566469264271,6.697230770997816,8.300335698266455,0.07658253796854181,0.045783347172272726,0.0020961148782968533,0.08922443611477744,0.4313930922024598,0.048989794855663564,0.38240329734679623,Normal,normal_009_window_001.csv
0.5468,0.0315873392358394,0.0009977599999999992,0.5477116029444693,0.62,0.46,0.15999999999999998,-0.07640000000000001,0.03348193542792889,0.00112104,0.08341462701469089,0.01,-0.17,0.18000000000000002,9.884,0.046389654018972964,0.0021520000000000146,9.884108862209077,9.98,9.77,0.21000000000000085,-0.05509999999999999,0.004998999899979993,2.4989999999999976e-05,0.05532630477449222,-0.05,-0.06,0.009999999999999995,0.0313,0.003363034344160048,1.1310000000000004e-05,0.031480152477394385,0.04,0.03,0.010000000000000002,-0.009399999999999999,0.0023748684174075842,5.640000000000003e-06,0.009695359714832659,-0.0,-0.01,0.01,9.899515597892439,0.04631335751478094,0.002144927084291916,9.899623932251163,9.997669728491735,9.785719186651535,0.21195054184019924,0.06423336768127791,0.004480454923527516,2.0074476321761955e-05,0.06438944012802099,0.07280109889280519,0.05830951894845301,0.014491579944352177,Normal,normal_009_window_002.csv
0.5468000000000002,0.03355234716081722,0.001125759999999999,0.5478284402986029,0.62,0.44,0.18,-0.0753,0.02957887759871899,0.0008749100000000001,0.0809011742807235,0.01,-0.16,0.17,9.8901,0.04784339034809306,0.002288990000000004,9.89021572059983,10.0,9.73,0.2699999999999996,-0.05469999999999999,0.00499099188538711,2.4909999999999977e-05,0.054927224579437835,-0.05,-0.06,0.009999999999999995,0.0311,0.0031288975694324034,9.790000000000003e-06,0.031256999216175564,0.04,0.03,0.010000000000000002,-0.0095,0.0021794494717703367,4.75e-06,0.009746794344808964,-0.0,-0.01,0.01,9.905591320064374,0.04783931296863104,0.0022885998653106297,9.905706839998851,10.018063685163915,9.746614796943604,0.271448888220311,0.06379142367381067,0.004433313170574329,1.9654265668387814e-05,0.06394528911499267,0.07280109889280519,0.05830951894845301,0.014491579944352177,Normal,normal_009_window_003.csv
0.5424,0.07717668041578363,0.005956240000000001,0.5478631215915157,0.88,0.22,0.66,-0.07840000000000001,0.06498799889210315,0.00422344,0.10183319694480773,0.16,-0.4,0.56,9.869200000000001,0.056774642226966134,0.003223360000000006,9.869363302665477,10.01,9.74,0.2699999999999996,-0.053999999999999986,0.004898979485566353,2.3999999999999974e-05,0.054221766846903836,-0.05,-0.06,0.009999999999999995,0.0314,0.009697422337920527,9.404000000000003e-05,0.03286335345030996,0.06,-0.03,0.09,-0.0096,0.0019595917942265427,3.8400000000000005e-06,0.009797958971132713,-0.0,-0.01,0.01,9.884908733712287,0.0586116556546683,0.00343532617858141,9.885082498391201,10.048139131202353,9.750348711712828,0.2977904194895249,0.06398402194275517,0.0046952035130572905,2.2044936029025523e-05,0.06415605972938176,0.07874007874011811,0.05477225575051661,0.023967822989601498,Normal,normal_010_window_001.csv
0.5456,0.03200999843798808,0.0010246399999999994,0.5465381962864078,0.62,0.47,0.15000000000000002,-0.0823,0.032767514400698756,0.0010737100000000003,0.08858329413608415,0.01,-0.16,0.17,9.8664,0.04869332603139776,0.002371039999999999,9.866520156569893,9.97,9.75,0.22000000000000064,-0.05379999999999999,0.0048538644398046366,2.3559999999999978e-05,0.054018515344278026,-0.05,-0.06,0.009999999999999995,0.0313,0.0033630343441600472,1.131e-05,0.031480152477394385,0.04,0.03,0.010000000000000002,-0.0096,0.0019595917942265427,3.8400000000000005e-06,0.009797958971132713,-0.0,-0.01,0.01,9.881921971582438,0.048878907068777726,0.002389147556238209,9.8820428556043,9.984157450681556,9.765193290457695,0.21896416022386056,0.06311462838772652,0.004641517368187491,2.1543683479186134e-05,0.06328506932918697,0.07280109889280519,0.05830951894845301,0.014491579944352177,Normal,normal_010_window_002.csv
0.5440999999999999,0.030695113617642784,0.0009421899999999995,0.5449651364995747,0.62,0.48,0.14,-0.0811,0.02959374934002111,0.00087579,0.08633075929238662,0.01,-0.16,0.17,9.8764,0.04863167691947302,0.0023650400000000044,9.876519731160364,9.99,9.75,0.2400000000000002,-0.055099999999999996,0.004998999899979993,2.4989999999999976e-05,0.05532630477449222,-0.05,-0.06,0.009999999999999995,0.031,0.0030000000000000005,9.000000000000002e-06,0.03114482300479487,0.04,0.03,0.010000000000000002,-0.0096,0.0019595917942265427,3.8400000000000005e-06,0.009797958971132713,-0.0,-0.01,0.01,9.891800177547507,0.04869545637008225,0.002371247471090584,9.891920036069843,10.004294078044687,9.765193290457695,0.23910078758699171,0.06406627932724226,0.004744665758909668,2.2511853163769858e-05,0.06424173098539608,0.07280109889280519,0.05830951894845301,0.014491579944352177,Normal,normal_010_window_003.csv
0.5449,0.10507611526888495,0.011040989999999997,0.5549387353573365,1.13,0.19,0.94,-0.0796,0.04943521012395922,0.00244384,0.09370165420097983,0.11,-0.24,0.35,9.875300000000001,0.05380436785243375,0.0028949100000000057,9.875446572180927,10.08,9.72,0.35999999999999943,-0.054799999999999995,0.006241794613730892,3.895999999999997e-05,0.05515432893255071,-0.04,-0.08,0.04,0.0317,0.008724104538575864,7.611e-05,0.032878564445547195,0.07,-0.01,0.08,-0.0097,0.0017058722109231977,2.909999999999999e-06,0.009848857801796104,-0.0,-0.01,0.01,9.89130103980119,0.05784237225304801,0.003345740027860178,9.89147016373198,10.145979499289362,9.727610189558378,0.4183693097309842,0.0647512335250311,0.0052228112149386085,2.7277756986888503e-05,0.06496152707564687,0.08124038404635961,0.05196152422706632,0.02927885981929329,Normal,normal_011_window_001.csv
0.5484,0.035234074416677946,0.0012414399999999993,0.5495307088780389,0.65,0.47,0.18000000000000005,-0.08200000000000002,0.032341923257592456,0.0010459999999999998,0.08814760348415604,-0.02,-0.18,0.16,9.8699,0.043324242636196275,0.0018769900000000072,9.869995086118331,9.98,9.72,0.2599999999999998,-0.05379999999999999,0.004853864439804636,2.355999999999997e-05,0.054018515344278026,-0.05,-0.06,0.009999999999999995,0.0319,0.003923009049186608,1.539000000000001e-05,0.03214031735997639,0.04,0.03,0.010000000000000002,-0.0097,0.001705872210923198,2.9099999999999992e-06,0.009848857801796104,-0.0,-0.01,0.01,9.885579270432398,0.043353062143766975,0.0018794879972413214,9.885674332082765,9.994668578797398,9.73862926699646,0.2560393118009383,0.06344931266663423,0.004710066043240746,2.218472213168954e-05,0.06362389488234747,0.07280109889280519,0.05916079783099616,0.013640301061809024,Normal,normal_011_window_002.csv
0.5523,0.0318702055217722,0.0010157099999999993,0.5532187632392813,0.65,0.49,0.16000000000000003,-0.08560000000000001,0.03232089107682521,0.0010446399999999997,0.09149863386958298,-0.02,-0.18,0.16,9.8711,0.04411110971172688,0.0019457900000000054,9.871198559445554,9.98,9.72,0.2599999999999998,-0.0535,0.004769696007084726,2.2749999999999984e-05,0.053712196007983146,-0.05,-0.06,0.009999999999999995,0.0321,0.004073082370883261,1.659000000000001e-05,0.03235737937472687,0.04,0.03,0.010000000000000002,-0.0096,0.0019595917942265427,3.8400000000000005e-06,0.009797958971132713,-0.0,-0.01,0.01,9.887013637140413,0.04410599731895475,0.0019453389994996437,9.887112015143757,9.994668578797398,9.73862926699646,0.2560393118009383,0.06328606871618461,0.004782625476697924,2.2873506450360042e-05,0.06346652661048972,0.07280109889280519,0.05830951894845301,0.014491579944352177,Normal,normal_011_window_003.csv
0.7091,0.1911077968058865,0.03652219,0.7344011165568854,1.23,0.38,0.85,-0.092,0.07037044834303673,0.004952,0.11582745788456209,0.13,-0.3,0.43,9.8681,0.0616716304308554,0.00380339000000001,9.86829270948121,9.99,9.56,0.4299999999999997,-0.057800000000000004,0.03145091413615827,0.0009891600000000002,0.0658027355054484,0.03,-0.28,0.31000000000000005,0.03619999999999999,0.09558012345671038,0.00913556,0.10220567498920985,0.88,-0.25,1.13,-0.0053,0.027439205527857405,0.0007529100000000003,0.027946377224964243,0.22,-0.04,0.26,9.89607622713389,0.06031008833955622,0.0036373067555250755,9.8962600006265,10.028653947564449,9.6388847902649,0.38976915729954875,0.08154138778138482,0.0943822127240394,0.008908002078685825,0.12472770341828636,0.9188035698668132,0.03162277660168379,0.8871807932651294,Normal,normal_012_window_001.csv
0.8710000000000002,0.0869310071263413,0.007557000000000003,0.8753273673317886,1.23,0.47,0.76,-0.13169999999999996,0.07605333654745201,0.00578411,0.15208221460775748,0.13,-0.3,0.43,9.853099999999998,0.06093759102557305,0.0037133900000000013,9.853288435847192,9.99,9.56,0.4299999999999997,-0.05800000000000001,0.03104834939252005,0.0009640000000000002,0.06578753681359412,0.03,-0.28,0.31000000000000005,0.037000000000000005,0.09524179754708538,0.009071,0.1021763181955584,0.88,-0.25,1.13,-0.005599999999999999,0.027434285119171595,0.00075264,0.028000000000000004,0.22,-0.04,0.26,9.893077149673342,0.060369782268786004,0.003644510611180629,9.893261342954608,10.028653947564449,9.6388847902649,0.38976915729954875,0.08187409633777701,0.09406716934654943,0.008848632348872409,0.12470765814495917,0.9188035698668132,0.03741657386773942,0.8813869959990738,Normal,normal_012_window_002.csv
0.8628999999999999,0.04226807305756912,0.0017865900000000004,0.8639346040065764,0.99,0.75,0.24,-0.1654,0.03840364566027554,0.0014748400000000003,0.169799882214329,-0.09,-0.25,0.16,9.855599999999999,0.04844213042383671,0.0023466400000000057,9.855719050378822,9.96,9.75,0.21000000000000085,-0.053599999999999995,0.004799999999999998,2.303999999999998e-05,0.05381449618829484,-0.05,-0.06,0.009999999999999995,0.0322,0.004600000000000001,2.1160000000000004e-05,0.03252691193458118,0.05,0.03,0.020000000000000004,-0.009999999999999998,1.734723475976807e-18,3.009265538105056e-36,0.01,-0.01,-0.01,0.0,9.894849123868216,0.04872182143949598,0.00237381588438213,9.894969075242226,9.99607923137867,9.784932294093812,0.2111469372848589,0.06351400552407079,0.004468903924711777,1.997110228830433e-05,0.06367102951892642,0.07280109889280519,0.05916079783099616,0.013640301061809024,Normal,normal_012_window_003.csv
0.8742999999999997,0.030339907712450296,0.000920510000000001,0.8748262684670597,0.96,0.8,0.15999999999999992,-0.17009999999999997,0.03342140032972885,0.00111699,0.17335224255832402,-0.08,-0.26,0.18,9.8565,0.04177020469186141,0.0017447500000000004,9.85658850718645,9.95,9.74,0.20999999999999908,-0.0533,0.004702127178203497,2.2109999999999976e-05,0.05350700888668699,-0.05,-0.06,0.009999999999999995,0.03119999999999999,0.003249615361854384,1.056e-05,0.03136877428271624,0.04,0.03,0.010000000000000002,-0.009999999999999998,1.734723475976807e-18,3.009265538105056e-36,0.01,-0.01,-0.01,0.0,9.896763102727698,0.042297617989757105,0.001789088487607424,9.896853489872425,9.996809491032625,9.77920242146567,0.21760706956695586,0.0626836403876201,0.00421440716536993,1.776122775552141e-05,0.06282515419798029,0.07280109889280519,0.05916079783099616,0.013640301061809024,Normal,normal_013_window_001.csv
0.8771,0.034908308466610076,0.0012185900000000007,0.8777943950607113,0.96,0.8,0.15999999999999992,-0.1673,0.031554872840814936,0.0009957100000000001,0.1702498164463034,-0.09,-0.26,0.17,9.8492,0.04489276110911427,0.002015360000000003,9.8493023103162,9.96,9.74,0.22000000000000064,-0.05289999999999999,0.00453762052181537,2.0589999999999984e-05,0.053094255809833145,-0.05,-0.06,0.009999999999999995,0.0315,0.0035707142142714257,1.2750000000000005e-05,0.03170173496829471,0.04,0.03,0.010000000000000002,-0.0098,0.0014000000000000002,1.9600000000000003e-06,0.009899494936611665,-0.0,-0.01,0.01,9.889701744062734,0.04542481130962482,0.0020634134825150193,9.889806064832616,10.00401919230466,9.77920242146567,0.22481677083899143,0.062483925087398993,0.004214155392520559,1.775910567231011e-05,0.06262587324740472,0.07280109889280519,0.05830951894845301,0.014491579944352177,Normal,normal_013_window_002.csv
0.8725,0.034011027623404744,0.0011567500000000004,0.8731626423525002,0.96,0.8,0.15999999999999992,-0.1667,0.03358734880874047,0.00112811,0.17004999264922066,-0.07,-0.26,0.19,9.8489,0.04549494477411754,0.0020697900000000054,9.84900507665622,9.96,9.74,0.22000000000000064,-0.05279999999999999,0.004489988864128727,2.015999999999998e-05,0.052990565197967084,-0.05,-0.06,0.009999999999999995,0.031599999999999996,0.003666060555964673,1.3440000000000005e-05,0.03181194744117373,0.04,0.03,0.010000000000000002,-0.0096,0.0019595917942265427,3.8400000000000005e-06,0.009797958971132713,-0.0,-0.01,0.01,9.888991935980519,0.04549164881927811,0.0020694901122965278,9.889096571477094,10.00401919230466,9.777637751522605,0.22638144078205613,0.0624300524803611,0.004299831078002892,1.8488547299359512e-05,0.06257795138864806,0.07280109889280519,0.05830951894845301,0.014491579944352177,Normal,normal_013_window_003.csv
0.28320000000000006,0.030195363882556538,0.0009117599999999997,0.2848051965818039,0.35,0.22,0.12999999999999998,-0.20420000000000002,0.0318490188231914,0.0010143599999999997,0.20666881719311214,-0.12,-0.29,0.16999999999999998,9.876299999999999,0.0468541353564442,0.0021953099999999946,9.876411139680243,10.03,9.76,0.2699999999999996,-0.0537,0.004828043081829322,2.3309999999999975e-05,0.05391660226683429,-0.05,-0.06,0.009999999999999995,0.031200000000000002,0.003249615361854385,1.0560000000000006e-05,0.03136877428271624,0.04,0.03,0.010000000000000002,-0.009899999999999999,0.00099498743710662,9.899999999999998e-07,0.0099498743710662,-0.0,-0.01,0.01,9.88256619739083,0.04699312915920961,0.002208354188174157,9.882677926554118,10.034555296573933,9.76549537913976,0.26905991743417346,0.06300935166073718,0.004452145920065619,1.982160329355694e-05,0.06316644678941503,0.07280109889280519,0.05916079783099616,0.013640301061809024,Normal,normal_014_window_001.csv
0.29230000000000006,0.0314596567050564,0.00098971,0.29398809499705936,0.37,0.18,0.19,-0.20929999999999996,0.031725541760543666,0.00100651,0.21169081227110448,-0.12,-0.3,0.18,9.877100000000002,0.045525707023614685,0.0020725899999999996,9.877204918396702,10.03,9.76,0.2699999999999996,-0.05459999999999999,0.0049839743177508425,2.483999999999998e-05,0.05482700064749119,-0.05,-0.06,0.009999999999999995,0.031099999999999996,0.003128897569432404,9.790000000000005e-06,0.031256999216175564,0.04,0.03,0.010000000000000002,-0.009899999999999999,0.0009949874371066197,9.899999999999994e-07,0.0099498743710662,-0.0,-0.01,0.01,9.883741601738027,0.045507692459686305,0.0020709500730053897,9.883846366673248,10.034555296573933,9.76549537913976,0.26905991743417346,0.06372582264831414,0.004584705857043872,2.1019527795612387e-05,0.06389053137985315,0.07280109889280519,0.05916079783099616,0.013640301061809024,Normal,normal_014_window_002.csv
0.2991,0.03292704055939434,0.0010841899999999999,0.30090696236544606,0.37,0.18,0.19,-0.21680000000000002,0.029895819105687674,0.0008937600000000003,0.21885154785835995,-0.13,-0.3,0.16999999999999998,9.8781,0.0419450831445118,0.0017593900000000076,9.878189054680014,9.99,9.78,0.21000000000000085,-0.054700000000000006,0.00499099188538711,2.490999999999998e-05,0.054927224579437835,-0.05,-0.06,0.009999999999999995,0.031599999999999996,0.0036660605559646732,1.3440000000000009e-05,0.03181194744117373,0.04,0.03,0.010000000000000002,-0.009899999999999999,0.00099498743710662,9.899999999999998e-07,0.0099498743710662,-0.0,-0.01,0.01,9.885105979714446,0.04171054799098712,0.0017397698137084398,9.88519397887568,9.995589027165932,9.787241695186646,0.20834733197928657,0.06408140192414023,0.004644774207299725,2.157392743679679e-05,0.06424951361683605,0.07280109889280519,0.05916079783099616,0.013640301061809024,Normal,normal_014_window_003.csv
0.3084,0.0321782535262559,0.0010354399999999999,0.31007418467199105,0.39,0.23,0.16,-0.21470000000000003,0.029170361670709535,0.00085091,0.21667256402230534,-0.15,-0.28,0.13000000000000003,9.882200000000001,0.045157059248804164,0.0020391600000000095,9.88230317284387,9.99,9.77,0.22000000000000064,-0.054299999999999994,0.004950757517794622,2.450999999999997e-05,0.054525223520862344,-0.05,-0.06,0.009999999999999995,0.0315,0.003570714214271426,1.2750000000000007e-05,0.03170173496829471,0.04,0.03,0.010000000000000002,-0.0098,0.0014000000000000004,1.960000000000001e-06,0.009899494936611665,-0.0,-0.01,0.01,9.889437422055483,0.045127322639687745,0.002036475248626474,9.889540383657879,9.995589027165932,9.776778610564932,0.2188104166010003,0.06368439934936715,0.004505250216172729,2.0297279510324417e-05,0.06384355879804947,0.07280109889280519,0.05916079783099616,0.013640301061809024,Normal,normal_014_window_004.csv
0.3289,0.033731142880133784,0.00113779,0.33062516540638587,0.41,0.23,0.17999999999999997,-0.22029999999999997,0.03353967799487646,0.0011249100000000004,0.22283850654678156,-0.14,-0.31,0.16999999999999998,9.8797,0.04620508630010346,0.002134910000000009,9.879808044693986,10.05,9.78,0.27000000000000135,-0.05380000000000001,0.0048538644398046366,2.3559999999999978e-05,0.054018515344278026,-0.05,-0.06,0.009999999999999995,0.0316,0.0039293765408777,1.544e-05,0.031843366656181316,0.04,0.02,0.02,-0.0098,0.0014000000000000004,1.960000000000001e-06,0.009899494936611665,-0.0,-0.01,0.01,9.88774204380921,0.04619821519983289,0.0021342750876500705,9.887849968521973,10.056530216729824,9.787221260398683,0.26930895633114105,0.0633114325431702,0.004654300090412042,2.1662509331609542e-05,0.06348228099241551,0.07280109889280519,0.05477225575051661,0.018028843142288573,Normal,normal_015_window_001.csv
0.33430000000000004,0.03444575445537519,0.0011865099999999998,0.3360699331984342,0.41,0.23,0.17999999999999997,-0.22390000000000002,0.03261579372022089,0.0010637900000000002,0.22626312116648617,-0.15,-0.31,0.16,9.878400000000001,0.05045235376075136,0.0025454400000000025,9.878528837838152,10.05,9.73,0.3200000000000003,-0.05310000000000001,0.004624932431938869,2.1389999999999987e-05,0.05330103188494572,-0.05,-0.06,0.009999999999999995,0.0315,0.0038405728739343047,1.4750000000000004e-05,0.03173326330524486,0.04,0.02,0.02,-0.0097,0.001705872210923198,2.9099999999999997e-06,0.009848857801796104,-0.0,-0.01,0.01,9.886703974962792,0.050542175012051,0.0025545114549487924,9.886833163354178,10.056530216729824,9.738470105719893,0.31806011100993103,0.06264169057778615,0.004584604841957066,2.101860155689617e-05,0.06280923498976883,0.07280109889280519,0.05477225575051661,0.018028843142288573,Normal,normal_015_window_002.csv
0.3393,0.03347401977653715,0.00112051,0.3409472099900511,0.41,0.25,0.15999999999999998,-0.22010000000000005,0.03275652606733504,0.00107299,0.22252415599210795,-0.14,-0.28,0.14,9.882100000000001,0.0479227503384353,0.0022965900000000007,9.882216198808848,10.0,9.73,0.2699999999999996,-0.0532,0.0046647615158762375,2.1759999999999975e-05,0.05340411969127475,-0.05,-0.06,0.009999999999999995,0.0313,0.0033630343441600472,1.131e-05,0.031480152477394385,0.04,0.03,0.010000000000000002,-0.0098,0.0014000000000000006,1.9600000000000016e-06,0.009899494936611665,-0.0,-0.01,0.01,9.890483374748955,0.04793343107388772,0.002297613814515145,9.890599526823438,10.007397264024247,9.738470105719893,0.2689271583043542,0.06261800363374177,0.004470528036451732,1.9985620924700978e-05,0.06277738446287803,0.07280109889280519,0.05830951894845301,0.014491579944352177,Normal,normal_015_window_003.csv
0.3433,0.035158356048029325,0.0012361100000000001,0.34509563891767747,0.44,0.25,0.19,-0.22920000000000001,0.029654004788561023,0.00087936,0.23111036324665318,-0.14,-0.29,0.14999999999999997,9.878900000000002,0.053082859757175936,0.002817790000000009,9.87904261555744,9.98,9.71,0.2699999999999996,-0.05419999999999999,0.004935585071701224,2.4359999999999973e-05,0.05442425929675111,-0.05,-0.06,0.009999999999999995,0.031100000000000003,0.0031288975694324034,9.790000000000003e-06,0.031256999216175564,0.04,0.03,0.010000000000000002,-0.0098,0.0014000000000000004,1.960000000000001e-06,0.009899494936611665,-0.0,-0.01,0.01,9.887627354317441,0.053021713980615365,0.0028113021534421825,9.887769515922184,9.986811302913457,9.719022584601808,0.26778871831164963,0.0633897738984615,0.004328575412526432,1.873656510192837e-05,0.06353739056650029,0.07280109889280519,0.05830951894845301,0.014491579944352177,Normal,normal_016_window_001.csv
0.3484000000000001,0.03291564977332211,0.00108344,0.3499514252006984,0.43,0.28,0.14999999999999997,-0.22990000000000002,0.030380750484476186,0.00092299,0.23189868477419187,-0.14,-0.29,0.14999999999999997,9.873800000000001,0.04812026600092738,0.0023155600000000073,9.873917257097105,10.0,9.76,0.2400000000000002,-0.053899999999999997,0.004877499359302877,2.3789999999999974e-05,0.05412023651093924,-0.05,-0.06,0.009999999999999995,0.030999999999999996,0.003000000000000001,9.000000000000005e-06,0.03114482300479487,0.04,0.03,0.010000000000000002,-0.0096,0.0019595917942265427,3.8400000000000005e-06,0.009797958971132713,-0.0,-0.01,0.01,9.882721050102582,0.04805877505005048,0.0023096458593113546,9.882837902141267,10.008461420218394,9.768868921221125,0.23959249899726842,0.06305970772056065,0.004298053303236692,1.847326219746384e-05,0.06320601237224194,0.07280109889280519,0.05830951894845301,0.014491579944352177,Normal,normal_016_window_002.csv
0.35379999999999995,0.03261226763044852,0.0010635600000000003,0.35529987334644525,0.43,0.28,0.14999999999999997,-0.23069999999999996,0.032565472513077405,0.00106051,0.23298712410774977,-0.17,-0.35,0.17999999999999997,9.876299999999999,0.04672590288052232,0.0021833100000000043,9.876410532172102,10.0,9.76,0.2400000000000002,-0.053399999999999996,0.004737087712930802,2.2439999999999978e-05,0.053609700614720854,-0.05,-0.06,0.009999999999999995,0.03149999999999999,0.0035707142142714266,1.275000000000001e-05,0.03170173496829471,0.04,0.03,0.010000000000000002,-0.0095,0.002179449471770337,4.750000000000002e-06,0.009746794344808964,-0.0,-0.01,0.01,9.885434677387961,0.04676792806580896,0.0021872390955686816,9.885545306152817,10.008461420218394,9.768868921221125,0.23959249899726842,0.06288777523027385,0.004373525647181641,1.9127726586555596e-05,0.06303967004989795,0.07280109889280519,0.05830951894845301,0.014491579944352177,Normal,normal_016_window_003.csv
0.3636,0.03167080674690811,0.00100304,0.3649767115858216,0.44,0.3,0.14,-0.22880000000000003,0.03470677167355097,0.00120456,0.23141737186304748,-0.14,-0.31,0.16999999999999998,9.8759,0.04147517329680491,0.0017201899999999993,9.875987089906507,9.97,9.75,0.22000000000000064,-0.0527,0.004439594576084621,1.9709999999999982e-05,0.052886671288709414,-0.05,-0.06,0.009999999999999995,0.0314,0.0034698703145794956,1.2040000000000007e-05,0.03159113799786263,0.04,0.03,0.010000000000000002,-0.009899999999999999,0.0009949874371066197,9.899999999999996e-07,0.0099498743710662,-0.0,-0.01,0.01,9.885352219979351,0.041164146406022145,0.0016944869493364261,9.885437926566533,9.98147784649147,9.759595278493878,0.22188256799759287,0.062261621560925635,0.004182162192464601,1.749048060408032e-05,0.06240192304729079,0.07280109889280519,0.05830951894845301,0.014491579944352177,Normal,normal_017_window_001.csv
0.36550000000000005,0.033656351555092834,0.0011327499999999999,0.3670463186029796,0.45,0.28,0.16999999999999998,-0.2314,0.03405935994701016,0.00116004,0.23389313799254566,-0.13,-0.31,0.18,9.873399999999998,0.04743880268303575,0.00225044,9.873513964136578,10.06,9.75,0.3100000000000005,-0.0533,0.004702127178203497,2.2109999999999976e-05,0.05350700888668699,-0.05,-0.06,0.009999999999999995,0.0313,0.003363034344160048,1.1310000000000005e-05,0.031480152477394385,0.04,0.03,0.010000000000000002,-0.0098,0.0014000000000000004,1.960000000000001e-06,0.009899494936611665,-0.0,-0.01,0.01,9.882989289260593,0.04721978780547705,0.0022297083603942795,9.883102093978387,10.067517072247755,9.759595278493878,0.3079217937538772,0.06272976900241538,0.00412020398810643,1.6976080903608135e-05,0.06286493458200684,0.07280109889280519,0.05830951894845301,0.014491579944352177,Normal,normal_017_window_002.csv
0.3673,0.03298044875376925,0.0010877099999999995,0.3687777108232003,0.45,0.28,0.16999999999999998,-0.23170000000000002,0.0328041155954554,0.0010761100000000001,0.23401068351680016,-0.13,-0.31,0.18,9.877500000000001,0.042787264460350825,0.001830750000000001,9.877592672306344,10.06,9.79,0.27000000000000135,-0.0537,0.004828043081829322,2.330999999999997e-05,0.05391660226683429,-0.05,-0.06,0.009999999999999995,0.031400000000000004,0.003469870314579495,1.2040000000000005e-05,0.031591137997862624,0.04,0.03,0.010000000000000002,-0.0097,0.001705872210923198,2.9099999999999992e-06,0.009848857801796104,-0.0,-0.01,0.01,9.887151932820883,0.042680877642033405,0.001821657316294227,9.887244054841572,10.067517072247755,9.80170393350054,0.26581313874721424,0.06311159732602835,0.004350434800942418,1.8926282957250893e-05,0.06326136261573885,0.07280109889280519,0.05830951894845301,0.014491579944352177,Normal,normal_017_window_003.csv
0.3823000000000001,0.06598264923447678,0.004353709999999999,0.3879523166576016,0.67,0.19,0.48000000000000004,-0.22690000000000005,0.045797270661033944,0.00209739,0.23147570066855833,-0.11,-0.37,0.26,9.8775,0.05913332393836834,0.003496750000000007,9.877677004235359,10.03,9.75,0.27999999999999936,-0.053399999999999996,0.004737087712930802,2.2439999999999978e-05,0.053609700614720854,-0.05,-0.06,0.009999999999999995,0.033,0.00574456264653803,3.300000000000001e-05,0.03349626844888846,0.05,0.02,0.030000000000000002,-0.009899999999999999,0.00099498743710662,9.899999999999998e-07,0.0099498743710662,-0.0,-0.01,0.01,9.887820083641659,0.06004159835215955,0.0036049935326820486,9.888002376617838,10.039392411894257,9.755665020899395,0.2837273909948621,0.06383467990722289,0.004487052611948596,2.0133641142394714e-05,0.06399218702310464,0.07280109889280519,0.05916079783099616,0.013640301061809024,Normal,normal_018_window_001.csv
0.38380000000000003,0.03515053342411748,0.0012355600000000001,0.3854062791393,0.46,0.3,0.16000000000000003,-0.22849999999999998,0.03450724561595724,0.0011907500000000002,0.2310908912094979,-0.15,-0.33,0.18000000000000002,9.8733,0.05429650080806316,0.0029481100000000038,9.873449295965418,10.03,9.73,0.29999999999999893,-0.0532,0.0046647615158762375,2.1759999999999975e-05,0.05340411969127475,-0.05,-0.06,0.009999999999999995,0.032,0.004000000000000001,1.600000000000001e-05,0.0322490309931942,0.04,0.03,0.010000000000000002,-0.0098,0.0014000000000000002,1.9600000000000007e-06,0.009899494936611665,-0.0,-0.01,0.01,9.883520875676352,0.054379224615336064,0.0029571000697651713,9.883670472046305,10.039392411894257,9.739502040658959,0.29989037123529805,0.06301275440323022,0.004403723710474001,1.93927825181909e-05,0.06316644678941503,0.07280109889280519,0.05830951894845301,0.014491579944352177,Normal,normal_018_window_002.csv
0.38089999999999996,0.03206540191546022,0.00102819,0.3822473021487529,0.46,0.3,0.16000000000000003,-0.23260000000000003,0.029346890806352898,0.0008612400000000003,0.23444402316971102,-0.17,-0.33,0.16,9.8766,0.048108627084962656,0.0023144400000000022,9.876717167156302,10.02,9.73,0.28999999999999915,-0.05329999999999999,0.004702127178203497,2.2109999999999976e-05,0.05350700888668699,-0.05,-0.06,0.009999999999999995,0.030999999999999996,0.0030000000000000014,9.000000000000007e-06,0.03114482300479487,0.04,0.03,0.010000000000000002,-0.0098,0.0014000000000000004,1.960000000000001e-06,0.009899494936611665,-0.0,-0.01,0.01,9.88677449133424,0.048053693954018546,0.0023091575026264787,9.886891270768583,10.02887830218315,9.739502040658959,0.2893762615241915,0.0625269302232464,0.004624175262387475,2.1382996857276273e-05,0.06269768735766895,0.07280109889280519,0.05830951894845301,0.014491579944352177,Normal,normal_018_window_003.csv
0.3863,0.031325867904975914,0.00098131,0.3875680585394003,0.45,0.31,0.14,-0.23550000000000001,0.02729010809799038,0.0007447500000000002,0.2370759372015642,-0.17,-0.3,0.12999999999999998,9.8781,0.051724172298839154,0.0026753899999999997,9.878235419344893,9.99,9.73,0.2599999999999998,-0.053399999999999996,0.004737087712930802,2.2439999999999978e-05,0.053609700614720854,-0.05,-0.06,0.009999999999999995,0.03149999999999999,0.0035707142142714266,1.275000000000001e-05,0.03170173496829471,0.04,0.03,0.010000000000000002,-0.0098,0.0014000000000000006,1.9600000000000016e-06,0.009899494936611665,-0.0,-0.01,0.01,9.888543323893366,0.051574523593744974,0.0026599314839217568,9.888677818596376,9.99786977310667,9.740133469311393,0.25773630379527646,0.06288919759998779,0.004684957334884773,2.1948825229690633e-05,0.06306346010171025,0.07280109889280519,0.05830951894845301,0.014491579944352177,Normal,normal_019_window_001.csv
0.38610000000000005,0.02831589659537554,0.0008017900000000001,0.38713692668098715,0.45,0.31,0.14,-0.2382,0.02779856111384185,0.0007727600000000002,0.2398165965899775,-0.17,-0.3,0.12999999999999998,9.8813,0.04811766827268338,0.0023153100000000005,9.881417155448908,10.06,9.75,0.3100000000000005,-0.053399999999999996,0.004737087712930802,2.243999999999998e-05,0.05360970061472084,-0.05,-0.06,0.009999999999999995,0.03159999999999999,0.0036660605559646732,1.344000000000001e-05,0.03181194744117373,0.04,0.03,0.010000000000000002,-0.0098,0.0014000000000000004,1.960000000000001e-06,0.009899494936611665,-0.0,-0.01,0.01,9.891788417876384,0.04810297253437262,0.002313895966642607,9.891905377630744,10.071866758451485,9.757730268868883,0.31413648958260154,0.06294676387528146,0.004658853681922425,2.1704917629562133e-05,0.063118935352238,0.07280109889280519,0.05830951894845301,0.014491579944352177,Normal,normal_019_window_002.csv
0.39150000000000007,0.025743931323712,0.0006627499999999998,0.3923455109976409,0.46,0.32,0.14,-0.23630000000000004,0.02851859042799977,0.0008133100000000001,0.23801470542804704,-0.16,-0.3,0.13999999999999999,9.885,0.04563989482897619,0.002083000000000007,9.885105361097574,10.06,9.77,0.2900000000000009,-0.05379999999999999,0.0048538644398046366,2.3559999999999978e-05,0.05401851534427802,-0.05,-0.06,0.009999999999999995,0.031199999999999995,0.003249615361854384,1.056e-05,0.03136877428271624,0.04,0.03,0.010000000000000002,-0.009899999999999999,0.0009949874371066197,9.899999999999996e-07,0.0099498743710662,-0.0,-0.01,0.01,9.895646944409929,0.04544833979846675,0.0020655515904368965,9.895751310537266,10.071866758451485,9.77946317545089,0.29240358300059555,0.06308260047890915,0.004646021611909667,2.1585516818331706e-05,0.06325345840347388,0.07280109889280519,0.05916079783099616,0.013640301061809024,Normal,normal_019_window_003.csv
0.46930000000000005,0.02783001976283883,0.00077451,0.4701244516082949,0.54,0.4,0.14,-0.2774,0.033514772862127534,0.0011232400000000002,0.2794172507201372,-0.19,-0.34,0.15000000000000002,9.871600000000003,0.041682610282946564,0.0017374400000000024,9.871688001552721,9.97,9.75,0.22000000000000064,-0.05199999999999999,0.0039999999999999975,1.5999999999999982e-05,0.052153619241621194,-0.05,-0.06,0.009999999999999995,0.032,0.004000000000000001,1.600000000000001e-05,0.0322490309931942,0.04,0.03,0.010000000000000002,-0.0098,0.0014000000000000004,1.960000000000001e-06,0.009899494936611665,-0.0,-0.01,0.01,9.886737480761365,0.0416771701106854,0.0017369865084350083,9.88682532464289,9.98667612371604,9.764394502476843,0.22228162123919581,0.061992218282182494,0.0038684457414107434,1.4964872454238916e-05,0.06211280061307815,0.07280109889280519,0.05830951894845301,0.014491579944352177,Normal,normal_020_window_001.csv
0.4705999999999999,0.045646905700167675,0.0020836400000000003,0.47280862936287443,0.79,0.4,0.39,-0.2653,0.07969259689582214,0.00635091,0.27701083011319255,0.23,-0.37,0.6,9.871400000000001,0.06754287527193377,0.004562040000000002,9.871631070902113,10.24,9.56,0.6799999999999997,-0.05279999999999999,0.0061773780845921986,3.815999999999998e-05,0.05316013544000806,-0.05,-0.09,0.039999999999999994,0.031900000000000005,0.0041701318923986095,1.7390000000000008e-05,0.03217141588429082,0.04,0.02,0.02,-0.0097,0.001705872210923198,2.9099999999999997e-06,0.009848857801796104,0.0,-0.01,0.01,9.88659164919588,0.06847307536767334,0.004688562050307074,9.886828763562157,10.273003455659888,9.579832983930357,0.6931704717295304,0.06265049284724758,0.005737224590076581,3.291574599697939e-05,0.06291263784010333,0.09848857801796104,0.05830951894845301,0.040179059069508034,Normal,normal_020_window_002.csv
0.5221000000000001,0.28939694193270254,0.08375059,0.5969413706554438,1.41,-0.16,1.5699999999999998,-0.3096,0.30218179958429,0.09131384,0.43262686000755896,0.64,-1.28,1.92,9.848700000000001,0.3050037868617372,0.09302731,9.853421689951162,11.6,8.53,3.0700000000000003,-0.0518,0.014098226838861689,0.00019876000000000006,0.05368426212587819,-0.01,-0.09,0.08,0.030900000000000004,0.029532863051184185,0.00087219,0.042743420546325024,0.11,-0.05,0.16,-0.008799999999999999,0.005706137047074843,3.2560000000000014e-05,0.010488088481701515,0.01,-0.02,0.03,9.876410709078996,0.2998924900521557,0.0899355055896823,9.880962706133445,11.630649165029439,8.618178461832871,3.012470703196568,0.06674378777694337,0.019085774628930987,0.0003642667931863458,0.06941901756723441,0.12529964086141668,0.033166247903554,0.09213339295786269,Normal,normal_021_window_001.csv
0.47629999999999995,0.41692602461347983,0.17382730999999998,0.6329999999999999,1.41,-1.32,2.73,-0.3581,0.3760337617821038,0.14140139,0.519265827876243,1.08,-1.5,2.58,9.8455,0.22984505650546422,0.052828750000000035,9.848182522678995,10.32,8.78,1.540000000000001,-0.0492,0.018037738217415177,0.00032536,0.05240229002629561,-0.0,-0.13,0.13,0.0272,0.034440673628719866,0.00118616,0.04388621651498338,0.13,-0.12,0.25,-0.008899999999999998,0.009369631796394136,8.779e-05,0.012922847983320085,0.02,-0.04,0.06,9.879708126145717,0.2199825951530909,0.0483923421702887,9.882156900191376,10.401240310655263,8.979487735945742,1.4217525747095205,0.06598757196532185,0.02201454851050705,0.0004846403461214683,0.06956292115775473,0.1392838827718412,0.017320508075688773,0.12196337469615243,Normal,normal_021_window_002.csv
0.4388,0.5298571128143889,0.28074856,0.6879636618310593,2.87,-1.32,4.19,-0.3801,0.42525402996326794,0.18084099,0.5703656721788224,1.08,-1.85,2.93,9.8375,0.22240222570828738,0.04946275000000001,9.840013668689693,10.41,9.03,1.3800000000000008,-0.0501,0.02260508792285489,0.00051099,0.05496362433464518,-0.0,-0.13,0.13,0.0243,0.04313362957136809,0.0018605099999999997,0.04950757517794625,0.17,-0.12,0.29000000000000004,-0.009300000000000001,0.013210223313782396,0.00017450999999999995,0.016155494421403512,0.04,-0.06,0.1,9.878141484422382,0.21633495726201243,0.04680081373355675,9.880510108288945,10.518645350043892,9.030908038508642,1.4877373115352501,0.07087498589681845,0.026640877878286687,0.000709736374125785,0.07571657678474378,0.18055470085267789,0.017320508075688773,0.1632341927769891,Normal,normal_021_window_003.csv
0.6148,0.8224700359283614,0.6764569600000001,1.0268573416010618,4.57,-1.42,5.99,-0.5368999999999999,0.997208799600164,0.99442539,1.1325577247981666,5.01,-3.75,8.76,9.8438,0.4734316846177493,0.22413756000000004,9.855178131317567,10.81,7.01,3.8000000000000007,-0.05079999999999999,0.07192607315848683,0.005173359999999999,0.08805679985100526,0.24,-0.26,0.5,0.004700000000000004,0.136194383144093,0.018548910000000002,0.13627545633752247,0.55,-0.59,1.1400000000000001,-0.0108,0.019477166118303763,0.00037936000000000014,0.02227105745132009,0.07,-0.09,0.16,9.962233025595868,0.46429747331535104,0.21557214372701913,9.97304662578091,11.810753574603105,7.649745093792341,4.1610084808107635,0.12433187375957619,0.10659542751653472,0.011362585167432809,0.16377118183612158,0.6067948582511227,0.022360679774997897,0.5844341784761248,Normal,normal_022_window_001.csv
0.45910000000000006,0.43108257909593145,0.18583219,0.6297658294953767,1.9,-1.42,3.32,-0.3333999999999999,0.4407543987301771,0.19426443999999993,0.5526481701770123,0.97,-2.3,3.2699999999999996,9.8727,0.13767247364669521,0.018953709999999988,9.873659858431422,10.21,9.19,1.0200000000000014,-0.0568,0.03994696484089875,0.0015957600000000008,0.0694406221170289,0.07,-0.26,0.33,0.030499999999999992,0.053579380362225155,0.0028707499999999987,0.06165225056719341,0.29,-0.17,0.45999999999999996,-0.008499999999999999,0.012519984025548912,0.00015674999999999993,0.015132745950421555,0.07,-0.04,0.11000000000000001,9.907783913518111,0.1643226187465927,0.02700192303173806,9.909146481912556,10.484531463065005,9.227063454859296,1.2574680082057093,0.0809951803407648,0.047872547055353,0.0022917807615669876,0.09408506789071261,0.3234192325759246,0.022360679774997897,0.3010585528009267,Normal,normal_022_window_002.csv
0.49489999999999995,0.04871334519410466,0.0023729899999999997,0.49729166492110044,0.74,0.38,0.36,-0.2822,0.041703237284412345,0.0017391599999999998,0.2852647892748069,-0.2,-0.49,0.29,9.8653,0.054156347735053116,0.0029329099999999926,9.865448646665795,10.04,9.71,0.3299999999999983,-0.0542,0.005509990925582363,3.035999999999998e-05,0.054479353887504946,-0.05,-0.07,0.020000000000000004,0.032,0.005099019513592785,2.6000000000000002e-05,0.0324037034920393,0.06,0.02,0.039999999999999994,-0.0098,0.0014000000000000004,1.960000000000001e-06,0.009899494936611665,-0.0,-0.01,0.01,9.881942568171933,0.05443417448188568,0.002963079351524374,9.882092490965665,10.05298463144155,9.728190993190873,0.32479363825067686,0.06389196398596458,0.005815233272724651,3.3816938016203864e-05,0.06415605972938176,0.08602325267042628,0.05830951894845301,0.02771373372197327,Normal,normal_022_window_003.csv
0.5186999999999999,0.08404350064103708,0.00706331,0.5254645563689334,1.0,0.4,0.6,-0.2888,0.04459327303529087,0.00198856,0.29222251795506793,-0.06,-0.46,0.4,9.8799,0.07964289045482974,0.00634299000000001,9.880220999552591,10.39,9.73,0.6600000000000001,-0.0529,0.004752893855326457,2.2589999999999985e-05,0.05311308689955801,-0.05,-0.07,0.020000000000000004,0.0322,0.007152621896899067,5.1160000000000005e-05,0.03298484500494128,0.07,0.01,0.060000000000000005,-0.009899999999999999,0.0017291616465790584,2.99e-06,0.01004987562112089,-0.0,-0.02,0.02,9.898149841592051,0.08308858761120211,0.006903713391224408,9.89849857301601,10.438591859058386,9.754737310660909,0.683854548397477,0.06297980461960787,0.006598803685215921,4.354421007601922e-05,0.06332456079595027,0.10099504938362078,0.05830951894845301,0.04268553043516777,Normal,normal_023_window_001.csv
0.5213,0.09186571721812224,0.00843931,0.5293325986560812,1.0,0.27,0.73,-0.2894,0.05065214704235152,0.00256564,0.2937992511903324,-0.06,-0.46,0.4,9.8864,0.08216471262044307,0.006751039999999996,9.886741424756694,10.39,9.73,0.6600000000000001,-0.053500000000000006,0.004974937185533098,2.4749999999999985e-05,0.053730810528038755,-0.05,-0.07,0.020000000000000004,0.0323,0.007727224598780601,5.971000000000002e-05,0.03321144381083123,0.07,0.01,0.060000000000000005,-0.009899999999999999,0.001729161646579058,2.989999999999999e-06,0.01004987562112089,-0.0,-0.02,0.02,9.904892312648352,0.08529522166914039,0.007275274839587797,9.905259562474878,10.438591859058386,9.754737310660909,0.683854548397477,0.06362126918989644,0.006582864624670199,4.3334106666734326e-05,0.06396092557178953,0.10099504938362078,0.05830951894845301,0.04268553043516777,Normal,normal_023_window_002.csv
0.5033,0.054388509815952855,0.0029581100000000003,0.5062301847973903,0.64,0.27,0.37,-0.2866,0.04096876859267313,0.00167844,0.28951338483738537,-0.2,-0.43,0.22999999999999998,9.876999999999999,0.05066557016357355,0.0025669999999999946,9.877129947510056,10.02,9.78,0.2400000000000002,-0.053,0.004582575694955838,2.099999999999998e-05,0.05319774431308155,-0.05,-0.06,0.009999999999999995,0.03169999999999999,0.0047021271782035,2.211000000000001e-05,0.03204684071792413,0.05,0.02,0.030000000000000002,-0.009999999999999998,1.734723475976807e-18,3.009265538105056e-36,0.01,-0.01,-0.01,0.0,9.894202239909818,0.05044834748065235,0.002545035763528642,9.894330851553327,10.04011952120093,9.799173434530077,0.24094608667085282,0.06272452743760178,0.004757484390887727,2.2633657729540362e-05,0.06290468980926621,0.07874007874011811,0.05916079783099616,0.01957928090912195,Normal,normal_023_window_003.csv
0.5012,0.03150492025065292,0.0009925600000000004,0.5021892073710864,0.57,0.42,0.14999999999999997,-0.2873,0.026864660801878736,0.0007217099999999999,0.28855328797294966,-0.21,-0.38,0.17,9.868,0.05537147279962862,0.003066000000000012,9.86815534940548,10.01,9.74,0.2699999999999996,-0.051899999999999995,0.003923009049186604,1.5389999999999986e-05,0.05204805471869243,-0.05,-0.06,0.009999999999999995,0.0321,0.004073082370883261,1.659000000000001e-05,0.03235737937472687,0.04,0.03,0.010000000000000002,-0.009899999999999999,0.00099498743710662,9.899999999999998e-07,0.0099498743710662,-0.0,-0.01,0.01,9.884981781917537,0.05551730503537874,0.0030821711583912895,9.885137682399774,10.027930992981553,9.758924121028917,0.2690068719526355,0.06195719594070558,0.004038052892795688,1.6305871165015625e-05,0.06208864630510155,0.07280109889280519,0.05830951894845301,0.014491579944352177,Normal,normal_024_window_001.csv
0.5018,0.03482470387526648,0.0012127600000000002,0.5030069582023692,0.59,0.4,0.18999999999999995,-0.2871000000000001,0.03079918830099261,0.0009485900000000001,0.2887472943596182,-0.17,-0.38,0.21,9.8668,0.05157286108022327,0.0026597600000000084,9.866934782393162,10.01,9.72,0.28999999999999915,-0.0521,0.004073082370883259,1.6589999999999985e-05,0.05225897052181569,-0.05,-0.06,0.009999999999999995,0.031799999999999995,0.0038418745424597103,1.4760000000000008e-05,0.03203123475609393,0.04,0.03,0.010000000000000002,-0.0097,0.001705872210923198,2.9099999999999997e-06,0.009848857801796104,-0.0,-0.01,0.01,9.883831587837633,0.05163470986633046,0.002666143262980124,9.88396646089008,10.027930992981553,9.73737130852059,0.2905596844609626,0.06195181041314553,0.0039966469113088465,1.5973186533674545e-05,0.06208059278067503,0.07280109889280519,0.05830951894845301,0.014491579944352177,Normal,normal_024_window_002.csv
0.5069,0.03526173563510453,0.0012433900000000003,0.508124984624846,0.59,0.4,0.18999999999999995,-0.2886,0.03258895518423381,0.0010620399999999998,0.29043415777074155,-0.17,-0.38,0.21,9.8602,0.042731253199502585,0.0018259599999999997,9.860292592007601,9.98,9.72,0.2599999999999998,-0.05169999999999999,0.003756327994198588,1.4109999999999987e-05,0.05183628073077775,-0.05,-0.06,0.009999999999999995,0.0316,0.0036660605559646724,1.3440000000000002e-05,0.03181194744117373,0.04,0.03,0.010000000000000002,-0.0095,0.0021794494717703367,4.75e-06,0.009746794344808966,-0.0,-0.01,0.01,9.877553988212995,0.042897668207001714,0.0018402099375980055,9.877647138868648,9.998469882937089,9.73737130852059,0.26109857441649886,0.06148279181606597,0.003723749521959117,1.3866310502290753e-05,0.061595454377737974,0.07280109889280519,0.05830951894845301,0.014491579944352177,Normal,normal_024_window_003.csv
0.5383000000000001,0.1676010441494921,0.028090109999999998,0.5637880807537526,1.33,0.16,1.1700000000000002,-0.2716,0.26429801361342087,0.06985344,0.37897229450185405,1.15,-0.94,2.09,9.8665,0.07873214083206433,0.006198750000000011,9.866814126150347,10.07,9.6,0.47000000000000064,-0.051699999999999996,0.0203004926048606,0.00041210999999999993,0.05554277630799527,0.0,-0.18,0.18,0.0397,0.028051916155585527,0.0007869100000000003,0.048610698410946535,0.19,-0.03,0.22,-0.009,0.003872983346207417,1.5e-05,0.009797958971132713,0.01,-0.01,0.02,9.889826553984491,0.08263614283845054,0.0068287321032168,9.890171788194582,10.104152611674072,9.6249779220526,0.4791746896214715,0.06946359590900829,0.02681061064933072,0.0007188088433900059,0.07445804187594514,0.19924858845171275,0.030000000000000002,0.16924858845171276,Normal,normal_025_window_001.csv
0.5259,0.15524880031742597,0.024102190000000003,0.5483365754716714,1.33,0.18,1.1500000000000001,-0.2583,0.2455241535979709,0.06028211,0.35637199665518055,1.15,-0.94,2.09,9.865499999999999,0.06266378539475566,0.003926749999999992,9.865699012234257,10.07,9.68,0.39000000000000057,-0.05449999999999999,0.01856744462762714,0.0003447499999999999,0.057576036681939134,0.0,-0.18,0.18,0.035300000000000005,0.02351403836009459,0.0005529099999999999,0.042414620120897,0.19,-0.03,0.22,-0.008899999999999998,0.003973663297261106,1.5790000000000006e-05,0.009746794344808964,0.01,-0.01,0.02,9.887122083006613,0.06714101371701947,0.004507915722948996,9.88735004943185,10.104152611674072,9.710514919405664,0.39363769226840795,0.06788059885768391,0.02451987558537366,0.0006012242987222033,0.07217340230306454,0.19924858845171275,0.030000000000000002,0.16924858845171276,Normal,normal_025_window_002.csv
0.5106,0.033520739848637,0.0011236400000000006,0.5116991303490753,0.58,0.4,0.17999999999999994,-0.2827,0.027635303508374932,0.0007637099999999999,0.2840475312337708,-0.17,-0.34,0.17,9.8658,0.04400409071893198,0.0019363599999999953,9.865898134483247,10.02,9.78,0.2400000000000002,-0.05369999999999999,0.004828043081829322,2.3309999999999975e-05,0.05391660226683429,-0.05,-0.06,0.009999999999999995,0.031200000000000002,0.0035440090293338707,1.2560000000000003e-05,0.031400636936215164,0.04,0.02,0.02,-0.0098,0.0014000000000000004,1.960000000000001e-06,0.009899494936611665,-0.0,-0.01,0.01,9.883142458356472,0.044273556798423326,0.001960147831583216,9.883241624082657,10.038715057217233,9.793742900444139,0.2449721567730947,0.06302010764355308,0.004412032705565909,1.9466032594983234e-05,0.06317436188834835,0.07280109889280519,0.05477225575051661,0.018028843142288573,Normal,normal_025_window_003.csv
0.5318999999999999,0.036652285058369816,0.0013433899999999992,0.5331613264294401,0.6,0.44,0.15999999999999998,-0.2858,0.037872945488831466,0.0014343599999999998,0.288298456464824,-0.19,-0.36,0.16999999999999998,9.8663,0.042512468759177115,0.00180731000000001,9.866391589633972,9.98,9.78,0.20000000000000107,-0.0526,0.00438634243989226,1.9239999999999985e-05,0.052782572881586595,-0.05,-0.06,0.009999999999999995,0.0323,0.0042083250825001636,1.7710000000000012e-05,0.032572994949804666,0.04,0.03,0.010000000000000002,-0.0096,0.0019595917942265427,3.8400000000000005e-06,0.009797958971132713,-0.0,-0.01,0.01,9.884899282363312,0.04273379848891856,0.0018261775332914984,9.88499165401772,10.000819966382757,9.795988975085669,0.20483099129708826,0.06264647716391927,0.0042917244728128195,1.8418898950540474e-05,0.0627933117457584,0.07280109889280519,0.05830951894845301,0.014491579944352177,Normal,normal_026_window_001.csv
0.5281,0.03164474679942944,0.00100139,0.52904725686842,0.6,0.45,0.14999999999999997,-0.28909999999999997,0.031467284598452404,0.0009901899999999997,0.29080749646458565,-0.22,-0.36,0.13999999999999999,9.8625,0.04162631379308051,0.001732750000000005,9.862587844982674,9.97,9.78,0.19000000000000128,-0.0524,0.004270831300812523,1.8239999999999985e-05,0.05257375771237967,-0.05,-0.06,0.009999999999999995,0.031700000000000006,0.00375632799419859,1.4110000000000004e-05,0.031921779399024734,0.04,0.03,0.010000000000000002,-0.0096,0.0019595917942265427,3.8400000000000005e-06,0.009797958971132711,-0.0,-0.01,0.01,9.880958551883209,0.04191772854125172,0.001757095966058069,9.881047464717494,9.98836322927836,9.795988975085669,0.19237425419269094,0.06213494244595653,0.004271876313479679,1.8248927237668732e-05,0.062281618476080096,0.07280109889280519,0.05830951894845301,0.014491579944352177,Normal,normal_026_window_002.csv
0.5332,0.027708482455739075,0.0007677600000000001,0.5339194695831947,0.6,0.46,0.13999999999999996,-0.28559999999999997,0.03083245043780983,0.0009506399999999997,0.2872594645960338,-0.14,-0.35,0.20999999999999996,9.8704,0.04454031881340773,0.0019838400000000028,9.870500493895939,9.98,9.77,0.21000000000000085,-0.05229999999999999,0.004208325082500161,1.7709999999999988e-05,0.05246903848937963,-0.05,-0.06,0.009999999999999995,0.03169999999999999,0.00375632799419859,1.4110000000000004e-05,0.031921779399024734,0.04,0.03,0.010000000000000002,-0.0097,0.001705872210923198,2.9099999999999992e-06,0.009848857801796104,-0.0,-0.01,0.01,9.889003722122627,0.04442278519896049,0.0019733838448329835,9.889103498295485,9.998519890463788,9.791031610611824,0.2074882798519635,0.06205573003101656,0.004252807345458914,1.8086370317589293e-05,0.062201286160335954,0.07280109889280519,0.05830951894845301,0.014491579944352177,Normal,normal_026_window_003.csv
0.5421,0.05948604878456795,0.003538589999999998,0.5453540134628148,0.72,0.37,0.35,-0.29280000000000006,0.06071375461952588,0.0036861599999999995,0.29902842674234176,-0.06,-0.6,0.54,9.8623,0.051939484017460305,0.002697710000000014,9.862436767858135,9.96,9.72,0.2400000000000002,-0.0533,0.004910193478876365,2.4109999999999978e-05,0.05352569476429055,-0.04,-0.06,0.019999999999999997,0.031900000000000005,0.005948949487094339,3.5390000000000005e-05,0.03244996147917591,0.05,0.01,0.04,-0.0097,0.001705872210923198,2.9099999999999997e-06,0.009848857801796104,-0.0,-0.01,0.01,9.881883795101428,0.053485139168089106,0.0028606601118298597,9.882028536692252,9.98869861393365,9.728355462255683,0.26034315167796684,0.06323731661802486,0.00400521996295799,1.6041786951677208e-05,0.06336402764976355,0.07280109889280519,0.05830951894845301,0.014491579944352177,Normal,normal_027_window_001.csv
0.5397,0.08587729618473092,0.007374909999999999,0.5464897071308846,0.72,-0.04,0.76,-0.3039,0.08104190274172986,0.00656779,0.31452026961707885,-0.06,-0.66,0.6000000000000001,9.8648,0.0757295186832718,0.005734960000000012,9.865090673683643,10.02,9.45,0.5700000000000003,-0.053200000000000004,0.0048744230427815735,2.3759999999999976e-05,0.053422841556772335,-0.04,-0.06,0.019999999999999997,0.030499999999999992,0.010331989159885913,0.00010675,0.032202484376209234,0.05,-0.03,0.08,-0.0098,0.0014000000000000004,1.960000000000001e-06,0.009899494936611665,-0.0,-0.01,0.01,9.884923311899309,0.07667540589788212,0.005879117869604976,9.885220685447543,10.040348599525814,9.473104031942222,0.5672445675835913,0.06301933994544702,0.004190798592176169,1.756279284018576e-05,0.06315853069855253,0.07280109889280519,0.05196152422706632,0.020839574665738866,Normal,normal_027_window_002.csv
0.5293000000000001,0.0831655577748385,0.006916510000000002,0.5357938036222517,0.69,-0.04,0.73,-0.29740000000000005,0.08048130217634404,0.00647724,0.3080973872008655,0.01,-0.66,0.67,9.8577,0.08824800281026186,0.007787709999999986,9.858094998527859,10.29,9.45,0.8399999999999999,-0.0533,0.004910193478876365,2.410999999999998e-05,0.05352569476429055,-0.05,-0.07,0.020000000000000004,0.03089999999999999,0.010207350292803712,0.00010419000000000002,0.03254228019054596,0.05,-0.03,0.08,-0.009899999999999999,0.0009949874371066197,9.899999999999996e-07,0.0099498743710662,-0.0,-0.01,0.01,9.877058696788362,0.08801988523830151,0.007747500197363768,9.877450885729578,10.293041338690912,9.473104031942222,0.8199373067486899,0.0632681838864022,0.004487416597152443,2.013690771639921e-05,0.06342712353559793,0.07681145747868609,0.05196152422706632,0.02484993325161977,Normal,normal_027_window_003.csv
0.5406,0.034491158287306034,0.0011896399999999998,0.5416991785114686,0.62,0.47,0.15000000000000002,-0.2902,0.03619336955852549,0.0013099599999999998,0.29244828602677775,-0.17,-0.38,0.21,9.8741,0.04481283298342125,0.0020081900000000078,9.874201689250631,10.0,9.77,0.23000000000000043,-0.0521,0.004073082370883259,1.6589999999999985e-05,0.05225897052181568,-0.05,-0.06,0.009999999999999995,0.031799999999999995,0.0038418745424597103,1.476000000000001e-05,0.032031234756093936,0.04,0.03,0.010000000000000002,-0.0098,0.0014000000000000002,1.9600000000000007e-06,0.009899494936611665,-0.0,-0.01,0.01,9.89326958723714,0.045164967050077685,0.002039874248634603,9.893372680739366,10.017434801385033,9.787900694224476,0.229534107160557,0.06196666226185133,0.003890085876384895,1.5132768125649238e-05,0.06208864630510155,0.07280109889280519,0.05830951894845301,0.014491579944352177,Normal,normal_028_window_001.csv
0.5415000000000001,0.03418698582794335,0.0011687499999999994,0.5425781049766015,0.62,0.47,0.15000000000000002,-0.2897,0.035593679214152615,0.00126691,0.2918783993378064,-0.17,-0.36,0.18999999999999997,9.8724,0.04336173428265997,0.001880240000000009,9.872495226638502,9.99,9.77,0.22000000000000064,-0.052399999999999995,0.004270831300812523,1.8239999999999985e-05,0.05257375771237967,-0.05,-0.06,0.009999999999999995,0.032,0.004000000000000001,1.6000000000000006e-05,0.0322490309931942,0.04,0.03,0.010000000000000002,-0.0097,0.0017058722109231977,2.909999999999999e-06,0.009848857801796104,-0.0,-0.01,0.01,9.891605961153658,0.04333023504919314,0.0018775092694183254,9.891700864866467,10.010739233443253,9.787900694224476,0.2228385392187775,0.0623253687989428,0.004067972968908249,1.6548404075768198e-05,0.06245798587850877,0.07280109889280519,0.05830951894845301,0.014491579944352177,Normal,normal_028_window_002.csv
0.5448,0.03359999999999999,0.0011289599999999992,0.5458351399461197,0.63,0.46,0.16999999999999998,-0.2945,0.033447720400649125,0.0011187499999999997,0.2963933197627774,-0.17,-0.36,0.18999999999999997,9.868400000000001,0.04957257306212787,0.0024574400000000056,9.868524509773485,9.99,9.71,0.27999999999999936,-0.05229999999999999,0.00420832508250016,1.770999999999998e-05,0.05246903848937963,-0.05,-0.06,0.009999999999999995,0.03159999999999999,0.0036660605559646732,1.3440000000000009e-05,0.03181194744117373,0.04,0.03,0.010000000000000002,-0.009899999999999999,0.0009949874371066197,9.899999999999994e-07,0.0099498743710662,-0.0,-0.01,0.01,9.887928122547487,0.04938059674117944,0.002438443334514982,9.888051425837146,10.010739233443253,9.734402909269784,0.2763363241734691,0.06201577764590927,0.004247743280041866,1.8043322973140826e-05,0.06216108107168022,0.07280109889280519,0.05916079783099616,0.013640301061809024,Normal,normal_028_window_003.csv
0.5468999999999999,0.03282361954446827,0.001077389999999999,0.5478841118338804,0.61,0.49,0.12,-0.2915,0.03559143155311401,0.0012667499999999999,0.2936647748709402,-0.21,-0.37,0.16,9.8665,0.04222262426709175,0.0017827500000000055,9.866590343173266,9.97,9.77,0.20000000000000107,-0.052300000000000006,0.00420832508250016,1.770999999999998e-05,0.05246903848937963,-0.05,-0.06,0.009999999999999995,0.0321,0.004073082370883261,1.659000000000001e-05,0.03235737937472687,0.04,0.03,0.010000000000000002,-0.0097,0.0017058722109231977,2.909999999999999e-06,0.009848857801796104,-0.0,-0.01,0.01,9.886063540455472,0.042055606962651274,0.0017686740769970021,9.88615299294928,9.989424407842526,9.787165064511786,0.20225934333073958,0.06228108252591252,0.004250501076399557,1.8066759400473792e-05,0.062425956140054445,0.07280109889280519,0.05830951894845301,0.014491579944352177,Normal,normal_029_window_001.csv
0.5474,0.03282133452497018,0.0010772399999999993,0.5483830777841344,0.62,0.48,0.14,-0.29469999999999996,0.032632958799348855,0.0010649099999999999,0.2965012647527831,-0.21,-0.37,0.16,9.867799999999999,0.04742530969851442,0.0022491600000000057,9.867913963954084,10.01,9.75,0.2599999999999998,-0.0527,0.004439594576084621,1.9709999999999982e-05,0.052886671288709414,-0.05,-0.06,0.009999999999999995,0.0318,0.00384187454245971,1.4760000000000006e-05,0.032031234756093936,0.04,0.03,0.010000000000000002,-0.009899999999999999,0.0009949874371066195,9.899999999999992e-07,0.0099498743710662,-0.0,-0.01,0.01,9.887473239820476,0.047285640885595843,0.002235931833961533,9.887586308093598,10.028289983840715,9.771310045229349,0.2569799386113658,0.06246852180806587,0.004436640972086683,1.968378311519827e-05,0.0626258732474047,0.07280109889280519,0.05916079783099616,0.013640301061809024,Normal,normal_029_window_002.csv
0.5525,0.03444923801769786,0.0011867499999999992,0.5535729400901023,0.62,0.46,0.15999999999999998,-0.2932,0.029013100489261742,0.0008417599999999999,0.2946319738249737,-0.21,-0.37,0.16,9.8664,0.05001039891862497,0.0025010400000000056,9.866526744503357,10.01,9.74,0.2699999999999996,-0.0524,0.004270831300812523,1.8239999999999985e-05,0.05257375771237967,-0.05,-0.06,0.009999999999999995,0.0315,0.003570714214271426,1.2750000000000007e-05,0.03170173496829471,0.04,0.03,0.010000000000000002,-0.009999999999999998,1.734723475976807e-18,3.009265538105056e-36,0.01,-0.01,-0.01,0.0,9.886308165068725,0.050118512503054505,0.002511865295518831,9.88643520183084,10.028289983840715,9.759267390537058,0.2690225933036565,0.06205334917944359,0.0042874066303590745,1.838185561404695e-05,0.062201286160335954,0.07280109889280519,0.05916079783099616,0.013640301061809024,Normal,normal_029_window_003.csv
0.5493,0.032871111937383554,0.0010805099999999996,0.5502826546421393,0.64,0.47,0.17000000000000004,-0.2942,0.029670861126701396,0.0008803600000000001,0.2956924077483222,-0.21,-0.36,0.15,9.8587,0.04227658926640145,0.0017873100000000103,9.85879064591596,9.96,9.77,0.19000000000000128,-0.052000000000000005,0.003999999999999998,1.599999999999999e-05,0.05215361924162121,-0.05,-0.06,0.009999999999999995,0.0322,0.004142463035441597,1.7160000000000005e-05,0.032465366161495854,0.04,0.03,0.010000000000000002,-0.009899999999999999,0.0009949874371066197,9.899999999999994e-07,0.0099498743710662,-0.0,-0.01,0.01,9.878472005438379,0.04229465415685421,0.0017888377702479053,9.878562547253523,9.976196670074224,9.790331965771129,0.18586470430309454,0.062120351354984865,0.003749926337040412,1.4061947533229321e-05,0.06223343153000645,0.07280109889280519,0.05830951894845301,0.014491579944352177,Normal,normal_030_window_001.csv
0.5547,0.034218562214096596,0.0011709099999999992,0.5557544421774782,0.64,0.47,0.17000000000000004,-0.2908,0.030221846402892064,0.0009133599999999999,0.2923662087177655,-0.2,-0.36,0.15999999999999998,9.8583,0.040670751161000336,0.0016541100000000103,9.858383893925007,9.96,9.77,0.19000000000000128,-0.0526,0.0043863424398922594,1.9239999999999982e-05,0.052782572881586595,-0.05,-0.06,0.009999999999999995,0.0315,0.003570714214271426,1.2750000000000007e-05,0.03170173496829471,0.04,0.03,0.010000000000000002,-0.009999999999999998,1.734723475976807e-18,3.009265538105056e-36,0.01,-0.01,-0.01,0.0,9.878281456027624,0.040366762327272335,0.001629475500786493,9.878363933364675,9.97968436374618,9.793028132299018,0.18665623144716292,0.06224666352219463,0.004043869477948719,1.6352880354685247e-05,0.06237788069500278,0.07280109889280519,0.05916079783099616,0.013640301061809024,Normal,normal_030_window_002.csv
0.556,0.031780497164141386,0.0010099999999999987,0.5569075327197505,0.63,0.47,0.16000000000000003,-0.2907,0.034300291543950465,0.00117651,0.2927165864791403,-0.2,-0.36,0.15999999999999998,9.8546,0.0525056187469494,0.0027568400000000043,9.854739874801364,10.07,9.73,0.33999999999999986,-0.05289999999999999,0.00453762052181537,2.0589999999999984e-05,0.053094255809833145,-0.05,-0.06,0.009999999999999995,0.031200000000000002,0.003249615361854384,1.056e-05,0.03136877428271624,0.04,0.03,0.010000000000000002,-0.0097,0.001705872210923198,2.9099999999999997e-06,0.009848857801796104,-0.0,-0.01,0.01,9.874665036892292,0.05212877494165876,0.0027174091769181104,9.87480263093901,10.088339803951888,9.750148716814529,0.3381910871373588,0.06231270212489639,0.0041384965741114955,1.7127153893932588e-05,0.062449979983983994,0.07280109889280519,0.05830951894845301,0.014491579944352177,Normal,normal_030_window_003.csv
-0.605,2.3034463310439857,5.305864999999999,2.3815730095884105,6.39,-6.28,12.67,-1.7207,8.390113259664616,70.39400051000001,8.564742202775284,13.85,-19.61,33.46,7.033699999999999,3.46807458253135,12.027541309999998,7.842223983029304,13.37,-6.06,19.43,0.40299999999999975,3.324759389790485,11.054025,3.3490945044892357,4.37,-4.37,8.74,0.14969999999999997,1.5570025401392253,2.42425691,1.564182534105275,3.92,-4.37,8.29,0.007099999999999988,2.2281011175438157,4.96443459,2.228112429838315,4.17,-4.37,8.54,11.300434908608068,3.5815285670104897,12.82734687631221,11.854415886073847,20.605050351794823,3.3155844130409347,17.28946593875389,3.9347501602153834,1.7735070275262557,3.145327176685015,4.315968720924655,7.264619742285207,0.3281767816284388,6.936442960656769,Severe_Fault,Severe_Fault_001_window_001.csv
-0.068,2.2834434523324636,5.214114,2.2844557338674782,6.39,-5.56,11.95,0.11159999999999978,7.555439592770231,57.08466744,7.556263759292683,13.85,-18.56,32.41,7.541,2.4772644186683017,6.136838999999998,7.937475669254049,14.93,0.43,14.5,0.3696,3.400830169238094,11.56564584,3.4208551562438307,4.37,-4.37,8.74,0.13549999999999998,1.552446053813143,2.41008875,1.558348163922299,3.92,-4.37,8.29,0.05320000000000007,2.0785927354823506,4.32054776,2.079273430792593,4.31,-4.37,8.68,10.812231207053799,2.900868201971941,8.415036325211922,11.194613883470925,19.03792268079687,3.9217853077393205,15.116137373057551,3.9443904248281045,1.7017230022904328,2.8958611765243645,4.29582087615394,7.264619742285207,0.3220248437620924,6.942594898523115,Severe_Fault,Severe_Fault_001_window_002.csv
0.0575,1.9711343815174043,3.8853707500000003,1.9719728699959338,5.12,-4.16,9.280000000000001,2.0954,7.879621110180361,62.088428839999985,8.153473492935388,19.61,-13.15,32.76,7.040900000000001,2.702382687555558,7.3028721899999995,7.541693775273563,14.93,-1.06,15.99,0.23810000000000003,3.507375285024402,12.301681390000004,3.5154477666436748,4.37,-4.37,8.74,-0.0066000000000000026,1.0841035190423467,1.1752804399999999,1.0841236091885464,2.67,-3.02,5.6899999999999995,0.09379999999999995,2.2132486439620833,4.89846956,2.2152354276690325,4.37,-4.37,8.74,10.775768294558599,3.335831180078755,11.127769661985619,11.280290421793227,21.078069171534665,3.242992445257929,17.835076726276736,3.962453684951969,1.655272121015324,2.7399257946105693,4.294294470573717,6.698037025875566,0.3220248437620924,6.376012182113474,Severe_Fault,Severe_Fault_001_window_003.csv
0.18640000000000004,2.409767009484527,5.80697704,2.4169654527940607,4.75,-8.1,12.85,-0.7782000000000002,8.365742212141132,69.98564276,8.401859199010657,19.61,-19.61,39.22,7.1425,3.2089610078653186,10.29743075,7.8302450153235945,13.81,-2.0,15.81,0.18440000000000012,3.434262750576898,11.79416064,3.4392097929611687,4.37,-4.37,8.74,0.1775,1.5935955415349279,2.5395467500000004,1.6034503422307784,3.68,-4.37,8.05,-0.08240000000000001,1.8572905642359787,3.4495282400000002,1.8591175325944296,4.37,-4.37,8.74,11.000122812946259,4.091820511715939,16.742995100099293,11.736511278910783,21.151486945366276,2.2151749366585025,18.936312008707773,3.8246670552386455,1.7965124315106065,3.2274569165721516,4.225581025137253,7.228851914377552,0.2596150997149434,6.969236814662609,Severe_Fault,Severe_Fault_002_window_001.csv
-0.2972999999999999,2.609856645488407,6.81135171,2.626735426341983,4.72,-8.1,12.82,-1.0205000000000002,8.142354987962635,66.29794475,8.206056604727998,18.24,-17.73,35.97,7.270100000000001,3.2451753404092054,10.531162990000002,7.9615021823773935,12.5,-0.58,13.08,0.2936,3.4557371196316424,11.94211904,3.468186846177697,4.37,-4.37,8.74,0.12619999999999998,1.479918768041003,2.1901595600000006,1.4852898706986457,3.69,-2.97,6.66,0.07040000000000002,1.6883162736880788,2.85041184,1.6897834180746363,4.37,-4.37,8.74,11.103051584845415,3.7877257694112028,14.346866504261689,11.731352053365375,21.23991760812645,2.38214189333885,18.8577757147876,3.781791194594466,1.669679418477618,2.7878293604877564,4.133977987362777,6.659144089145391,0.32171415884290827,6.337429930302482,Severe_Fault,Severe_Fault_002_window_002.csv
0.39990000000000003,3.2920074407570836,10.837312990000003,3.3162076231744,8.87,-12.58,21.45,-0.9676,8.01842517206465,64.29514223999999,8.076595322287728,19.61,-17.73,37.34,7.602099999999999,3.1572976720607135,9.96852859,8.231673766616362,13.28,-0.58,13.86,0.48310000000000003,3.246238960705142,10.538067390000002,3.281989183406917,4.37,-4.37,8.74,0.052100000000000014,1.7019461184185591,2.89662059,1.7027433746751153,4.37,-4.37,8.74,0.02150000000000001,1.659594754751894,2.75425475,1.6597340148349071,4.37,-4.37,8.74,11.475881761409303,3.506168250120527,12.29321579815324,11.999544908037137,21.698041386263416,2.38214189333885,19.315899492924565,3.7549555664225926,1.5250618656933195,2.3258136941919885,4.052839128314866,6.55001526715778,0.35832945734337834,6.191685809814401,Severe_Fault,Severe_Fault_002_window_003.csv
0.5431,4.201444916930365,17.65213939,4.236401421017607,19.04,-8.2,27.24,-0.24320000000000003,7.818479376451664,61.12861976,7.822260926356267,19.61,-19.61,39.22,7.629700000000001,3.399918368137682,11.55944491,8.35294959879443,19.61,-1.89,21.5,-0.027799999999999894,2.731195188923706,7.459427159999999,2.73133666910544,4.37,-4.37,8.74,-0.012200000000000004,1.7533154764616663,3.07411516,1.7533579212471135,4.37,-4.37,8.74,0.01490000000000009,1.7642326915687736,3.1125169899999996,1.7642956101515412,4.37,-4.37,8.74,11.330657965860075,4.530211922271582,20.522820060691586,12.202730432161486,28.67487227521685,1.2197540735738497,27.455118201643,3.1500988809862527,1.9297875634403807,3.7240800400091616,3.694212094615035,6.626152729902926,0.12569805089976535,6.500454679003161,Severe_Fault,Severe_Fault_003_window_001.csv
1.3591,3.8983776356325457,15.197348189999998,4.128498637519456,19.04,-8.2,27.24,-0.23479999999999998,8.721611947340927,76.06651495999999,8.72477197409766,18.91,-19.61,38.519999999999996,7.644799999999999,3.403144275519332,11.581390959999998,8.368055807653294,13.98,-2.73,16.71,0.04320000000000001,3.130729269675039,9.801465760000001,3.131027307450384,4.37,-4.37,8.74,-0.010800000000000042,1.6838014609804803,2.83518736,1.6838360965367145,4.37,-4.37,8.74,-0.000199999999999991,1.634547631609431,2.67174596,1.6345476438452324,4.37,-4.37,8.74,11.867906362831109,4.726870377223483,22.34330356307287,12.774603907753853,23.74618074554306,1.409432509913121,22.33674823562994,3.548419856795198,1.6489689262995673,2.719098519901548,3.9128483231528413,6.301325257435931,0.35693136595149494,5.944393891484435,Severe_Fault,Severe_Fault_003_window_002.csv
0.7572,1.9039837604349465,3.62515416,2.04902562209456,6.8,-2.96,9.76,-0.6834,8.630691654786425,74.48883844000002,8.65770604721597,18.91,-19.61,38.519999999999996,8.0379,3.4156426320679394,11.66661459,8.73352454625279,13.58,-2.73,16.31,0.28219999999999995,3.2744515815629343,10.722033160000002,3.2865894176182096,4.37,-4.37,8.74,0.12029999999999998,1.1782864295238233,1.38835891,1.1844116682978094,3.64,-3.88,7.52,0.0031999999999999893,1.74983135187366,3.06190976,1.7498342778674782,4.37,-4.37,8.74,11.710812236716642,4.276179107143179,18.285707756367835,12.467109969836635,23.74618074554306,1.409432509913121,22.33674823562994,3.4581461667541418,1.8186935116626004,3.307646089363641,3.9072267658788378,6.301325257435931,0.3319638534539566,5.969361403981974,Severe_Fault,Severe_Fault_003_window_003.csv
0.8140999999999999,2.3289212502787637,5.42387419,2.4671102529072346,6.74,-6.04,12.780000000000001,-1.1207999999999998,6.73940942219717,45.41963935999999,6.831971311415176,15.13,-18.12,33.25,8.085,2.883939146376012,8.317105,8.583957711918204,13.42,0.16,13.26,0.30979999999999996,3.1151632316782374,9.704241960000001,3.1305299870788654,4.37,-4.37,8.74,0.04469999999999998,1.3013596389930033,1.69353691,1.3021271059309072,3.89,-3.88,7.77,0.0725,1.3415471478856045,1.7997487499999998,1.3435047450604707,3.19,-4.37,7.5600000000000005,10.79999987575714,3.131580700484302,9.806797683645753,11.24485637969645,21.080230074645772,1.8104419349981926,19.26978813964758,3.2198576226062134,1.7126806153351144,2.933274890144666,3.6470204276916247,6.436909196190358,0.22203603311174516,6.214873163078613,Severe_Fault,Severe_Fault_003_window_004.csv
1.919,3.414070444498765,11.655876999999997,3.9164317943761007,11.18,-9.06,20.240000000000002,1.0916000000000001,9.618905729863455,92.52334744,9.680647602304301,19.61,-16.76,36.370000000000005,6.842300000000002,3.9851240520214675,15.881213709999999,7.918224737906851,14.86,-5.05,19.91,0.1883,3.4047143947767484,11.592080110000001,3.409917447681102,4.37,-4.37,8.74,0.19389999999999993,1.726081049661342,2.9793557899999996,1.7369378227213546,4.37,-4.17,8.54,-0.004800000000000015,1.3231458574170878,1.7507149600000003,1.3231545639115636,4.04,-4.32,8.36,12.331142389502814,4.437858308892586,19.694586369806963,13.105405716726208,24.61098535207398,3.631487298614715,20.979498053459263,3.7390987258060124,1.5538239020802365,2.4143687186758522,4.049102122693376,6.367746854264859,0.5736723803705387,5.79407447389432,Severe_Fault,Severe_Fault_004_window_001.csv
1.3169000000000002,2.8478141424608454,8.11004539,3.137558126951595,9.05,-9.06,18.11,0.9098000000000002,9.68727670503945,93.84332995999999,9.729905754939253,19.61,-18.78,38.39,6.848799999999999,3.8893033515013973,15.12668056,7.8760867186693675,14.74,-5.05,19.79,0.24960000000000007,3.5167476224489014,12.36751384,3.525594134326866,4.37,-4.37,8.74,0.0876,1.3936765191392153,1.9423342399999999,1.3964268688334525,3.55,-3.5,7.05,0.041900000000000014,1.2284337141254307,1.5090493900000002,1.2291480789555016,3.18,-4.32,7.5,12.164811320571237,4.308763689842119,18.565444534901875,12.90535078949813,24.61098535207398,3.957031715819321,20.653953636254656,3.638319750694896,1.6288819452935903,2.653256391703431,3.986304930634384,6.367746854264859,0.3695943722515266,5.9981524820133325,Severe_Fault,Severe_Fault_004_window_002.csv
1.4650999999999996,3.2464304997951214,10.53931099,3.561717142053815,14.12,-6.14,20.259999999999998,1.1500999999999997,8.763508600440808,76.79908299,8.838654479048268,19.61,-18.78,38.39,6.9563999999999995,3.600199861118824,12.961439040000002,7.832811755685183,14.63,-4.72,19.35,0.22019999999999995,3.460010398828304,11.971671960000002,3.4670102393849374,4.37,-4.37,8.74,0.1477,1.6823797757938008,2.83040171,1.688850792698988,4.37,-3.5,7.87,-0.07609999999999999,1.2867485340966975,1.65572179,1.2889968968155043,3.18,-3.25,6.43,11.447515304576616,4.5951034103145165,21.114975351484098,12.33533874686869,22.26343639243502,2.744631122755843,19.518805269679177,3.7687626061612023,1.5265380500993164,2.3303184184010233,4.066188633105946,6.116224325513249,0.3695943722515266,5.746629953261722,Severe_Fault,Severe_Fault_004_window_003.csv
2.4272000000000005,4.149147642588777,17.215426160000003,4.806945599858604,14.29,-9.39,23.68,1.4098999999999997,7.675602842122565,58.91487899,7.804018003567137,19.06,-19.61,38.67,6.853799999999999,3.0731286273112617,9.444119559999999,7.511237847385742,12.66,-3.66,16.32,0.43470000000000014,3.3546282819412347,11.25353091,3.382675716056743,4.37,-4.37,8.74,0.04559999999999997,1.3983206499226135,1.9553006400000001,1.3990639728046748,3.83,-4.37,8.2,-0.09029999999999996,1.6733346676621506,2.8000489099999997,1.6757693755406797,4.37,-4.37,8.74,11.245624143750824,3.7368508958063216,13.964054617488507,11.850237001849372,21.47629623561754,3.6216708851026205,17.85462535051492,3.6976332057971497,1.5923525600149906,2.5355866753862943,4.025925732052195,6.566749576464752,0.30561413579872254,6.261135440666029,Severe_Fault,Severe_Fault_005_window_001.csv
1.2482000000000002,2.9318650651078744,8.59583276,3.186508434007354,8.9,-6.27,15.17,0.9277000000000001,7.908952503966628,62.55152971,7.96317505772666,19.07,-19.61,38.68,7.256599999999999,2.717502610854311,7.384820439999998,7.748745963057505,11.83,-3.66,15.49,0.7137999999999998,3.3538800753753857,11.248511560000003,3.4289972295118583,4.37,-4.37,8.74,-0.00510000000000004,1.35331555448092,1.8314629899999995,1.3533251641789568,4.12,-4.37,8.49,0.021500000000000026,1.3319672480958382,1.7741367500000005,1.3321407583284886,4.37,-3.47,7.84,11.005540619069006,3.5337137238353273,12.487132682022136,11.558938402811913,21.47629623561754,3.4177770553387474,18.058519180278793,3.586515756011875,1.581459683924497,2.50101473187857,3.919707897280103,6.566749576464752,0.30561413579872254,6.261135440666029,Severe_Fault,Severe_Fault_005_window_002.csv
2.6592999999999996,3.512813474979849,12.339858510000004,4.405875054969217,10.5,-11.74,22.240000000000002,0.050500000000000024,6.828522442666497,46.62871875000002,6.82870917523949,19.07,-19.61,38.68,7.1386,2.4181447516639696,5.847424040000001,7.5370441155667915,11.83,0.38,11.45,0.40360000000000007,3.217415583974194,10.351763040000002,3.242631030505938,4.37,-4.37,8.74,-0.02969999999999998,1.4328506237567125,2.05306091,1.4331584001777333,4.12,-4.37,8.49,-0.060700000000000004,1.3175372897948658,1.7359045100000003,1.318934797478632,4.17,-3.47,7.640000000000001,10.631929459245642,3.132429404411959,9.812113973624662,11.083773635364446,21.891187724744402,3.4177770553387474,18.473410669405656,3.4372424397556913,1.579098606909126,2.493552410342342,3.782616554714474,6.1806310357438425,0.4446346815083142,5.735996354235528,Severe_Fault,Severe_Fault_005_window_003.csv
3.2041000000000004,4.419969252155494,19.536128189999996,5.459156070309769,19.13,-11.74,30.869999999999997,1.1140999999999999,8.109433037518714,65.76290419,8.185604620307531,19.61,-19.61,39.22,6.5654,2.995634296772555,8.973824839999999,7.216529775453019,11.39,-5.29,16.68,0.21069999999999994,3.2332949927280064,10.45419651,3.2401529284896418,4.37,-4.37,8.74,0.030500000000000048,1.6504928809298145,2.724126749999999,1.65077466663382,4.37,-4.37,8.74,-0.01439999999999999,1.4635841759188297,2.14207864,1.4636550139974924,3.39,-4.05,7.4399999999999995,11.562027600051392,3.8992727239383767,15.204327775649807,12.201836337207608,23.49338204686588,5.067563517115499,18.42581852975038,3.5449209262648327,1.673161566176345,2.79946962652968,3.919940560773849,6.959439632614109,0.43428101501216926,6.52515861760194,Severe_Fault,Severe_Fault_005_window_004.csv
1.4657,3.4359989100696757,11.80608851,3.7355541757549178,7.96,-15.66,23.62,-1.1830999999999998,7.2129467896276624,52.026601389999996,7.309331501580702,12.35,-15.47,27.82,7.442399999999999,3.0485951256275405,9.29393224,8.04258975703722,13.13,-0.57,13.700000000000001,0.10620000000000002,3.1447755977175857,9.889613559999999,3.1465682894226212,4.37,-4.37,8.74,0.08030000000000001,2.0134534784792026,4.05399491,2.015054093566721,4.37,-4.37,8.74,-0.011200000000000002,1.9113174932490937,3.65313456,1.9113503080283323,4.37,-4.37,8.74,10.895370516216255,3.6544279052083652,13.354843314365601,11.491907674533415,21.196200131155585,1.429755223805809,19.766444907349776,3.856904276665928,1.6549575223056534,2.7388844006360675,4.196974505521805,6.760281059245984,0.6621933252457322,6.098087734000252,Severe_Fault,Severe_Fault_006_window_001.csv
1.5221,3.183714275810566,10.136036589999998,3.5288560469364567,11.54,-5.1,16.64,-0.8259000000000002,7.922392579896556,62.764304190000004,7.96532579371365,18.28,-19.61,37.89,6.853899999999999,3.5209893197793147,12.397365790000002,7.705407906139687,13.13,-6.57,19.700000000000003,0.05710000000000001,3.019786182828182,9.119108590000002,3.0203259757847336,4.37,-4.37,8.74,0.14740000000000003,1.8229375304710802,3.32310124,1.8288870932892496,4.37,-4.37,8.74,0.008899999999999986,1.9676711590100617,3.8717297899999994,1.96769128676223,4.37,-4.37,8.74,10.881385643091955,4.10706677402648,16.867997486312277,11.630672852419158,24.635959490143673,1.429755223805809,23.206204266337863,3.5948768263566984,1.8482063205507095,3.415866603323592,4.042153633893694,7.112257025726784,0.35496478698597694,6.757292238740807,Severe_Fault,Severe_Fault_006_window_002.csv
0.8808000000000001,3.690544317577016,13.62011736,3.7941963575966913,11.54,-8.44,19.979999999999997,-0.5724,6.777525082211058,45.934846240000006,6.801653328419496,18.28,-19.61,37.89,7.411700000000001,3.139751281550817,9.858038109999997,8.04930649186624,13.43,-6.57,20.0,-0.24150000000000002,2.7235033963628537,7.41747075,2.734189642288918,4.37,-4.37,8.74,0.022500000000000006,1.9768876422295731,3.9080847500000004,1.97701568026154,4.37,-4.37,8.74,-0.04700000000000002,1.7768542427560003,3.1572109999999993,1.7774757382310453,4.37,-4.37,8.74,10.668142842306198,3.411814370119081,11.640477296151062,11.200435214758398,24.635959490143673,3.95070879716539,20.685250692978283,3.3486899240787937,1.8248506219340699,3.3300797923731613,3.813633962508725,7.112257025726784,0.35496478698597694,6.757292238740807,Severe_Fault,Severe_Fault_006_window_003.csv
2.4287,3.447577310228155,11.88578931,4.2171522381815905,10.61,-9.53,20.14,3.7785,8.95605877325512,80.21098875,9.720496437939783,19.07,-16.94,36.010000000000005,5.7528999999999995,3.8306616386728805,14.67396859,6.9115719630197,13.09,-5.66,18.75,0.3685000000000001,3.449910832181029,11.90188475,3.469535559696716,4.37,-4.37,8.74,0.07680000000000003,1.5367660069119176,2.36164976,1.538683853168025,4.37,-4.37,8.74,-0.03870000000000001,1.4947184718200281,2.23418331,1.4952193818968507,3.08,-4.37,7.45,12.028743857049815,3.9181082452487637,15.351572221486347,12.650780647849365,20.682405566084427,3.3828094832550057,17.29959608282942,3.780663521793628,1.532151864202436,2.3474893349790005,4.079326660124193,6.89419320878085,0.3402939905434711,6.553899218237379,Severe_Fault,Severe_Fault_007_window_001.csv
2.3568000000000002,3.3261184224257563,11.06306376,4.076465380694407,10.61,-9.53,20.14,4.5074000000000005,8.653422400414764,74.88171924,9.75696540938831,19.61,-16.94,36.55,5.361500000000001,3.3649845096225923,11.323120749999998,6.329992338068033,10.52,-3.09,13.61,0.1516,3.439711243694738,11.831613440000003,3.4430503917311466,4.37,-4.37,8.74,0.03759999999999998,1.6435705765193047,2.7013242399999995,1.6440006082723935,4.37,-4.37,8.74,0.04099999999999999,1.5642797064463885,2.4469709999999996,1.5648169221988877,3.99,-4.37,8.36,11.621510693078504,4.101857653632318,16.825236210662027,12.324152993208092,21.83265902266602,2.8354364743368876,18.997222548329134,3.808968919222116,1.5804245544789255,2.4977417723999102,4.123831470853289,6.89419320878085,0.34698703145794946,6.5472061773229004,Severe_Fault,Severe_Fault_007_window_002.csv
2.6231,2.999899563318745,8.999397389999999,3.9849781680706857,14.68,-4.06,18.74,3.5111999999999997,9.551145091558393,91.22437255999999,10.176094437454873,19.61,-19.61,39.22,5.114000000000001,4.077397209004784,16.625168000000002,6.540501815610175,12.01,-6.99,19.0,0.33780000000000016,3.494830347813753,12.213839159999997,3.5111177707391135,4.37,-4.37,8.74,0.010799999999999999,1.6384588368341757,2.6845473600000003,1.6384944308724396,4.37,-3.85,8.22,0.02950000000000003,1.5946920549121701,2.54304275,1.5949648898956992,3.99,-4.37,8.36,11.83033342679614,4.717448887993366,22.254324010829848,12.73621266311143,23.085844147442387,1.510132444522665,21.575711702919723,3.841354733638056,1.6734750701329553,2.8005188103564995,4.1900507156835225,6.337049786769866,0.34698703145794946,5.990062755311916,Severe_Fault,Severe_Fault_007_window_003.csv
1.9431,4.134393473050189,17.09320939,4.568243316637152,17.41,-11.17,28.58,2.1722000000000006,9.093927708091812,82.69952115999999,9.349757964781762,19.61,-19.61,39.22,5.798700000000001,4.464147097710827,19.92860931,7.3180278080914665,11.56,-9.34,20.9,0.3275999999999999,3.437832782437214,11.818694239999997,3.4534064342327273,4.37,-4.37,8.74,0.1349,1.7489393900304262,3.058788989999999,1.754134259399776,4.37,-4.37,8.74,0.18150000000000002,1.5361102662244008,2.3596347499999997,1.546795720190614,4.37,-4.37,8.74,11.73089176160996,4.922045355072583,24.226530477391588,12.721648949723459,26.460804976417478,1.0502380682492898,25.41056690816819,3.7280846994914527,1.870017238802285,3.496964473417723,4.170800882324641,7.557532666155006,0.24919871588754225,7.308333950267464,Severe_Fault,Severe_Fault_008_window_001.csv
2.5256,3.7434033498943173,14.013068639999998,4.5157196547172855,17.41,-4.85,22.259999999999998,1.5402000000000005,9.532024336939138,90.85948796000001,9.655656580471366,19.61,-19.61,39.22,6.162100000000001,3.4852751096577723,12.147142589999998,7.079450473024019,11.53,-3.74,15.27,0.1923,3.408413371350371,11.61728171,3.4138337686536526,4.37,-4.37,8.74,0.12729999999999997,1.9322468035941993,3.73357771,1.9364356431340548,4.37,-4.37,8.74,0.1451,1.5606341627684561,2.4355789899999998,1.5673649862109336,4.37,-4.35,8.719999999999999,11.870597858683373,4.778174701433771,22.83095347742171,12.796173138872417,26.460804976417478,1.5220381072758988,24.938766869141578,3.8727784132701917,1.6918227926436071,2.862264361708414,4.226189418376796,7.557532666155006,0.18627936010197158,7.371253306053035,Severe_Fault,Severe_Fault_008_window_002.csv
2.6963,4.005210270385314,16.04170931,4.828223586372114,17.9,-11.99,29.89,2.2533000000000003,9.984418466290364,99.68861211000004,10.235525047597706,19.61,-19.61,39.22,5.279800000000002,4.458379970347974,19.877151960000003,6.910386385724028,11.53,-13.47,25.0,0.2429,3.3826939840901957,11.44261859,3.3914036916887382,4.37,-4.37,8.74,0.09109999999999992,2.0110176006191494,4.04419179,2.0130799785403464,4.37,-4.37,8.74,0.10219999999999999,1.823999221491062,3.3269731600000005,1.826860147904048,4.37,-4.37,8.74,12.470547730198582,4.507393405155471,20.316595308839037,13.260134086803196,24.88472824846597,2.7935282350461397,22.09120001341983,4.011259162994917,1.6737168002052536,2.8013279272893126,4.346438542070968,7.0728989813230045,0.18627936010197158,6.886619621221033,Severe_Fault,Severe_Fault_008_window_003.csv
2.214,3.971340831507666,15.771548000000001,4.546794915102287,17.9,-11.99,29.89,3.5403999999999995,9.88974862370121,97.80712783999999,10.504359095156639,19.61,-19.61,39.22,4.6214,4.669022814251393,21.79977404,6.569407279199547,11.42,-13.47,24.89,0.40549999999999997,3.4167368570025993,11.67409075,3.440715187283016,4.37,-4.37,8.74,0.1758000000000001,1.673822081345565,2.8016803599999998,1.6830288173409271,4.37,-4.37,8.74,0.31839999999999996,1.944910136741541,3.7826754399999993,1.970800345037518,4.37,-4.37,8.74,12.379138584899287,4.574816269082032,20.92894389585765,13.197424597246238,24.88472824846597,2.7935282350461397,22.09120001341983,3.9272647575669417,1.7696758245432043,3.1317525239726702,4.3075701967582605,7.0728989813230045,0.1705872210923198,6.902311760230685,Severe_Fault,Severe_Fault_008_window_004.csv
2.2510000000000003,3.830305862460595,14.671243000000002,4.442774358438655,11.1,-8.67,19.77,2.0868,9.959406898003516,99.18978576000003,10.175682778074403,19.61,-19.61,39.22,5.960699999999999,3.5378412217056887,12.51632051,6.931541314888053,12.1,-7.81,19.91,0.24489999999999998,3.5414690440550234,12.54200299,3.549926618959891,4.37,-4.37,8.74,0.0011000000000000376,1.9701034972812976,3.88130779,1.9701038043717396,4.37,-4.37,8.74,-0.08590000000000003,2.0030357435652517,4.01215219,2.0048768041952103,4.37,-4.37,8.74,12.264250766096538,4.573530599689962,20.917182146300423,13.089271522892325,21.655128722776045,2.4072806234421447,19.2478480993339,4.280773241838907,1.475736918273719,2.177799451956013,4.52800386483934,6.566726734073834,0.3552463933666322,6.211480340707202,Severe_Fault,Severe_Fault_009_window_001.csv
2.0919000000000003,3.8320510682922797,14.684615390000001,4.365851692396342,11.39,-8.67,20.060000000000002,0.8317999999999998,8.399291205810165,70.54809275999999,8.440378190578903,17.06,-19.61,36.67,6.9464,3.302127653498574,10.904047039999998,7.691327583714011,12.38,-5.9,18.28,0.34320000000000006,3.1498478947403163,9.921541760000002,3.168489861116807,4.37,-4.37,8.74,0.1322,1.7612822488176052,3.1021151600000008,1.7662366772321316,4.37,-4.37,8.74,-0.149,1.7174146266990973,2.9495129999999996,1.7238660040734024,3.85,-3.97,7.82,11.5893817298824,3.8914516724569514,15.143396119068006,12.225267481736342,21.913377192938565,2.4072806234421447,19.50609656949642,3.5926712815191646,1.7953682248907725,3.2233470629474437,4.016296054824644,6.342002838220746,0.19519221295943134,6.146810625261315,Severe_Fault,Severe_Fault_009_window_002.csv
1.7393,3.2218852415938093,10.38054451,3.661380750481982,11.39,-9.41,20.8,1.3736999999999997,8.494446498153955,72.15562131,8.604805227313399,19.61,-19.61,39.22,6.8074,3.600748427757763,12.965389240000002,7.7010443447625985,12.42,-8.84,21.259999999999998,0.36479999999999996,3.318474191552497,11.01227096,3.338465216233352,4.37,-4.37,8.74,0.22770000000000004,1.5999661590171212,2.55989171,1.6160875595090756,4.37,-4.37,8.74,-0.06670000000000002,1.7090986250067606,2.9210181099999994,1.710399660898002,4.22,-4.37,8.59,11.558165239646325,3.6281237979197205,13.163282293031417,12.114225769730396,21.913377192938565,3.7705569880324044,18.14282020490616,3.637711922857357,1.8573120271783718,3.449607966301433,4.08442847899189,6.640286138413013,0.19519221295943134,6.445093925453582,Severe_Fault,Severe_Fault_009_window_003.csv
-0.6441,3.971816736708782,15.77532819,4.023703890695736,7.99,-13.23,21.22,2.6822000000000004,7.481821914480456,55.977659159999995,7.948072470731503,19.61,-13.33,32.94,6.5637,3.017355350302646,9.104433310000001,7.224028723641677,13.86,-8.84,22.7,0.3741,3.112808087563382,9.68957419,3.1352073296673697,4.37,-4.37,8.74,0.16149999999999998,1.639506861833765,2.6879827499999998,1.6474419564889076,4.37,-4.37,8.74,0.16600000000000004,2.3312155627483273,5.434566,2.337118311083117,4.37,-4.37,8.74,11.02748990179531,3.153269171162295,9.943106465802545,11.46946554988505,20.182197600856057,3.7705569880324044,16.411640612823653,3.7648199542748157,1.9575093133607757,3.831842711894176,4.243313799378972,6.697029192111978,0.033166247903554,6.663862944208423,Severe_Fault,Severe_Fault_009_window_004.csv
0.9300000000000002,3.2521485205937317,10.576469999999999,3.3825094234901996,11.28,-5.71,16.99,1.0446,11.128601477274671,123.84577084,11.177520297454171,19.61,-19.61,39.22,5.5588999999999995,4.6120032296172555,21.270573789999993,7.2230148137740935,13.18,-11.61,24.79,0.21169999999999994,3.436239821374521,11.807744109999998,3.442754856216167,4.37,-4.37,8.74,0.015500000000000003,1.7969370467548385,3.2289827500000006,1.797003895376969,4.37,-4.37,8.74,0.012599999999999953,2.2621417373807504,5.11728524,2.262176827747999,4.37,-4.37,8.74,12.90946717393668,4.679308740086636,21.895930285051186,13.731360930366662,24.331473444902592,3.123539658784565,21.207933786118026,4.062368733549705,1.9225993531356889,3.696388272677769,4.494355126155476,6.86977437766336,0.050990195135927854,6.818784182527432,Severe_Fault,Severe_Fault_010_window_001.csv
0.7427999999999999,3.2106251976834668,10.30811416,3.295431079540278,8.8,-6.39,15.190000000000001,1.4886999999999995,10.225728791142469,104.56552931000002,10.333525874550274,19.61,-19.61,39.22,5.782299999999999,4.174648693003999,17.427691709999998,7.131807975541685,13.3,-8.98,22.28,0.1483000000000002,3.356774360900655,11.26793411,3.3600486603619304,4.37,-4.37,8.74,-0.01770000000000004,1.905645221440759,3.6314837099999995,1.9057274201732,4.37,-4.37,8.74,0.09180000000000005,2.325285522253128,5.406952760000001,2.327096903869712,4.37,-4.37,8.74,12.357220600446405,3.975349925717609,15.803407031903,12.980920922646437,22.262567237405484,3.123539658784565,19.13902757862092,4.019024244143174,2.045616807955339,4.184548124989391,4.509667836991989,7.569062029075994,0.20049937655763425,7.368562652518359,Severe_Fault,Severe_Fault_010_window_002.csv
1.2522999999999997,3.007173042909237,9.04308971,3.25750594780731,8.8,-6.39,15.190000000000001,1.9523000000000001,8.703421149754849,75.74953971000001,8.919698145116795,19.61,-11.59,31.2,6.622000000000001,3.7708020367025368,14.218948000000001,7.620356422110452,13.3,-5.46,18.76,0.26899999999999996,3.3450161434588024,11.189133,3.355814953182014,4.37,-4.37,8.74,0.06960000000000001,1.815205729387168,3.2949718400000005,1.8165395674193283,4.37,-4.37,8.74,0.11969999999999993,2.341433516032432,5.482310909999999,2.3444912027985945,4.37,-4.37,8.74,11.554829872188186,3.8377204985235123,14.728098624787556,12.175475021534067,22.29796627497674,2.156038033059714,20.141928241917025,3.9797140401733624,2.054221302208458,4.219825158447013,4.478610163878969,7.569062029075994,0.20049937655763425,7.368562652518359,Severe_Fault,Severe_Fault_010_window_003.csv
1.199,3.9399572332704325,15.523263,4.118356953931992,9.76,-8.67,18.43,0.9433000000000001,3.1649218173597906,10.01673011,3.3025058667623894,7.74,-9.58,17.32,8.7392,2.893159062339988,8.37036936,9.205649678322544,14.71,1.8,12.91,-0.04900000000000003,2.0003352219065684,4.001341,2.0009352813122163,4.37,-4.37,8.74,-0.12020000000000002,2.858003491950281,8.16818396,2.8605300208178206,4.37,-4.37,8.74,0.002600000000000003,0.7194645508987917,0.51762924,0.7194692488216574,2.12,-1.62,3.74,10.265268017012051,2.689919615696619,7.235667538909448,10.61185162919271,16.65831023843655,4.690938072496801,11.967372165939748,3.322572402152495,1.290163800629438,1.664522632454596,3.5642685084039334,5.486975487461193,0.49779513858614566,4.989180348875047,Severe_Fault,Severe_Fault_011_window_001.csv
1.4412,3.7461725213876624,14.033808559999997,4.01383432642654,9.76,-8.67,18.43,0.8355999999999999,4.01718864879408,16.137804640000002,4.10317340603587,11.38,-8.66,20.04,8.570099999999998,2.586273958806375,6.688812989999999,8.951839308209236,14.71,1.8,12.91,-0.1989,1.988773438579669,3.9552197900000006,1.9986948241289866,4.37,-4.37,8.74,-0.014799999999999962,2.726678008126372,7.43477296,2.726718173922637,4.37,-4.37,8.74,-0.0331,0.8477779131352738,0.71872739,0.8484238327628474,3.02,-2.93,5.95,10.328313814089427,2.5314538821968466,6.408258757689486,10.63401734999525,16.65831023843655,4.690938072496801,11.967372165939748,3.1681256714336024,1.4534702370545425,2.112575730003388,3.4856270597985666,6.623798004166492,0.4562893818619933,6.167508622304498,Severe_Fault,Severe_Fault_011_window_002.csv
0.8038,2.71364949099916,7.363893560000001,2.830192219620427,7.89,-6.77,14.66,0.8893000000000002,4.805154577118201,23.08951051,4.886754035144391,11.38,-8.66,20.04,8.5683,1.8892549086875494,3.5692841100000003,8.77411243374508,14.65,2.82,11.83,-0.0548,2.3205208380878632,5.384816959999999,2.3211678095303663,4.37,-4.37,8.74,0.0944,1.9916858788473646,3.9668126399999992,1.993921763761056,4.37,-4.37,8.74,-0.005399999999999997,0.8737166817681805,0.7633808400000001,0.8737333689404335,3.02,-2.93,5.95,10.242735911986701,1.9904178047078398,3.9617630372979766,10.434337640693826,16.256783199637006,5.885643550199077,10.371139649437929,2.809055082058918,1.4953807361200573,2.236163545958964,3.182287542004965,6.623798004166492,0.4562893818619933,6.167508622304498,Severe_Fault,Severe_Fault_011_window_003.csv
0.4508,4.910306238922375,24.111107359999995,4.930956093903088,12.52,-11.63,24.15,-1.2917000000000005,4.619358841874054,21.338476110000006,4.796557619793595,19.61,-11.23,30.84,8.4501,2.5934249536086447,6.72585299,8.839120035388138,19.61,2.0,17.61,0.05309999999999999,2.179466767353887,4.750075390000001,2.180113529153929,4.37,-4.37,8.74,-0.0014999999999999814,2.7201398401552814,7.39916075,2.720140253736928,4.37,-4.37,8.74,-0.09869999999999995,1.3986283673656845,1.9561613100000002,1.4021066293260296,4.25,-3.79,8.04,10.786382574480552,3.017496803137045,9.105286956942287,11.200506059995684,24.72684977913685,3.1128764832546763,21.61397329588217,3.4275884928670677,1.5393499029022821,2.3695981235652654,3.7573875232666647,6.747066029023282,0.2853068523537421,6.46175917666954,Severe_Fault,Severe_Fault_012_window_001.csv
1.2808000000000002,4.192881271870216,17.58025336,4.384142105361094,12.52,-9.97,22.490000000000002,-1.1697,6.350908510599093,40.33403891,6.457726922067858,19.61,-19.61,39.22,8.2893,2.9064938517051777,8.44770651,8.784087943548835,19.61,-1.29,20.9,0.11249999999999995,2.3216069327084634,5.389858749999999,2.32433108657093,4.37,-4.37,8.74,0.13370000000000004,2.3970451205598944,5.745825309999999,2.4007709178511805,4.37,-4.37,8.74,-0.23669999999999994,1.6978798868000056,2.8827961099999997,1.714299565420233,4.25,-4.37,8.620000000000001,11.18525961815393,3.601819994738068,12.973107274494934,11.750878265048957,24.72684977913685,2.9818618344920007,21.744987944644848,3.41848177152955,1.5553203456909424,2.4190213777201923,3.755667583799184,6.891755944605119,0.2853068523537421,6.606449092251378,Severe_Fault,Severe_Fault_012_window_002.csv
1.0872,3.440033744020544,11.83383216,3.607746665163728,9.24,-11.25,20.490000000000002,0.6918,7.514222165999619,56.46353476,7.546000397561611,19.61,-19.61,39.22,8.314400000000001,2.6869455967696854,7.21967664,8.737787134051734,13.58,-1.29,14.870000000000001,0.05250000000000003,2.650942615372879,7.02749675,2.6514624266619355,4.37,-4.37,8.74,0.13120000000000004,1.7191627497127782,2.9555205600000005,1.7241618253516693,4.37,-4.37,8.74,-0.31470000000000004,1.795850469833165,3.2250789099999997,1.823215565971287,4.11,-4.37,8.48,11.51627646156781,3.698953698106958,13.68225846073914,12.095738175076377,21.441849267262374,2.9818618344920007,18.459987432770372,3.237216707703988,1.6874625884333416,2.847529987362153,3.6506303565274862,6.891755944605119,0.4496665431183423,6.442089401486777,Severe_Fault,Severe_Fault_012_window_003.csv
1.3678,3.393336287490528,11.514731159999998,3.658634718033491,8.97,-8.6,17.57,0.011799999999999916,7.458787217772068,55.63350675999999,7.458796551723341,19.61,-19.61,39.22,8.527399999999998,2.4614031039226387,6.058505240000001,8.8755313080401,13.86,0.14,13.719999999999999,0.12490000000000002,2.9887453872820946,8.932598989999999,2.991354041232833,4.37,-4.37,8.74,-0.05160000000000003,1.8644059214666746,3.47600944,1.865119835292092,3.84,-4.37,8.21,-0.16750000000000004,1.7791370801599298,3.16532875,1.7870044767711133,3.8,-4.37,8.17,11.627104807005175,3.550316015077687,12.604743806917106,12.157068314359346,23.246094295601573,2.040122545338882,21.20597175026269,3.6050976148521316,1.6197305909895847,2.6235271873874693,3.9522469558467623,7.019928774567446,0.20712315177207982,6.812805622795366,Severe_Fault,Severe_Fault_013_window_001.csv
0.9969000000000001,3.4358427481478255,11.805015390000003,3.577544548988873,10.56,-7.03,17.59,0.4213,6.005296771184585,36.063589310000005,6.020056727307476,18.33,-12.1,30.43,8.766399999999999,2.073088285626061,4.29769504,9.008188719159918,13.07,0.14,12.93,0.18320000000000003,2.7566218021339086,7.598963759999998,2.762702662249414,4.37,-4.37,8.74,-0.06670000000000002,2.0805095794059687,4.32852011,2.0815784875906074,4.37,-4.37,8.74,-0.09919999999999997,1.6341882878052947,2.6705713600000003,1.637196384066371,3.8,-4.37,8.17,11.063949468198189,2.788618684072282,7.776394165157025,11.409968098114911,20.194756745254445,2.040122545338882,18.154634199915563,3.49949864793157,1.5490049106200785,2.399416213125117,3.8269971256848367,6.698462510158581,0.4396589587396122,6.2588035514189695,Severe_Fault,Severe_Fault_013_window_002.csv
0.6789000000000001,3.203938793110755,10.26522379,3.2750769456609716,10.56,-6.68,17.240000000000002,0.3979000000000001,6.6536137992823114,44.27057658999999,6.665500806391069,16.78,-12.62,29.4,8.2725,2.133845999597909,4.553298749999999,8.5432754257369,13.07,1.98,11.09,0.26460000000000006,2.923462474532553,8.54663284,2.935412407141457,4.37,-4.37,8.74,0.0542,1.8598925667898132,3.4592003599999996,1.860682132982418,4.37,-4.37,8.74,-0.05719999999999999,1.7095175225776427,2.922450160000001,1.7104742032547582,4.37,-4.15,8.52,10.933659951031855,2.932177531324132,8.597665075202082,11.320008171375143,20.280574449457788,4.360802678406809,15.919771771050979,3.5014392230546862,1.6566319347562388,2.7444293672541993,3.873565024625248,6.712540502671101,0.4396589587396122,6.272881543931489,Severe_Fault,Severe_Fault_013_window_003.csv
1.339,3.7920038238377343,14.379292999999997,4.0214691345328015,11.63,-9.6,21.23,1.3307,7.2381743906872,52.391168510000014,7.35947898971116,17.88,-15.82,33.7,7.488800000000001,2.597287538952898,6.745902560000001,7.9264133124635885,12.17,-0.26,12.43,0.6354,3.1658393578954698,10.02253884,3.2289738308013587,4.37,-4.37,8.74,0.12010000000000001,2.0255406660938706,4.102814990000001,2.029098075500541,4.37,-4.37,8.74,0.05930000000000001,1.898535359165059,3.6044365099999998,1.8994612394044792,4.37,-4.37,8.74,10.997729918074727,3.494582900588289,12.21210964908406,11.539591543897902,19.41206068401807,1.0798611021793498,18.33219958183872,3.916900999861282,1.6761117377089436,2.8093505572856943,4.260453496988319,7.39991216164084,0.7024243731534379,6.697487788487402,Severe_Fault,Severe_Fault_014_window_001.csv
0.11100000000000004,3.2560929040799804,10.602141,3.257984346187072,8.62,-9.6,18.22,2.487,7.583972903432607,57.51664500000001,7.981341616545429,19.24,-15.82,35.06,7.340800000000001,2.4001665275559527,5.76079936,7.723221089674955,12.16,-0.5,12.66,0.5035000000000001,3.1314295058327595,9.805850750000001,3.171649886100293,4.37,-4.37,8.74,0.20329999999999998,1.673101942500815,2.79927011,1.6854082591467268,4.37,-4.37,8.74,-0.05219999999999997,2.293440899609144,5.259871159999999,2.294034873318189,4.37,-4.37,8.74,11.130409455124912,3.1746504313492525,10.078405361265995,11.574299978832414,20.37878308437479,1.6488480827535323,18.729935001621257,3.844915362888737,1.8382561987443908,3.3791858522221774,4.2617555068304895,7.39991216164084,0.6621933252457322,6.737718836395108,Severe_Fault,Severe_Fault_014_window_002.csv
1.3392000000000002,3.6512909169223975,13.331925360000003,3.8891364079959962,11.81,-8.06,19.87,2.3642,6.683678804371137,44.671562359999996,7.0894995592072645,19.24,-13.09,32.33,7.505799999999999,2.335428945611491,5.454228360000001,7.860741822499961,13.87,-0.5,14.37,0.3505,3.1157998571795336,9.70820875,3.1354519610416616,4.37,-4.37,8.74,0.05420000000000002,1.5641107249808115,2.44644236,1.5650495199833134,4.2,-4.28,8.48,-0.1654,1.9270331704462174,3.71345684,1.9341184038212342,3.88,-4.37,8.25,10.90435222057254,2.8762389764577483,8.272750649694714,11.277306770678893,20.37878308437479,3.7862118271433256,16.592571257231462,3.655039763359732,1.6315444610120928,2.6619373282592402,4.002655743378389,6.530382837169656,0.6621933252457322,5.868189511923924,Severe_Fault,Severe_Fault_014_window_003.csv
2.1189,3.7907690235623694,14.369929789999999,4.342771810721811,11.81,-8.84,20.65,1.556,7.958573490268214,63.33889199999999,8.109255699507816,19.61,-19.61,39.22,7.4884,3.595394198137389,12.926859439999998,8.306804078585216,19.61,-5.44,25.05,0.4422,3.260635085378307,10.631741159999997,3.290483551090934,4.37,-4.37,8.74,-0.13709999999999992,1.7925497454743062,3.2132345900000003,1.7977850260807047,4.2,-4.28,8.48,0.08939999999999998,1.831311453576371,3.3537016400000006,1.8334922961387103,4.04,-4.37,8.41,11.576748924521308,4.427366411151745,19.601573338594683,12.394462029471065,27.751479239853143,2.4018742681497716,25.34960497170337,3.8960478655709063,1.4972701924436966,2.2418180291803846,4.173847984773763,7.079442068411889,0.7048404074682438,6.374601660943645,Severe_Fault,Severe_Fault_014_window_004.csv
1.5419999999999996,3.2932691964065133,10.845622,3.636397393025135,9.97,-8.84,18.810000000000002,2.1305000000000005,9.382783635467675,88.03662875,9.621624550978906,19.61,-19.61,39.22,6.9534,3.6808673488730883,13.548784439999997,7.867563536445067,19.61,-5.44,25.05,0.36690000000000006,3.4956460618889893,12.21954139,3.5148480763754217,4.37,-4.37,8.74,-0.2027,1.6422775983371387,2.6970757100000005,1.6547395565465886,4.37,-4.04,8.41,-0.03120000000000002,2.0980864043218053,4.401966560000001,2.0983183743178726,4.06,-4.37,8.43,12.002664000643602,4.861446069602556,23.633657887654138,12.94981084803944,27.751479239853143,1.8719508540557361,25.879528385797407,4.089031305663504,1.6658580315572582,2.775082981303823,4.41534370123097,7.356215059390257,0.38483762809787714,6.97137743129238,Severe_Fault,Severe_Fault_014_window_005.csv
0.8122,3.571873900349787,12.758283159999998,3.663052279179209,11.79,-9.21,21.0,1.9786000000000001,7.80652150704781,60.94177804000001,8.053361782510457,19.61,-13.7,33.31,6.8233,2.6267333534258857,6.89972811,7.311439735100056,15.4,-1.32,16.72,-0.023900000000000074,3.2429193314049614,10.516525790000001,3.2430074005465976,4.37,-4.37,8.74,0.08580000000000002,1.8931007263217665,3.58383036,1.895044062812261,4.37,-3.5,7.87,-0.3984000000000001,1.9328185222622427,3.7357874399999997,1.9734512915195044,4.06,-4.37,8.43,10.89528258202784,3.608955036816165,13.024556457760768,11.477444794029724,21.73657516721528,1.8719508540557361,19.864624313159542,3.8593500934317517,1.7630132887554566,3.108215856328331,4.242970539610191,7.356215059390257,0.38483762809787714,6.97137743129238,Severe_Fault,Severe_Fault_014_window_006.csv
0.6223,2.9315302676247432,8.59386971,2.9968528492403492,11.79,-9.21,21.0,1.2969000000000002,7.672925086953476,58.87377939,7.781756164260096,16.05,-12.55,28.6,6.9388999999999985,2.714779878737869,7.37002979,7.451064554813628,15.4,-2.4,17.8,0.08070000000000001,3.272467648426795,10.709044509999998,3.2734625398803634,4.37,-4.37,8.74,0.15179999999999996,1.6732694821815164,2.7998307600000003,1.6801410655061078,4.37,-3.5,7.87,-0.33870000000000006,2.082294241936043,4.33594931,2.1096603992112097,3.58,-4.37,7.95,10.75722667604667,3.055698486459346,9.337293240149938,11.182809083588971,20.004352026496633,3.372402704304455,16.631949322192177,3.8679557991805016,1.7401195176153634,3.028015935585925,4.241355679496828,6.74817753174885,0.3280243893371345,6.420153142411716,Severe_Fault,Severe_Fault_014_window_007.csv
1.1114000000000002,1.2578481784380815,1.58218204,1.6785088620558426,7.3,-1.67,8.969999999999999,0.9862000000000001,7.891864517336825,62.28152556,7.953245626786589,16.05,-19.59,35.64,7.515499999999999,2.6530259610490057,7.03854675,7.970024278507563,14.14,-2.4,16.54,0.33690000000000003,3.453488003453899,11.926579389999999,3.4698819864658224,4.37,-4.37,8.74,0.14459999999999998,1.102385068839378,1.2152528400000002,1.1118282241425606,2.61,-3.16,5.77,-0.06709999999999999,2.1633711170300853,4.68017459,2.1644114673508823,3.58,-4.37,7.95,10.972077613278513,3.034189817429434,9.206307848192461,11.383883124839256,22.64028710065312,2.862743439430086,19.77754366122303,3.843254416901627,1.7861454271604371,3.1903154869661403,4.2380325624044,6.486501368226173,0.3280243893371345,6.1584769788890386,Severe_Fault,Severe_Fault_014_window_008.csv
1.2060000000000002,2.7623714449725982,7.6306959999999995,3.014155271382017,9.08,-13.56,22.64,0.4166,7.477195894183861,55.90845844,7.488792559551907,16.25,-19.59,35.84,8.0832,2.7759080964614085,7.70566576,8.546565860039927,14.43,-1.95,16.38,0.19549999999999998,3.136372227590341,9.836830749999997,3.142459387167955,4.37,-4.37,8.74,0.0784,1.3848687446830474,1.9178614399999998,1.3870861544979822,3.28,-4.37,7.65,-0.009400000000000007,2.059012297194944,4.239531639999999,2.059033753972965,4.37,-4.37,8.74,11.29611469875401,3.257104037729461,10.608726712593558,11.756314643628759,22.64028710065312,2.6946428334753385,19.94564426717778,3.553038338357347,1.8478629727777072,3.4145975661628656,4.0048319565245185,6.652954231016475,0.3367491648096547,6.31620506620682,Severe_Fault,Severe_Fault_014_window_009.csv
1.3895000000000002,3.2856616913492482,10.795572750000003,3.567391624142211,9.08,-13.56,22.64,-0.6570999999999998,7.809078344465498,60.98170459000001,7.8366756344766495,16.25,-17.54,33.79,7.749199999999999,3.202435535650952,10.25559336,8.38484907437218,15.72,-2.47,18.19,0.3957,3.030108663068042,9.181558509999997,3.0558365466758857,4.37,-4.37,8.74,-0.01610000000000002,1.5934295685721411,2.5390177899999995,1.5935109036338595,3.73,-4.37,8.1,0.0398,1.8917859181207581,3.57885396,1.8922045343989637,4.37,-4.37,8.74,11.492724864809688,3.516068426777996,12.36273718178509,12.018546584342051,21.11500651195732,2.6946428334753385,18.42036367848198,3.4664239089807234,1.8551973704290348,3.441757283246805,3.9316474918283295,6.7322136032660165,0.38678159211627433,6.345432011149742,Severe_Fault,Severe_Fault_014_window_010.csv
1.5393999999999999,3.9664056323074166,15.732373639999997,4.254659328312902,10.37,-8.37,18.74,1.3245000000000002,7.750373200691693,60.068284750000004,7.862733939286005,16.16,-19.61,35.769999999999996,6.6764,2.765405402468144,7.647467039999999,7.22646414230362,13.77,-3.77,17.54,0.3094,3.4304762992913975,11.768167640000001,3.4444006735570123,4.37,-4.37,8.74,0.14279999999999998,1.735079295017954,3.0105001600000003,1.7409457200039293,4.1,-4.37,8.469999999999999,-0.24860000000000007,1.929539333623443,3.7231220400000007,1.9454881135591653,4.21,-4.37,8.58,10.902521231229455,3.644382773885174,13.281525802590995,11.495498901744108,20.74876622838091,2.2402901597784157,18.508476068602494,3.9570338673301864,1.7382735609799482,3.0215949728019096,4.322003239239878,7.569062029075994,0.6022457969965419,6.966816232079452,Severe_Fault,Severe_Fault_015_window_001.csv
2.6967000000000003,3.917750133686425,15.34876611,4.756149387897735,19.61,-4.81,24.419999999999998,2.818199999999999,8.280484935074757,68.56643075999999,8.746924145092375,19.61,-19.61,39.22,6.376099999999997,3.1461121706004063,9.89802179,7.110040295244464,15.67,-3.77,19.44,0.4642,3.3684914071435594,11.346734359999997,3.400325866736893,4.37,-4.37,8.74,-0.03760000000000001,1.5489545635686026,2.3992602400000003,1.5494108557771242,4.1,-4.37,8.469999999999999,-0.06930000000000001,1.9948835830694482,3.97956051,1.9960869219550537,4.37,-4.37,8.74,11.511356434644473,4.143788729480462,17.170985034569295,12.23447228122243,25.370128103736487,3.3035435520059364,22.06658455173055,3.8601663329882148,1.7453850239028401,3.0463688816643177,4.236419832830547,7.569062029075994,0.35341194094144585,7.215650088134548,Severe_Fault,Severe_Fault_015_window_002.csv
2.4311000000000003,3.3655911501547537,11.327203789999999,4.151800934534314,19.61,-7.45,27.06,0.7143999999999999,7.849419764543109,61.61339064,7.881862597127661,19.61,-17.2,36.81,7.099899999999998,3.0595396696235206,9.36078299,7.731064803764097,15.67,-3.42,19.09,0.15039999999999998,3.245768297337319,10.53501184,3.249250990613067,4.37,-4.37,8.74,0.11100000000000002,1.476068765335816,2.178779,1.4802364675956339,3.96,-4.37,8.33,0.0975,1.7037936348044034,2.9029127500000005,1.70658108509382,4.37,-4.37,8.74,11.148017448107794,3.853865459079258,14.85227897668418,11.795362308975507,25.370128103736487,3.3035435520059364,22.06658455173055,3.5768625329539185,1.693282439627389,2.8672054203504818,3.957417213284442,7.569062029075994,0.35341194094144585,7.215650088134548,Severe_Fault,Severe_Fault_015_window_003.csv
1.0898,2.940605713114221,8.647161959999998,3.136052614354549,8.42,-7.45,15.870000000000001,-1.746,7.949788676436625,63.199139999999986,8.139266306000804,18.33,-18.67,37.0,7.383800000000001,2.8592452780410427,8.17528356,7.918067062105498,14.4,0.84,13.56,-0.11729999999999999,3.2943763764937364,10.852915710000001,3.296464014667838,4.37,-4.37,8.74,0.3869,1.3397773658335925,1.79500339,1.3945232160132723,3.96,-2.64,6.6,0.10989999999999998,2.2112048729143123,4.88942699,2.213934280867434,4.37,-4.37,8.74,11.32036870218018,3.2599877985507093,10.6275204466995,11.780418838054953,21.10220130697269,2.641457930764751,18.46074337620794,3.7779762765693228,1.8546617626077797,3.4397702536793964,4.208666653466392,6.677926324840669,0.5135172830587107,6.164409041781958,Severe_Fault,Severe_Fault_015_window_004.csv
0.1382,2.4944207263410876,6.222134759999999,2.4982461848264674,6.57,-6.28,12.850000000000001,-1.1353000000000002,9.984892533723134,99.69807890999999,10.049228079807921,18.83,-19.61,38.44,6.733099999999999,3.8549894150308632,14.860943389999997,7.758580991392691,14.05,-6.77,20.82,0.28230000000000005,3.510917787416846,12.326543710000003,3.522248855489913,4.37,-4.37,8.74,-0.11699999999999998,1.4103152129931804,1.988989,1.4151600616184727,2.82,-4.04,6.859999999999999,0.13819999999999996,2.996811765860512,8.98088076,2.999996666664815,4.37,-4.37,8.74,12.311582899482067,3.9810456552494777,15.848724509180743,12.93923483054543,21.952498718824696,2.641457930764751,19.311040788059945,4.361690624690572,2.0939316833379205,4.384549894486376,4.838273969092697,7.383454476056584,0.4346262762420146,6.948828199814569,Severe_Fault,Severe_Fault_015_window_005.csv
0.8895000000000001,2.64189832317597,6.979626750000001,2.7876221049489476,7.26,-5.28,12.54,-0.2986999999999999,9.967188134574366,99.34483931000003,9.971662900439425,18.83,-19.61,38.44,6.695499999999998,4.123504668361611,17.00329075,7.863396912276526,14.05,-6.77,20.82,0.37940000000000007,3.529053646517718,12.454219640000002,3.549389243236081,4.37,-4.37,8.74,-0.17399999999999996,1.5867904713603493,2.5179039999999997,1.596301976444307,2.82,-4.04,6.859999999999999,0.0758,2.6657798783845603,7.106382360000001,2.6668573265174875,4.37,-4.37,8.74,12.247321520388184,4.363602247711913,19.041024576236463,13.00145795670624,21.952498718824696,1.8420912029538603,20.110407515870836,4.2967063348954175,1.948534493323018,3.79678667166959,4.717888510764111,7.383454476056584,0.4183300132670378,6.9651244627895466,Severe_Fault,Severe_Fault_015_window_006.csv
2.5252999999999997,2.4604822515108697,6.05397291,3.525778353782325,8.87,-5.28,14.149999999999999,1.0112999999999999,8.671200107828213,75.18971131,8.72997359675274,19.61,-19.61,39.22,6.767600000000001,3.6410908035916925,13.257542239999998,7.684917175871189,12.88,-5.43,18.310000000000002,0.2932,3.5314826574683895,12.47136976,3.54363316385881,4.37,-4.37,8.74,-0.12269999999999999,1.3285600136990425,1.76507171,1.3342140008259544,3.01,-3.66,6.67,-0.13659999999999997,1.8672413984271021,3.48659044,1.8722312891306994,3.79,-4.37,8.16,11.460349401692312,4.044984003816415,16.36189559113068,12.15325075854193,21.621972620461808,1.8420912029538603,19.779881417507948,3.9424296887350083,1.5165622800863745,2.299961149380783,4.2240635648626315,6.404389119970772,0.4183300132670378,5.986059106703735,Severe_Fault,Severe_Fault_015_window_007.csv
2.2270000000000003,2.8719368029258585,8.248021000000001,3.634219310938733,8.87,-7.92,16.79,1.6065999999999996,8.193372348428943,67.13135044000002,8.34940201451577,19.61,-16.73,36.34,6.912099999999999,3.3006418451567874,10.894236590000002,7.659723428427426,13.89,-5.43,19.32,0.16169999999999998,3.436194713633091,11.807434109999999,3.4399972383709843,4.37,-4.37,8.74,0.279,1.5210374748835085,2.313555,1.546413916129831,4.37,-4.37,8.74,0.026600000000000006,1.9312173466495168,3.72960044,1.9314005281142494,4.37,-4.37,8.74,11.28264364773894,3.780658582593272,14.293379318136168,11.899219596259243,20.520394733045464,3.0551759360141606,17.465218797031305,3.9288470929744936,1.5872761322548343,2.519445520025866,4.237367697049668,7.187676954343455,0.46743983570080977,6.720237118642645,Severe_Fault,Severe_Fault_015_window_008.csv
-1.7192999999999998,3.8883542161176625,15.11929851,4.251504557212658,5.94,-11.33,17.27,0.9721,8.413104337282405,70.78032459,8.46907922976282,19.61,-19.61,39.22,6.510999999999999,2.8681455681328307,8.226258999999999,7.114729791074289,13.89,-1.54,15.43,0.03719999999999995,3.1320712252437684,9.80987016,3.1322921319698134,4.37,-4.37,8.74,0.4236,1.6376877113784543,2.6820210399999995,1.6915844643410511,4.37,-4.37,8.74,0.06789999999999999,2.6863988143981903,7.216738590000002,2.687256779691885,4.37,-4.37,8.74,11.263667018440605,3.681002485423411,13.54977929769333,11.8498934172422,20.502002341234867,3.0551759360141606,17.446826405220705,4.001179279914096,1.970945298577847,3.884625369986119,4.460275888327986,7.187676954343455,0.46743983570080977,6.720237118642645,Severe_Fault,Severe_Fault_015_window_009.csv
-3.2911,3.1491099996665723,9.91689379,4.555022831995466,5.82,-11.33,17.15,0.7493,8.37194484633051,70.08946051000001,8.405409627138942,19.61,-19.61,39.22,5.715600000000002,2.9854618805136335,8.912982640000001,6.448338235545651,14.71,-1.19,15.9,0.36729999999999996,3.0142610553832263,9.085769710000001,3.0365570964498594,4.37,-4.37,8.74,-0.0254,1.6128034102146487,2.6011348400000003,1.613003409791808,4.37,-3.95,8.32,0.1991,3.002273503530283,9.013646190000001,3.0088680595865283,4.37,-4.37,8.74,10.91833868116162,3.7108072495684703,13.770090443449915,11.531704557436424,25.09956772536133,3.6195303562755208,21.480037369085807,4.088690458927661,2.039204828131278,4.1583563310739144,4.56899835850266,7.18257613951986,0.5617828762075256,6.6207932633123345,Severe_Fault,Severe_Fault_015_window_010.csv
-1.9572999999999998,2.538578285182476,6.44437971,3.2055269457610245,5.82,-9.55,15.370000000000001,0.15090000000000003,8.135629305099883,66.18846419,8.137028634581545,19.61,-19.61,39.22,6.733199999999998,3.4924604163826967,12.197279759999999,7.585068358294472,14.71,-4.55,19.26,0.5202,3.110122177664408,9.67285996,3.153326497526065,4.37,-4.37,8.74,-0.0597,1.4030291907155745,1.9684909099999999,1.4042987573874726,3.04,-3.95,6.99,0.1904,2.509900762978489,6.299601840000001,2.5171122342875374,4.37,-4.37,8.74,10.928087245058629,3.820577072169454,14.596809164386919,11.576696419963685,25.09956772536133,2.1899315057782056,22.909636219583124,3.761198798549026,2.0260208779263262,4.104760597793361,4.272163035278499,7.18257613951986,0.14966629547095767,7.032909844048902,Severe_Fault,Severe_Fault_015_window_011.csv
0.5103,1.9423606539466352,3.7727649100000002,2.0082756284932604,5.72,-4.9,10.620000000000001,1.4698999999999998,9.084449845202515,82.52722899,9.202599361050115,19.61,-19.61,39.22,6.4116,3.850817762501882,14.828797439999999,7.4791317677923015,15.65,-10.48,26.130000000000003,0.19699999999999998,3.269571072786154,10.690095000000001,3.27550057243164,4.37,-4.37,8.74,-0.060900000000000024,1.2431549340287396,1.54543419,1.2446457327287954,2.9,-4.36,7.26,-0.12010000000000004,2.3927154009618445,5.725086989999999,2.3957276556403486,4.37,-4.37,8.74,11.341877277261364,4.002528929007555,16.020237827542363,12.027402795283777,22.314932220376562,1.1806354221350466,21.134296798241515,3.7677412957932246,1.954912665050384,3.821683527974395,4.244709412904493,7.5632929336367765,0.36124783736376886,7.202045096273007,Severe_Fault,Severe_Fault_016_window_001.csv
1.8127000000000004,3.1248487499397473,9.764679710000001,3.612556020326882,12.41,-10.0,22.41,0.7752000000000001,8.539757195611594,72.92745296,8.574869561690136,19.61,-19.61,39.22,6.8253999999999975,4.036763163724125,16.29545684,7.929788269556761,16.16,-10.48,26.64,-0.03339999999999999,3.2827428227017723,10.77640044,3.2829127310971886,4.37,-4.37,8.74,-0.14900000000000002,1.4080060369188763,1.9824809999999997,1.4158679316941958,2.9,-3.68,6.58,0.0008999999999999831,2.318051809170796,5.373364189999998,2.31805198388647,4.37,-4.37,8.74,11.437582748589172,4.317660462469857,18.642191869175424,12.225403510723073,22.314932220376562,1.1806354221350466,21.134296798241515,3.744135989336198,2.033963788605259,4.1370086933574575,4.260934521909483,7.19278805471147,0.15362291495737218,7.039165139754098,Severe_Fault,Severe_Fault_016_window_002.csv
3.2044999999999995,3.257198604629444,10.609342749999998,4.569262850832725,12.41,-10.0,22.41,0.8889999999999999,7.930170931322982,62.88761100000001,7.9798453619102165,19.61,-13.4,33.01,6.806200000000001,2.9224239185990797,8.54056156,7.4070857967219474,16.16,-1.03,17.19,0.2553,3.395455626274624,11.529118909999998,3.4050399410285928,4.37,-4.37,8.74,0.1791,1.663770473953664,2.76813219,1.6733825025976576,4.37,-3.39,7.76,0.08649999999999998,1.6645121657711006,2.77060075,1.666758230818135,4.37,-4.36,8.73,11.098731012906946,4.029787203207827,16.239184903137563,11.80766763590507,20.881405604029627,1.6163539216396885,19.265051682389938,3.7106044139527565,1.8449942772687198,3.4040038831543256,4.143982263475557,7.213334873690532,0.15362291495737218,7.05971195873316,Severe_Fault,Severe_Fault_016_window_003.csv
1.1644999999999996,3.6667277987328157,13.44489275,3.8472006706175335,9.38,-8.94,18.32,0.6361,9.4442498796887,89.19385579000001,9.465647310142081,19.61,-19.61,39.22,6.513299999999999,3.447509551835934,11.885322110000002,7.369423247446166,12.63,-6.16,18.79,0.20970000000000003,3.3937187435024727,11.517326910000001,3.4001913181466716,4.37,-4.37,8.74,0.29090000000000005,1.7706603824562177,3.1352381899999995,1.7943971132388725,4.37,-4.37,8.74,-0.11930000000000004,2.1956248563905447,4.820768510000001,2.198863570119802,4.37,-4.37,8.74,11.820738178140347,4.356372335310102,18.977979923855187,12.597929631491041,23.158348386704954,2.339786315029644,20.81856207167531,4.041190232944397,1.8124415855841558,3.284944501154809,4.429013772839276,7.213334873690532,0.6533758489567854,6.559959024733747,Severe_Fault,Severe_Fault_016_window_004.csv
-1.4463000000000001,2.980969525171299,8.88617931,3.313300922041341,3.86,-8.94,12.799999999999999,-0.3113999999999999,8.443066506903756,71.28537204,8.448807134738015,19.61,-19.61,39.22,7.413399999999999,3.1173406037839375,9.717812440000003,8.042158416743604,12.63,-6.16,18.79,0.04080000000000002,2.677946108494344,7.171395360000002,2.6782568958186217,4.37,-4.37,8.74,-0.0871,1.5045692373566595,2.26372859,1.5070882522267899,3.37,-4.37,7.74,0.03689999999999999,2.319996420255859,5.382383390000001,2.3202898525830777,4.37,-4.37,8.74,11.530478761411914,3.7529557061906273,14.084676532628789,12.12586561858575,23.158348386704954,3.3999117635609313,19.75843662314402,3.3090198978803635,1.9693926260225076,3.8785073154318286,3.8507298009598125,7.087644178427696,0.6533758489567854,6.43426832947091,Severe_Fault,Severe_Fault_016_window_005.csv
-1.2351999999999999,3.069820020782977,9.423794959999999,3.309004986396968,5.1,-8.11,13.209999999999999,0.10179999999999988,7.365370918018997,54.24868876000001,7.366074395497237,19.61,-13.91,33.519999999999996,7.633699999999999,2.5089661835106507,6.29491131,8.0354394403791,12.39,-1.69,14.08,0.5646000000000001,2.422366371959453,5.867858840000002,2.4872941120824454,4.37,-4.37,8.74,-0.1386,1.5838383882202123,2.50854404,1.5898911912454892,3.82,-4.28,8.1,0.28729999999999994,2.1701068429918378,4.70936371,2.189042027919976,4.37,-4.37,8.74,10.944488801011806,3.161489820405433,9.995017884527178,11.391964404789896,20.60000485436836,3.69,16.91000485436836,3.1769376176023547,1.847527638186523,3.413358373863072,3.67509061112784,7.094765676186917,0.4704253394535631,6.624340336733354,Severe_Fault,Severe_Fault_016_window_006.csv
0.4711,2.9209203669391606,8.531775790000001,2.958667098542856,9.39,-8.11,17.5,2.4861,9.372317311636435,87.84033179,9.696443935794195,19.61,-15.79,35.4,6.458599999999999,3.322804243406463,11.041028039999999,7.263232200611516,12.47,-4.1,16.57,0.35,3.214094584793671,10.330404000000001,3.233095111499196,4.37,-4.37,8.74,-0.11109999999999998,1.5281772770199142,2.3353257899999997,1.5322104946775428,3.82,-4.28,8.1,0.2316,2.8053868610229142,7.870195439999999,2.8149305497649495,4.37,-4.37,8.74,11.66019502489217,4.423700937165602,19.569129981479826,12.471137798933986,22.012809906960992,1.900894526269146,20.111915380691848,4.141086041486146,1.8909821249838936,3.575813397008602,4.552406726117516,7.094765676186917,0.4704253394535631,6.624340336733354,Severe_Fault,Severe_Fault_016_window_007.csv
1.1512,2.6745239875536733,7.153078560000001,2.911758918591991,9.39,-6.79,16.18,2.6001999999999996,9.94694847478361,98.94178396,10.28118786911318,19.61,-15.79,35.4,5.960999999999999,3.9217680961525505,15.380265000000001,7.135389688026857,12.47,-6.98,19.450000000000003,0.2159,3.387438588373227,11.474740190000002,3.3943118595674147,4.37,-4.37,8.74,0.2584,1.347606559794067,1.81604344,1.372156696591173,3.25,-3.27,6.52,0.3028,2.914544588782268,8.49457016,2.9302317314506032,4.37,-4.37,8.74,12.029020825947054,4.516371106201532,20.397607968932054,12.84892797084644,22.012809906960992,1.900894526269146,20.111915380691848,4.233376104658751,2.017164285948049,4.068951756504303,4.689394950310755,6.982571159680365,0.2720294101747089,6.710541749505656,Severe_Fault,Severe_Fault_016_window_008.csv
-1.6315,3.8249246724608836,14.630048749999998,4.158345945204656,6.28,-9.69,15.969999999999999,0.9480999999999997,8.64564985353906,74.74726138999999,8.697479807392483,19.61,-15.16,34.769999999999996,6.325700000000001,3.3349804362244764,11.12209451,7.150984197996804,12.36,-6.98,19.34,0.2993,2.948854101172182,8.695740509999998,2.964004217270954,4.37,-4.37,8.74,0.10769999999999999,1.5443625578211875,2.3850557100000005,1.5481133679417667,4.13,-4.37,8.5,0.2892,2.920601198383648,8.529911360000002,2.9348846655362797,4.37,-4.37,8.74,11.478267106939184,3.510549133933039,12.32395522175801,12.003106722844716,21.746700899216872,3.2273053775557092,18.519395521661163,3.9019571328740184,2.1378153646219253,4.570254533213575,4.4492161107323165,7.077873974577394,0.2565151067676132,6.821358867809781,Severe_Fault,Severe_Fault_016_window_009.csv
-0.9339,4.025883727829208,16.207739789999998,4.132784654443054,7.44,-9.69,17.13,0.24780000000000008,7.482495115935593,55.98773316,7.486597224373701,15.39,-12.96,28.35,7.4282,2.5193929348158455,6.34734076,7.843818967824283,13.84,-0.83,14.67,-0.043800000000000006,2.966350545704267,8.799235560000001,2.9666738951222804,4.37,-4.37,8.74,-0.17069999999999994,1.4240472288516277,2.02791051,1.4342416114448777,4.13,-4.37,8.5,-0.11379999999999998,2.403519411196839,5.776905559999999,2.406211960738289,4.37,-4.37,8.74,11.246317140731994,2.859177114149761,8.174893770077755,11.604074413756576,18.182810563826486,3.7239092362730863,14.458901327553399,3.586384567800846,1.9457401501330902,3.78590473183994,4.080203303758282,7.077873974577394,0.2565151067676132,6.821358867809781,Severe_Fault,Severe_Fault_016_window_010.csv
-0.5354999999999999,3.5976598991566733,12.943156750000004,3.6372952863357138,10.41,-11.89,22.3,0.6914,8.548707156055821,73.08039404000002,8.57662101296309,19.61,-19.17,38.78,7.146999999999999,2.716261585341147,7.378077000000001,7.64576261729332,13.79,-0.77,14.559999999999999,-0.044099999999999986,3.2379966321786067,10.48462219,3.2382969289427432,4.37,-4.37,8.74,-0.1937,1.9282181697100564,3.71802531,1.9379228570817777,4.37,-4.37,8.74,-0.025699999999999997,2.4782902392577024,6.141922510000001,2.478423490850585,4.37,-4.37,8.74,11.37553240305218,3.9803634943444477,15.843293547109942,12.051806130203056,23.143139372176798,4.185319581585139,18.957819790591657,4.073581078266201,1.9469545959758718,3.7906321987915708,4.5149413063737605,7.569062029075994,0.47675989764240867,7.092302131433585,Severe_Fault,Severe_Fault_017_window_001.csv
0.8345,2.4116323828477677,5.815970750000003,2.551932796920797,10.41,-9.77,20.18,0.3166,8.805841381719295,77.54284244,8.811530967998694,19.61,-18.97,38.58,7.0678,2.984717936422134,8.90854116,7.672179481737898,13.25,-5.93,19.18,0.2508000000000001,3.338299171734013,11.144241359999997,3.347706976424311,4.37,-4.37,8.74,-0.056599999999999956,1.587960465502841,2.5216184399999997,1.5889688480269208,4.31,-4.37,8.68,-0.004400000000000012,2.4141886090361706,5.828306639999999,2.414192618661568,4.37,-4.37,8.74,11.358709454260831,3.741322832058944,13.997496533685556,11.959004013712848,23.143139372176798,4.389715252724258,18.75342411945254,3.959884539541245,1.9696711485682628,3.879604433502219,4.42270166301097,7.569062029075994,0.3880721582386451,7.180989870837348,Severe_Fault,Severe_Fault_017_window_002.csv
0.6033000000000001,2.700714370310196,7.293858109999999,2.7672782657333177,14.08,-7.57,21.65,1.1540000000000001,8.299728067834513,68.88548600000001,8.379570514053809,18.67,-15.65,34.32,6.9698,2.873318631826272,8.25595996,7.538837576178438,13.25,-5.93,19.18,0.6278,3.305881601025663,10.92885316,3.3649644871825912,4.37,-4.37,8.74,0.25889999999999996,1.4451974916944743,2.08859579,1.4682046860026023,4.31,-3.12,7.43,0.2949,2.3764420863972258,5.64747699,2.394669705825837,4.37,-4.37,8.74,11.13998355062288,3.257279461736693,10.60986949185168,11.606425074069966,20.196363534062264,4.289254014394578,15.907109519667687,3.97118327226938,1.8554669002835535,3.442757418047859,4.383269784076723,7.534580280281046,0.3880721582386451,7.146508122042401,Severe_Fault,Severe_Fault_017_window_003.csv
0.37890000000000007,2.6696815896282464,7.12719979,2.6964356102084097,14.08,-7.57,21.65,2.2832999999999997,8.434502600035167,71.14083411,8.738094357467194,18.44,-15.66,34.1,6.7341999999999995,2.525505961188767,6.378180359999999,7.19219229442595,11.26,-1.47,12.73,0.5751999999999999,3.2085094607932825,10.29453296,3.2596607185411184,4.37,-4.37,8.74,-0.03750000000000002,1.2270626512122353,1.50568275,1.2276355322325923,3.19,-3.12,6.3100000000000005,0.37260000000000004,2.6147139881830284,6.836729239999999,2.641128546663339,4.37,-4.37,8.74,11.21504146198119,3.0944358138508523,9.575533006042788,11.634117413882327,19.721838149624897,4.289254014394578,15.43258413523032,3.9486274461614976,1.8752008669526918,3.516378291420127,4.371274070565698,6.74817753174885,0.32280024783137945,6.425377283917471,Severe_Fault,Severe_Fault_017_window_004.csv
1.0098,2.378129088169942,5.655497959999999,2.5836396807604576,8.76,-3.44,12.2,2.3975000000000004,9.266788696738477,85.87337275,9.571905714119838,19.61,-19.61,39.22,6.5543000000000005,3.463845335750429,11.99822451,7.413303784413533,19.61,-11.32,30.93,0.473,3.2768675591180068,10.737861000000004,3.3108292012726963,4.37,-4.37,8.74,-0.10869999999999998,1.0590379171682194,1.1215613100000001,1.0646018034927425,2.54,-3.46,6.0,0.1555,2.8548615990972315,8.150234750000001,2.8590933877717255,4.37,-4.37,8.74,11.816562267499917,3.6908674018849807,13.62250217829719,12.379565662817093,21.15403271246407,4.628887555341996,16.525145157122072,4.044142023679659,1.9784583119965362,3.9142972923081834,4.502153040490739,7.0827537017744735,0.32280024783137945,6.759953453943094,Severe_Fault,Severe_Fault_017_window_005.csv
0.1316,3.100583403167862,9.61361744,3.103374937064485,8.76,-13.35,22.11,1.8289000000000002,8.9623486759889,80.32369379,9.147052476071185,19.61,-19.61,39.22,6.792999999999999,3.4583355823285857,11.960085,7.622659247270601,19.61,-11.32,30.93,0.05009999999999998,3.3412921138385965,11.164232989999995,3.3416676974229502,4.37,-4.37,8.74,0.06720000000000001,1.4749909016668545,2.1755981600000003,1.4765209107899555,4.37,-4.2,8.57,-0.22620000000000004,2.7606262985054677,7.62105756,2.769877975651635,4.37,-4.37,8.74,11.69982383426317,3.8103229846310196,14.518561247207442,12.30465111248588,21.15403271246407,4.808544478321896,16.345488234142174,4.1103452365996285,2.0307986202385373,4.124143035962747,4.584657130037098,7.569062029075994,0.14352700094407325,7.425535028131921,Severe_Fault,Severe_Fault_017_window_006.csv
0.2809,2.996555721157209,8.97934619,3.0096928414707045,6.4,-13.35,19.75,1.1511000000000002,9.334732764787647,87.13723579000002,9.405438160979,19.09,-19.61,38.7,6.828399999999999,3.3939374537548566,11.51881144,7.6253431398200044,16.94,-5.2,22.14,0.09609999999999998,3.2894537221246933,10.82050579,3.29085718316672,4.37,-4.37,8.74,0.125,1.5639165578764105,2.445835,1.5689040760989819,4.37,-4.33,8.7,-0.30350000000000005,2.6415110732306233,6.9775807499999996,2.6588894298183967,4.37,-4.37,8.74,11.887303329476522,3.7892473597030345,14.358395553016418,12.476633199705761,23.909843161342568,4.5024993059410905,19.40734385540148,3.990287597432856,2.1067745227654338,4.438498889773522,4.512304732617246,7.569062029075994,0.14352700094407325,7.425535028131921,Severe_Fault,Severe_Fault_017_window_007.csv
0.8613000000000001,2.933783787193596,8.607087309999999,3.0576011839348833,7.25,-9.52,16.77,0.7267,9.688855149603588,93.87391410999999,9.716069524246933,19.61,-19.61,39.22,6.918599999999999,3.823126474497019,14.616296040000003,7.904639270706791,16.94,-5.55,22.490000000000002,0.5787,3.1872996893922605,10.15887931,3.2394093597444584,4.37,-4.37,8.74,-0.0055000000000000005,1.4520994284139084,2.1085927499999997,1.4521098443299665,3.6,-4.33,7.93,0.2726,2.61363410599112,6.831083240000001,2.627811637085124,4.37,-4.37,8.74,12.268070863773753,3.965941411748978,15.728691281425476,12.893186340079012,23.909843161342568,2.5333969290263223,21.376446232316248,3.869377868526393,2.1297194440954303,4.535704910558149,4.416762388899816,7.376360891388111,0.2729468812791236,7.103414010108987,Severe_Fault,Severe_Fault_017_window_008.csv
0.8916999999999998,2.9951150411962475,8.97071411,3.125034879805344,11.75,-9.52,21.27,0.39250000000000007,9.756740887714503,95.19399274999999,9.764632558371053,19.61,-19.61,39.22,6.949700000000002,3.97474463456459,15.798594909999997,8.006055520666841,13.67,-8.9,22.57,0.4439999999999999,3.2730383438022845,10.71278,3.3030161973565924,4.37,-4.37,8.74,-0.0003999999999999965,1.5748567680903556,2.48017384,1.5748568188886252,3.92,-4.11,8.030000000000001,0.3423,2.4796394314496615,6.148611710000001,2.5031542101916133,4.37,-4.37,8.74,12.344069628293903,4.1030186462934894,16.83476201183206,13.008105819065282,23.5606578855515,2.5333969290263223,21.027260956525176,3.9287491613564898,2.0544588161218216,4.220801027140677,4.433494220138333,7.318483449458638,0.31288975694324034,7.005593692515397,Severe_Fault,Severe_Fault_017_window_009.csv
0.8645999999999999,3.1674754679397283,10.032900840000002,3.2833571234332704,11.75,-9.35,21.1,0.6300999999999999,10.01127798984725,100.22568698999997,10.031087328899098,19.61,-19.61,39.22,6.7329,4.553374198328092,20.733216589999998,8.128047674564908,18.05,-8.9,26.950000000000003,0.42040000000000005,3.3648230027744397,11.322033839999996,3.3909836331070666,4.37,-4.37,8.74,0.18380000000000002,1.7553237764013796,3.0811615600000004,1.7649203948053862,4.37,-4.37,8.74,0.034599999999999985,2.6214814208763713,6.872164839999999,2.621709747473965,4.37,-4.37,8.74,12.555865848555024,4.451801746831238,19.818538793089665,13.3217230867482,24.95735963598714,3.8585230334935154,21.098836602493623,4.213286821583652,1.9326898765889813,3.7352901590695313,4.635415407490465,7.318483449458638,0.3841874542459709,6.934295995212667,Severe_Fault,Severe_Fault_017_window_010.csv
1.8003,3.0269160725068014,9.16222091,3.521832051645848,8.24,-7.53,15.77,0.8253999999999998,10.155458573594792,103.13333884,10.18894616729326,19.61,-19.61,39.22,6.078,4.543914831948328,20.647162,7.588757869374935,17.0,-9.75,26.75,0.5497,3.4409069894433353,11.839840909999998,3.4845388504076116,4.37,-4.37,8.74,0.16079999999999994,1.814896514956156,3.2938493600000003,1.8220060373116218,4.37,-4.37,8.74,0.2304,2.589838187995536,6.70726184,2.600066537610144,4.37,-4.37,8.74,12.208297274680918,4.976409212777675,24.764648653018515,13.1835947677407,26.533422319783778,1.5037951988219673,25.02962712096181,4.2439161051195615,2.0521303790711762,4.211239092706809,4.714028319813108,7.569062029075994,0.45978255730290596,7.109279471773088,Severe_Fault,Severe_Fault_018_window_001.csv
1.6853,3.6584090681606396,13.38395691,4.027926637862214,10.37,-7.53,17.9,1.0378,10.291256928091922,105.90996915999999,10.343451938303769,19.61,-19.61,39.22,5.5433,4.6806194152056415,21.908198110000004,7.255092900852476,13.62,-9.75,23.369999999999997,0.3484000000000001,3.49079438523669,12.18564544,3.5081373975373316,4.37,-4.37,8.74,0.31610000000000005,1.9745778764080186,3.8989577900000008,1.9997192302920928,4.37,-4.37,8.74,0.23089999999999994,2.789712205586806,7.782494190000002,2.7992515070997106,4.37,-4.37,8.74,12.391351497963136,4.722496379450888,22.301972053926747,13.260752768979597,21.51127611277397,1.5037951988219673,20.007480913952,4.499609286765283,1.9736337721207593,3.8952302664556173,4.913421821907824,7.569062029075994,0.4688283267892417,7.1002337022867525,Severe_Fault,Severe_Fault_018_window_002.csv
2.1602000000000006,3.4860734300929463,12.15270796,4.101118384050867,11.69,-7.52,19.21,-0.3831999999999999,10.674533889589746,113.94567375999998,10.681409832039964,19.61,-19.61,39.22,6.1791,4.554348272804793,20.74208819,7.676155613326244,16.91,-5.11,22.02,0.03779999999999999,3.503955359304682,12.277703160000003,3.5041592429568613,4.37,-4.37,8.74,0.11050000000000003,2.030811845051136,4.12419675,2.033815871705204,4.37,-4.37,8.74,-0.03740000000000001,2.787428786534286,7.769759240000001,2.787679680307621,4.37,-4.37,8.74,12.89183680872598,4.861645472180992,23.635596697177945,13.778064196395661,24.419594591229398,1.848810428356569,22.57078416287283,4.546020917265748,1.876270454860462,3.520390819782285,4.917997254980934,7.569062029075994,0.6964194138592059,6.872642615216788,Severe_Fault,Severe_Fault_018_window_003.csv
1.9628999999999999,2.985889246104082,8.915534590000002,3.573305332601736,11.69,-5.28,16.97,-0.5752999999999998,10.675806241684981,113.97283891,10.691295945768221,19.61,-19.61,39.22,6.666799999999999,3.916582918820946,15.339621760000002,7.732130624866602,16.91,-5.11,22.02,0.5388999999999998,3.4806375551039497,12.11483779,3.5221088853128886,4.37,-4.37,8.74,0.034699999999999974,1.75214180647572,3.070000909999999,1.7524853779703842,3.13,-4.37,7.5,0.3881,3.0360805967562845,9.217785389999996,3.0607853567344447,4.37,-4.37,8.74,12.797241841491257,4.805077028559003,23.088765250385418,13.669607309648656,24.419594591229398,1.848810428356569,22.57078416287283,4.583211364313468,1.9593459597600127,3.8390365900278853,4.984462157545185,7.569062029075994,0.36715119501371635,7.201910834062278,Severe_Fault,Severe_Fault_018_window_004.csv
1.1421,4.22032019993744,17.811102589999997,4.3721270567082104,19.61,-11.62,31.229999999999997,0.29220000000000007,8.780513718456342,77.09742116000001,8.785374323271604,19.61,-19.61,39.22,8.025200000000002,4.391773782880899,19.287676960000002,9.148306509950352,19.61,-1.8,21.41,0.09389999999999998,3.0389152324472626,9.235005789999999,3.0403656030155317,4.37,-4.37,8.74,0.09789999999999999,1.1819714844276068,1.3970565900000003,1.186018971180478,2.45,-4.37,6.82,0.1321,2.518581860889179,6.343254589999998,2.5220438140524046,4.37,-4.37,8.74,12.250748291843502,5.468909881310309,29.908975289893544,13.41602806347691,33.96551633642569,2.4792539200332024,31.486262416392485,3.621338549448503,1.974101342453881,3.897076110278215,4.124459843421923,6.648029783326787,0.36715119501371635,6.280878588313071,Severe_Fault,Severe_Fault_018_window_005.csv
0.6242000000000003,6.1383123380942415,37.67887836,6.169967909154796,19.61,-19.61,39.22,-0.3349,6.254740361517815,39.12177699,6.263699785270682,19.61,-19.61,39.22,7.9389,6.630304351234564,43.96093578999999,10.343455370426268,19.61,-19.61,39.22,-0.23510000000000006,1.8389146228142297,3.3816069900000003,1.8538821429637864,4.37,-4.12,8.49,-0.1407,1.1168654842907448,1.24738851,1.1256931198155207,1.68,-4.37,6.05,-0.20689999999999997,1.2368764651330382,1.5298633899999996,1.2540618007099968,3.03,-3.67,6.699999999999999,11.604071322701655,7.045213746768304,49.63503673765308,13.575327178377691,33.96551633642569,1.6043378696521504,32.36117846677354,2.1334791733233476,1.313393169235901,1.7250016169955245,2.5053412941154343,6.045940787007428,0.1445683229480096,5.901372464059419,Severe_Fault,Severe_Fault_018_window_006.csv
0.8849999999999999,5.796948938881556,33.604617,5.864114766953321,19.61,-19.61,39.22,1.8251000000000002,8.102780571507536,65.65505298999999,8.305783707754495,19.61,-19.61,39.22,6.2877,6.862520944230335,47.094193710000006,9.307489726021727,19.61,-19.61,39.22,0.535,2.6110505548533527,6.817585,2.665297356769034,4.37,-4.37,8.74,-0.07150000000000001,1.2622593830112732,1.5932987500000002,1.2642828006423246,4.06,-4.08,8.14,0.1945,1.940066171551888,3.76385675,1.9497915273177284,4.37,-4.37,8.74,11.766872257404746,7.179412739069858,51.543967277918554,13.784166641476734,33.96551633642569,1.6043378696521504,32.36117846677354,2.94677804818853,1.954586179914869,3.8204071347142,3.536086537402613,7.069186657600717,0.1445683229480096,6.924618334652708,Severe_Fault,Severe_Fault_018_window_007.csv
1.004,3.9039077857961755,15.240495999999998,4.030944306238924,12.61,-19.61,32.22,3.0911,9.656087602647357,93.24002778999998,10.138783309648156,19.61,-19.61,39.22,6.1865000000000006,5.13478926052472,26.366060749999995,8.039828542947916,19.61,-9.0,28.61,0.5007999999999999,3.44464038181056,11.86554736,3.4808544927934,4.37,-4.37,8.74,-0.08490000000000003,1.2338204853219126,1.52231299,1.2367380482543584,4.06,-4.08,8.14,0.28080000000000005,2.703573812567358,7.309311359999998,2.7181169952744857,4.37,-4.37,8.74,12.34002015048953,5.604122115506798,31.406184685512393,13.552943665492009,30.080337431618016,2.522320360303187,27.55801707131483,4.185053847080311,1.875993949094263,3.519353297038288,4.586287060357212,7.069186657600717,0.6034069936618236,6.465779663938894,Severe_Fault,Severe_Fault_018_window_008.csv
0.43870000000000003,2.9229179444520845,8.54344931,2.9556567798037716,10.13,-6.85,16.98,1.4941000000000002,8.351041024327447,69.73988619,8.48364432304891,19.61,-19.61,39.22,7.473399999999998,3.7495973703852523,14.059480439999998,8.36129104863597,15.29,-3.28,18.57,0.09449999999999997,3.1431377236767717,9.879314749999999,3.1445579975570497,4.37,-4.37,8.74,-0.12500000000000003,0.9143144973147915,0.835971,0.9228195923364436,2.19,-2.98,5.17,0.0641,2.531684852030363,6.40942819,2.532496199404848,4.37,-4.37,8.74,11.662975964088366,3.8202496857007904,14.59430766109699,12.272706140049145,21.26008701769586,2.7748873851023217,18.485199632593538,3.726789861797937,1.8067693062480665,3.2644153260001194,4.141663675384567,6.8610640574185,0.2860069929215018,6.575057064496998,Severe_Fault,Severe_Fault_018_window_009.csv
0.3973,3.36075552666361,11.29467771,3.384157945486587,10.07,-13.32,23.39,0.5284,8.108091356170084,65.74114544000001,8.125290887100595,19.61,-19.61,39.22,8.5776,2.958775462923809,8.754352240000001,9.073564569671612,15.29,-1.33,16.619999999999997,0.23740000000000003,3.0693320511147046,9.420799240000001,3.078499309728687,4.37,-4.37,8.74,0.06319999999999999,0.7623763899806971,0.5812177599999999,0.7649915032207873,2.41,-2.7,5.11,0.09939999999999996,2.2053289187783305,4.863475640000001,2.207567892500704,4.37,-4.37,8.74,12.10461332238208,3.6442814539508728,13.280787315610286,12.641299418967971,24.58080958796923,3.4353165792980422,21.14549300867119,3.5004086651198776,1.6379454133620188,2.682865177153675,3.8646767005792353,6.376417489468518,0.2860069929215018,6.090410496547016,Severe_Fault,Severe_Fault_018_window_010.csv
0.2946999999999999,4.117005332763124,16.94973291,4.12753933960659,10.07,-19.61,29.68,-0.9552999999999997,8.82596753393077,77.89770290999999,8.877516600941954,19.61,-19.61,39.22,8.678300000000002,3.424074781601594,11.724288110000005,9.32937184380599,14.82,-8.95,23.77,0.2884,3.069228802158614,9.42016544,3.0827487734163483,4.37,-4.37,8.74,0.1665,0.7730373535606154,0.5975867499999999,0.7907648196524678,2.5,-1.7,4.2,0.11139999999999997,2.0049877904865157,4.01997604,2.008080177682156,4.18,-4.37,8.55,12.995405678407987,3.7421240296924125,14.00349225360138,13.523463350784073,24.58080958796923,4.060960477522528,20.519849110446703,3.4127952491679467,1.5855168202377086,2.5138635872566946,3.7631150660058217,6.376417489468518,0.21118712081942875,6.165230368649089,Severe_Fault,Severe_Fault_018_window_011.csv
0.3353000000000001,3.790382422658695,14.366998909999998,3.805183964015406,19.61,-6.93,26.54,-0.2722,9.36688225398398,87.73848316,9.370836462130795,19.61,-19.61,39.22,7.284700000000002,3.91311447698633,15.312464910000001,8.269178858871054,17.6,-4.77,22.37,0.13339999999999994,3.032614126459217,9.19674844,3.035546738233493,4.37,-4.37,8.74,0.04949999999999998,1.7184722139156046,2.9531467499999997,1.7191849813210909,4.37,-4.37,8.74,-0.09080000000000002,2.420774537209114,5.860149359999999,2.4224768316745573,4.37,-4.37,8.74,12.224535358231394,4.6078254388974536,21.232055275350508,13.064123391946357,32.846068257860026,3.6661423867602307,29.179925871099794,3.8297898744065475,1.8360949098271258,3.3712445178930808,4.247179652428185,7.281229291816046,0.8339064695755753,6.44732282224047,Severe_Fault,Severe_Fault_019_window_001.csv
0.8044999999999999,4.259487850669374,18.143236750000003,4.334796073634837,19.61,-6.93,26.54,-0.6119999999999999,8.80443138425191,77.518012,8.825675951449838,19.61,-19.61,39.22,7.6765,3.3341152874488307,11.116324749999999,8.369287723576004,17.6,-4.77,22.37,0.5482,3.0518130283488865,9.31356276,3.100658962220773,4.37,-4.37,8.74,0.2182,1.6308846556393863,2.65978476,1.6454166645564279,4.37,-4.37,8.74,0.0965,2.054739095359798,4.221952750000001,2.057003889155293,4.37,-4.37,8.74,11.991505873314745,4.788713490099187,22.931776890257932,12.912319311417294,32.846068257860026,4.921585110510637,27.924483147349388,3.7123186702216175,1.6647633737934056,2.7714370907240022,4.068506728518463,6.6741441398879005,0.46914816422959604,6.204995975658305,Severe_Fault,Severe_Fault_019_window_002.csv
0.6154000000000001,3.826741543402167,14.64395084,3.8759086676545933,13.68,-8.11,21.79,-0.26909999999999984,8.398309603128476,70.53160419,8.402619770047911,19.19,-19.61,38.8,7.808600000000001,3.147921860529578,9.90941204,8.419242602514789,15.62,-11.13,26.75,0.7067999999999999,2.9905500764909454,8.94338976,3.0729393095210975,4.37,-4.37,8.74,0.0768,1.5879948866416416,2.52172776,1.5898509364088196,4.37,-4.27,8.64,0.27990000000000004,1.704838699114963,2.90647499,1.7276628722062646,4.37,-4.37,8.74,11.801904715963863,4.150346741575933,17.225378075309962,12.510408986120318,27.937376397936866,3.567043593790241,24.370332804146624,3.535011128082569,1.568150925240427,2.459097324332408,3.8672213538922233,7.511770763275461,0.46914816422959604,7.042622599045865,Severe_Fault,Severe_Fault_019_window_003.csv
0.7574000000000001,3.6803922671367517,13.54528724,3.7575180638288352,13.12,-8.11,21.229999999999997,0.2226999999999999,9.591416981343269,91.99527971000002,9.594002032520109,17.52,-19.61,37.129999999999995,7.386799999999999,4.145669518907652,17.186575760000004,8.47061922175705,18.59,-11.13,29.72,0.5849,3.1491924345774747,9.91741299,3.203048703969392,4.37,-4.37,8.74,-0.055100000000000024,1.3905844059243582,1.93372499,1.3916756087537066,4.37,-4.27,8.64,0.22249999999999998,2.173038138183497,4.72209475,2.18439945980583,4.37,-4.37,8.74,12.604981737532562,4.362297834452685,19.02964239647058,13.338485933568323,28.63781241645388,3.567043593790241,25.070768822663638,3.697125073389701,1.8163560200889037,3.299149191713202,4.119209026014582,7.511770763275461,0.4219004621945798,7.0898703010808815,Severe_Fault,Severe_Fault_019_window_004.csv
0.8474,4.211251742653245,17.734641239999995,4.295663860219978,19.61,-19.61,39.22,0.47859999999999997,9.282304672870849,86.16118004,9.294634904072348,19.61,-19.61,39.22,7.7785,4.02222907726549,16.17832675,8.75690521816926,19.61,-5.39,25.0,0.2815,3.147618266245131,9.907500750000004,3.1601808492553083,4.37,-4.37,8.74,-0.0473,1.2736811649702604,1.62226371,1.2745591394674474,3.54,-4.37,7.91,-0.07110000000000002,2.0831350868342646,4.33945179,2.0843480995265646,4.37,-4.37,8.74,12.604594789017904,4.75925889237628,22.650545204662702,13.473171675592948,33.96551633642569,5.650212385388712,28.315303951036974,3.492557936727638,1.9385020140822111,3.7577900586007886,3.9944650455348834,6.769682415002937,0.18973665961010278,6.579945755392835,Severe_Fault,Severe_Fault_019_window_005.csv
0.2863000000000001,4.0109880715354915,16.08802531,4.0211929821882455,19.61,-19.61,39.22,0.04990000000000002,8.146831469350523,66.37086299,8.146984288680075,19.61,-19.61,39.22,7.988999999999999,3.7033642812988297,13.714906999999998,8.805624793278442,19.61,-3.99,23.6,0.17919999999999994,3.0960502838293826,9.58552736,3.101232013248928,4.37,-4.37,8.74,-0.07310000000000005,1.2799833553605295,1.63835739,1.2820690309027827,3.54,-4.37,7.91,-0.10150000000000002,2.1613048720622454,4.67123875,2.163686899715391,4.37,-4.37,8.74,11.936958489072909,4.194209821903312,17.591396030150214,12.652366339938153,33.96551633642569,3.4742625116706423,30.491253824755045,3.4270125276312866,2.049016138408436,4.19846713545822,3.992853866597174,6.436909196190358,0.18973665961010278,6.247172536580256,Severe_Fault,Severe_Fault_019_window_006.csv
0.5376,3.608718919505923,13.022852239999997,3.64854299686875,19.61,-13.78,33.39,-0.7438999999999999,8.305767381163525,68.98577179,8.339014270283988,17.75,-19.61,37.36,8.0074,4.08102428809239,16.654759239999997,8.987391946499272,19.61,-3.99,23.6,0.5593,3.004379554916456,9.026296510000002,3.0559962369086784,4.37,-4.37,8.74,-0.01959999999999998,1.7144298877469444,2.93926984,1.7145419213305926,4.37,-4.37,8.74,0.013799999999999977,2.4194531530905903,5.85375356,2.419492508771209,4.37,-4.37,8.74,12.021833683072153,4.370326520587656,19.099753896551807,12.791569059345301,33.96551633642569,3.4742625116706423,30.491253824755045,3.792290188567532,1.936813394649685,3.7512461256944367,4.25825210620508,7.569062029075994,0.261725046566048,7.307336982509946,Severe_Fault,Severe_Fault_019_window_007.csv
0.5567999999999997,4.142431865462605,17.15974176,4.179685155606819,19.61,-8.98,28.59,0.10220000000000005,8.611086642230468,74.15081316,8.611693097178973,19.61,-19.61,39.22,8.2611,4.4738497728466475,20.01533179,9.394738154946099,19.61,-9.27,28.88,0.6840999999999999,3.0258975841888636,9.156056190000001,3.1022651401838623,4.37,-4.37,8.74,0.1882,1.7900566359755212,3.20430276,1.7999227761212424,4.37,-4.37,8.74,0.06730000000000003,2.29542887278173,5.268993710000002,2.296415249905818,4.07,-4.37,8.440000000000001,12.317934756563913,5.306657548121476,28.160614333034637,13.412387222265842,33.96551633642569,2.6420068130116547,31.32350952341403,3.892247031352836,1.7284984949154651,2.9877070469250286,4.258790203802014,7.569062029075994,0.6119640512317697,6.957097977844224,Severe_Fault,Severe_Fault_019_window_008.csv
0.4801999999999999,3.6033872897594565,12.984399960000003,3.63524304551979,19.61,-8.98,28.59,0.8142,8.516408536466532,72.52921436000001,8.555240265474723,19.61,-19.61,39.22,8.137,4.310290129446044,18.578600999999995,9.20811435637069,19.61,-9.27,28.88,0.5000999999999999,3.1752236125980167,10.08204499,3.2143654117103737,4.37,-4.37,8.74,-0.062300000000000015,1.7227076681782085,2.9677217100000006,1.7238338086950262,3.77,-4.37,8.14,-0.1226,2.257650823311701,5.096987240000001,2.260977222353202,4.37,-4.37,8.74,12.184057994498898,4.769195821801353,22.74522878668748,13.084207962272687,33.96551633642569,2.6420068130116547,31.32350952341403,3.903311375088054,1.7832347879929353,3.179926309108209,4.291359458260284,7.569062029075994,0.3753664875824692,7.193695541493525,Severe_Fault,Severe_Fault_019_window_009.csv
0.3531,2.7480064392209855,7.551539389999999,2.7705990327003294,6.95,-8.26,15.21,0.5776999999999999,8.148251451078323,66.39400171,8.16870485450417,17.92,-18.46,36.38,7.7933,3.3504913236717986,11.22579211,8.483001650359382,19.61,-3.66,23.27,0.38539999999999996,3.1284591798519603,9.78725684,3.1521088179185695,4.37,-4.37,8.74,-0.07079999999999999,1.729550045532074,2.9913433599999997,1.73099855574752,2.73,-4.37,7.1,-0.19689999999999996,2.1423523029604628,4.589673389999999,2.1513816490804225,4.37,-4.37,8.74,11.550767094297187,3.5979236419497957,12.945054533301281,12.098151718341112,22.595986369264786,4.0826829414001775,18.513303427864606,3.7728670727434603,1.8237497227986599,3.3260630514081884,4.190535645952675,7.569062029075994,0.3753664875824692,7.193695541493525,Severe_Fault,Severe_Fault_019_window_010.csv
1.1712,4.879996573769289,23.814366560000003,5.018573103980851,19.61,-10.78,30.39,0.8436,11.65412403572229,135.81860704,11.684616724565679,19.61,-19.61,39.22,6.8549,4.295719379801246,18.45320499,8.089676075097197,19.61,-13.84,33.45,0.24079999999999996,3.579759120387851,12.81467536,3.5878489377341407,4.37,-4.37,8.74,-0.0791,0.8729857902623617,0.7621041900000002,0.8765620343136019,2.39,-2.68,5.07,0.20729999999999996,3.0656346341336893,9.398115709999999,3.0726355136917882,4.37,-4.37,8.74,13.988444192066977,5.610938610021288,31.482632085427618,15.071801584415846,33.96551633642569,5.190433507906637,28.77508282851905,4.461079860151221,1.7835011862494394,3.180876481353158,4.804384455890266,6.662874754938742,0.19339079605813717,6.469483958880605,Severe_Fault,Severe_Fault_020_window_001.csv
1.4241999999999997,5.414080010491164,29.31226236,5.598268303681059,19.61,-11.57,31.18,1.1177999999999997,12.201491841574127,148.87640316,12.252586665680026,19.61,-19.61,39.22,6.378800000000001,4.0980198340174,16.793766559999998,7.581744917893241,19.61,-8.74,28.35,0.4497999999999999,3.600155824405383,12.961121960000003,3.6281458074338744,4.37,-4.37,8.74,-0.0071999999999999955,1.0351763907663274,1.07159016,1.0352014296744378,4.37,-2.68,7.050000000000001,0.2289,2.958104763188755,8.75038379,2.9669477582188737,4.37,-4.37,8.74,14.363394541701059,5.713338887151036,32.642241239432245,15.457986414795426,33.96551633642569,5.190433507906637,28.77508282851905,4.386187319537995,1.9491597671622736,3.799223797924088,4.799777390671363,7.5632929336367765,0.19339079605813717,7.369902137578639,Severe_Fault,Severe_Fault_020_window_002.csv
0.9382,5.677583179487553,32.23495075999999,5.754578177416655,13.65,-19.61,33.26,1.5543,12.815225417837954,164.23000250999996,12.909138274881093,19.61,-19.61,39.22,5.1039,5.480045966048095,30.030903790000004,7.488704761171988,19.61,-19.61,39.22,0.7360000000000001,3.63286085612978,13.197677999999998,3.706666157074306,4.37,-4.37,8.74,0.05670000000000001,1.0631594941493963,1.13030811,1.064670371523506,4.37,-3.32,7.6899999999999995,0.36060000000000003,2.9363551624420365,8.622181639999999,2.958414102183804,4.37,-4.37,8.74,15.011329275547894,5.522835628649358,30.501713381078748,15.995052985220148,33.96551633642569,1.9184889887617287,32.047027347663956,4.481568635660716,1.881662446843789,3.540653563862155,4.86056694224038,7.5632929336367765,0.4522167621838005,7.111076171452976,Severe_Fault,Severe_Fault_020_window_003.csv
1.5318,6.187448647059626,38.28452076,6.37423971937046,19.46,-19.61,39.07,1.1618999999999997,12.810786446975063,164.11624938999998,12.863368959957574,19.61,-19.61,39.22,5.360600000000002,5.865235343956796,34.400985639999995,7.945880567942108,19.61,-19.61,39.22,0.4862999999999999,3.5472802694458756,12.583197310000003,3.580458769487508,4.37,-4.37,8.74,-0.035699999999999996,0.9898002374216728,0.9797045099999998,0.9904438399020915,3.04,-3.32,6.359999999999999,0.08120000000000001,3.028624862870937,9.172568560000002,3.029713187745665,4.37,-4.37,8.74,15.414919624405506,5.622674094513932,31.614463973118067,16.408357961721823,33.96551633642569,1.9184889887617287,32.047027347663956,4.430976796859507,1.8292814506501365,3.346270625692668,4.793727777001944,7.015425860202644,0.3668787265568828,6.648547133645761,Severe_Fault,Severe_Fault_020_window_004.csv
2.1509,5.4176629823199605,29.351072190000004,5.829017327131564,19.46,-15.56,35.02,0.9501000000000002,10.694843196138969,114.37967099,10.736962373036425,19.61,-19.61,39.22,7.378499999999999,4.404136549881258,19.396418749999995,8.592943674899773,19.61,-13.2,32.81,0.19760000000000005,3.115756768427215,9.707940240000001,3.1220163356395174,4.37,-4.37,8.74,0.12900000000000003,0.7890367545304845,0.6225790000000001,0.7995123513742611,3.04,-1.69,4.73,-0.21639999999999998,3.0534788422387997,9.32373304,3.0611373703249583,4.37,-4.37,8.74,14.025271860135378,5.137142615238039,26.390234249294718,14.936481680770743,32.30073992960533,5.505442761486127,26.795297168119202,4.05465081687102,1.8211465490858156,3.3165747532471754,4.444858602925407,6.622552378048814,0.3668787265568828,6.255673651491931,Severe_Fault,Severe_Fault_020_window_005.csv
1.9557,4.254806048458613,18.10337451,4.682748872190349,16.56,-7.15,23.71,0.7142000000000001,10.82456199390996,117.17114235999998,10.84809771342423,19.61,-19.61,39.22,7.4951,3.712497944780576,13.782640989999999,8.36415955132373,19.61,-4.49,24.1,0.16399999999999998,3.1178197510439887,9.720799999999999,3.1221300421346965,4.37,-4.37,8.74,0.13539999999999996,0.8393740763211597,0.7045488400000001,0.8502246761885943,2.38,-2.39,4.77,-0.1023,3.119447019905932,9.73094971,3.1211239962551955,4.37,-4.37,8.74,13.700318997099265,4.676514233670309,21.869785377720994,14.476481823979196,32.30073992960533,5.505442761486127,26.795297168119202,4.057604245947077,1.9359340854668203,3.747840783272254,4.49577501661282,6.626152729902926,0.32619012860600183,6.299962601296924,Severe_Fault,Severe_Fault_020_window_006.csv
1.3392000000000002,5.0905364511021824,25.91356136,5.263745624552919,19.61,-19.61,39.22,0.7987999999999998,11.528332514288438,132.90245055999998,11.555973866360205,19.61,-19.61,39.22,6.9851,4.58602692861697,21.031642990000005,8.356031653841434,19.61,-13.46,33.07,0.3924,3.307066409977278,10.936688240000002,3.3302651546085635,4.37,-4.37,8.74,-0.012499999999999971,1.1711057808754937,1.3714887499999997,1.1711724894309976,4.37,-4.37,8.74,0.10090000000000002,2.681518635027547,7.1905421899999995,2.6834162927134506,4.37,-4.37,8.74,14.21628775290431,5.382190773897085,28.967977526622896,15.201013617519063,33.96551633642569,5.341207728594723,28.62430860783096,4.002416852907175,1.9088460743508435,3.643693335564626,4.4343019743810865,7.569062029075994,0.32619012860600183,7.242871900469992,Severe_Fault,Severe_Fault_020_window_007.csv
0.8744999999999998,5.130937999040721,26.326524749999997,5.204927953391863,19.61,-19.61,39.22,1.9266999999999999,10.531703096365753,110.91677011,10.70649069490092,19.61,-19.61,39.22,7.385200000000001,4.617171749025587,21.31827496,8.709733290979695,19.61,-13.46,33.07,0.5792,3.2044911234078963,10.268763360000001,3.25641459276917,4.37,-4.37,8.74,-0.05889999999999996,1.1937276867024573,1.42498579,1.195179902776147,4.37,-4.37,8.74,0.20540000000000003,2.429001202140501,5.900046840000001,2.4376701991861,4.37,-4.37,8.74,13.70178921130487,5.462659096902305,29.840644408969514,14.750582090209186,33.96551633642569,5.341207728594723,28.62430860783096,3.8587532913923197,1.756402583740112,3.0849500361689413,4.239684776018142,7.569062029075994,0.41097445176069036,7.158087577315303,Severe_Fault,Severe_Fault_020_window_008.csv
1.2167999999999999,4.335178169348984,18.793769760000004,4.502707185682853,19.61,-12.31,31.92,1.6288999999999998,10.731662210021335,115.16857379,10.854579171943978,19.61,-19.61,39.22,7.0752,4.352022858395852,18.94010296,8.306537064264507,19.61,-6.7,26.31,0.6038999999999999,3.367465187644855,11.339821789999998,3.4211864900937514,4.37,-4.37,8.74,-0.03589999999999999,0.9320752061931483,0.8687641899999999,0.9327663158583719,3.91,-2.23,6.140000000000001,0.31189999999999996,2.783042470031674,7.7453253900000005,2.8004654970200935,4.37,-4.37,8.74,13.401462646117361,5.243626411627836,27.49561794472101,14.39078938071154,33.96551633642569,4.263613490925274,29.701902845500413,4.139335554316207,1.8119266455278298,3.2830781687737334,4.518537042008177,7.3131320239689375,0.41097445176069036,6.902157572208247,Severe_Fault,Severe_Fault_020_window_009.csv
1.3928000000000003,5.750674061360111,33.070252159999995,5.916937045465331,19.61,-19.61,39.22,0.9863000000000003,10.801378491192688,116.66977731000001,10.846315733925508,19.61,-19.61,39.22,6.464600000000001,5.391105159426961,29.06401484,8.417545247873635,19.61,-19.26,38.870000000000005,0.18290000000000003,3.381825925443236,11.43674659,3.386768223542911,4.37,-4.37,8.74,-0.09620000000000002,1.211075373376901,1.4667035600000002,1.2148901184880878,3.77,-4.37,8.14,-0.014100000000000003,2.7353340179948775,7.482052190000001,2.735370358836258,4.37,-4.37,8.74,13.928498183388136,5.4318243119005025,29.504715355353365,14.950176487252584,33.96551633642569,4.263613490925274,29.701902845500413,4.095916819767302,1.9109875471983881,3.6518734055473114,4.519779640646212,7.5632929336367765,0.29849623113198603,7.264796702504791,Severe_Fault,Severe_Fault_020_window_010.csv
1.5555000000000003,3.7307139732228203,13.91822675,4.042005319145436,18.49,-9.23,27.72,1.0580999999999998,10.974831998258562,120.44693739000002,11.025720520673469,19.61,-19.61,39.22,6.781200000000001,5.193499837296618,26.97244056,8.541493663288641,19.61,-14.01,33.62,0.8086,3.530296593772257,12.462994040000002,3.621716167785654,4.37,-4.37,8.74,0.1073,1.073209070964274,1.1517777100000002,1.0785596877317454,4.31,-2.56,6.869999999999999,0.19369999999999998,2.6473430661703063,7.008425309999999,2.6544198989609766,4.37,-4.37,8.74,13.5436630328737,5.237425479371557,27.430625651970377,14.521068624588205,27.14170591543575,2.651716425261193,24.48998949017456,4.2481308443400065,1.8109247166481175,3.2794483293670647,4.618015158052213,7.036092665677449,0.25079872407968906,6.78529394159776,Severe_Fault,Severe_Fault_021_window_001.csv
1.6528999999999998,4.612160295349675,21.272022589999995,4.899398024247469,19.61,-6.96,26.57,0.8387,11.785478238493335,138.89749730999998,11.815283111292763,19.61,-19.61,39.22,6.281100000000001,5.657823061036816,32.01096179,8.453589710886138,19.61,-14.01,33.62,0.8396999999999999,3.510880076277172,12.326278910000001,3.6098995830909204,4.37,-4.37,8.74,0.05249999999999997,1.2331491191255013,1.52065675,1.234266178747518,4.31,-3.41,7.72,0.2774,2.6725667886883575,7.14261324,2.686924636084905,4.37,-4.37,8.74,14.223937280906071,5.722569635124626,32.747803228850394,15.331933831059928,33.96551633642569,2.651716425261193,31.313799911164494,4.279359091647912,1.8604939571872723,3.461437764730356,4.666299604611774,7.058463005499143,0.25079872407968906,6.807664281419454,Severe_Fault,Severe_Fault_021_window_002.csv
1.5909,5.235325795974879,27.408636190000003,5.471708965213701,19.61,-19.26,38.870000000000005,-0.43010000000000004,11.681614485592307,136.46011699000002,11.689529631255485,19.61,-19.61,39.22,6.116499999999999,6.3163241485851565,39.895950750000004,8.792469675807816,19.61,-19.61,39.22,0.6666,3.6959202426459368,13.659826440000002,3.7555534878363805,4.37,-4.37,8.74,-0.06000000000000003,1.427706552481987,2.0383460000000007,1.4289667595854008,3.61,-4.37,7.98,0.10039999999999999,2.628692420196779,6.910023840000001,2.6306090549528642,4.37,-4.37,8.74,14.498655610020235,5.803551542118738,33.68121050202878,15.617049177101288,33.96551633642569,3.800684148939504,30.164832187486184,4.519378403372791,1.6252540869438221,2.6414508471275973,4.802731722676168,7.058463005499143,0.31080540535840107,6.747657600140742,Severe_Fault,Severe_Fault_021_window_003.csv
1.2558,5.402995128630045,29.192356359999998,5.547016315101299,19.61,-19.61,39.22,0.056400000000000006,12.133011705260982,147.20997304,12.133142791544161,19.61,-19.61,39.22,5.7017,6.790455368382889,46.110284109999995,8.866773201114372,19.61,-19.61,39.22,0.4396000000000001,3.741035396785227,13.99534584,3.7667750131909927,4.37,-4.37,8.74,0.0634,1.6318524565658503,2.66294244,1.6330835863482311,3.9,-4.37,8.27,-0.029000000000000005,2.8110828874296825,7.902187000000001,2.8112324699320053,4.37,-4.37,8.74,14.886397457265756,5.915858495967564,34.9973817443116,16.018808039301803,33.96551633642569,2.7233435332326326,31.242172803193053,4.723964137155856,1.5629289270038238,2.442746830865324,4.975799835202377,7.307790363714602,1.1813128290169375,6.126477534697665,Severe_Fault,Severe_Fault_021_window_004.csv
1.3437999999999999,4.870556391214457,23.722319559999995,5.052535798982527,16.96,-19.61,36.57,-0.06859999999999987,12.357086146822802,152.69757804,12.357276560796072,19.61,-19.61,39.22,5.9435,6.006351367510895,36.07625675,8.449937810422039,19.61,-16.09,35.7,0.7437000000000001,3.6724859849970843,13.487153310000004,3.747031224849881,4.37,-4.37,8.74,0.15650000000000003,1.4852907964435784,2.2060887499999997,1.4935129728261485,3.9,-3.9,7.8,0.174,2.9107480138273734,8.472453999999999,2.9159441009731313,4.37,-4.37,8.74,14.72934597097683,5.716486531714094,32.67821826726863,15.79974211814864,33.96551633642569,2.7233435332326326,31.242172803193053,4.702934846026316,1.6297109664082867,2.655957834031432,4.977303888652973,7.307790363714602,0.4352011029397789,6.872589260774824,Severe_Fault,Severe_Fault_021_window_005.csv
1.3694,4.985118819045339,24.851409639999996,5.169783941326756,18.34,-18.44,36.78,-0.056999999999999974,11.573618060053649,133.948635,11.57375842153274,19.61,-19.61,39.22,6.074299999999999,5.70255526145955,32.519136509999996,8.331641915012911,19.61,-12.2,31.81,0.7977999999999998,3.59185567081975,12.901427159999999,3.6793901668618947,4.37,-4.37,8.74,-0.10080000000000001,1.4186399684204587,2.01253936,1.4222165798499187,3.77,-4.37,8.14,0.0806,2.824515469952324,7.977887639999999,2.825665231410119,4.37,-4.37,8.74,14.225496003812763,5.265934907070828,27.730070445507053,15.168876260290347,28.668915221891464,3.682471995820199,24.986443226071266,4.580999452512743,1.5998249954535457,2.5594400160779376,4.852318621030569,7.569062029075994,0.4352011029397789,7.133860926136215,Severe_Fault,Severe_Fault_021_window_006.csv
1.7291000000000003,5.5838250500888735,31.17910219000001,5.845416067312917,19.61,-18.44,38.05,0.7465,11.942147242016404,142.61488075,11.965456238689773,19.61,-19.61,39.22,6.1074,6.750712054294717,45.57211324,9.103430562156225,19.61,-18.32,37.93,0.7787,3.5169969164046764,12.369267310000003,3.6021717060684377,4.37,-4.37,8.74,-0.17240000000000003,1.3756839171844673,1.8925062400000001,1.3864443732079554,3.77,-4.37,8.14,0.0436,2.9264177828874676,8.563921040000002,2.926742557861897,4.37,-4.37,8.74,14.898874269725267,6.183609422895205,38.23702549491837,16.131133872112027,33.96551633642569,3.682471995820199,30.28304434060549,4.551411870209264,1.6578121086897069,2.7483409877182123,4.843933422333548,7.569062029075994,0.8989438247187641,6.670118204357229,Severe_Fault,Severe_Fault_021_window_007.csv
2.2273,5.243709537150203,27.496489710000002,5.697135683832711,19.61,-15.08,34.69,1.1035000000000001,12.085697693968685,146.06408875,12.135971366149477,19.61,-19.61,39.22,6.417699999999999,6.398614983728901,40.94227371,9.062513282748888,19.61,-18.32,37.93,0.9806999999999999,3.5082512039476303,12.307826509999998,3.6427460795394455,4.37,-4.37,8.74,-0.02609999999999997,1.0434854047853281,1.08886179,1.0438117646395828,2.11,-3.77,5.88,0.3251000000000001,3.001081303463803,9.00648899,3.018638600429008,4.37,-4.37,8.74,15.032266884299993,5.99159872815076,35.899255319177804,16.1823454109718,33.96551633642569,6.34175054697045,27.623765789455238,4.5290357673798125,1.7202197585757333,2.959156017794354,4.844720941395903,6.74817753174885,0.7495998932764064,5.998577638472444,Severe_Fault,Severe_Fault_021_window_008.csv
1.2744999999999997,5.066601301661697,25.670448750000002,5.224442458291602,17.34,-17.46,34.8,0.26900000000000013,11.473668158004221,131.64506099999997,11.47682107554178,19.61,-19.61,39.22,6.316599999999999,5.875220884358306,34.51822043999999,8.62656687216879,18.5,-14.66,33.16,0.7418,3.4646158170856407,12.003562760000001,3.5431384392936156,4.37,-4.37,8.74,-0.13110000000000008,0.967959601429729,0.9369457899999999,0.9767973177686352,2.09,-2.71,4.8,0.3737,2.9564528256003006,8.740613310000002,2.979977348907203,4.37,-4.37,8.74,14.414261268977487,5.0654663230205745,25.658949069655577,15.278412122992362,28.551709230797375,5.286444930196473,23.2652643006009,4.3678285148039455,1.8194235530149554,3.3103020652655646,4.731620018556012,6.74817753174885,0.7495998932764064,5.998577638472444,Severe_Fault,Severe_Fault_021_window_009.csv
0.577,4.533623826477005,20.553745,4.570194087782268,17.34,-17.46,34.8,-0.2013999999999996,9.522458823224179,90.67722204,9.524588390056548,19.61,-19.61,39.22,7.255699999999999,5.017356326792029,25.17386451000001,8.821510471568914,17.39,-14.66,32.05,0.42829999999999996,3.0879278019409715,9.53529811,3.117489214095215,4.37,-4.37,8.74,-0.05669999999999998,0.9852776816715175,0.9707721100000002,0.9869077971117667,3.15,-2.33,5.48,0.04120000000000002,2.7432481768881214,7.525410560000001,2.743557544503122,4.37,-4.37,8.74,13.01667897545605,4.470970079291561,19.98957344992039,13.763121193973408,28.551709230797375,5.1755192976164235,23.376189933180953,3.8337526517235627,1.8767457487370405,3.5221746054025544,4.2684697492192685,6.604748291948756,0.3618010503025109,6.242947241646244,Severe_Fault,Severe_Fault_021_window_010.csv
2.1471999999999998,4.882073756099962,23.834644159999996,5.333395916299484,19.61,-8.65,28.259999999999998,0.5302,11.62370302270322,135.11047195999998,11.635788928989731,19.61,-19.61,39.22,5.9549,5.204942938207872,27.09143099,7.908998988494056,19.61,-13.29,32.9,1.1343,3.5270949108295913,12.440398510000001,3.7050013495274197,4.37,-4.37,8.74,0.008500000000000023,1.6588938332515433,2.7519287499999994,1.6589156096679543,3.84,-4.37,8.21,0.3858,2.90088096274218,8.415110359999998,2.926423072626376,4.37,-4.37,8.74,13.921435252842382,5.708117159004132,32.582601500917406,15.046227467375333,33.96551633642569,2.4942533953069006,31.471262941118788,4.707134163329281,1.6987866165055463,2.8858759684183624,5.00429695361896,7.569062029075994,0.5352569476429054,7.033805081433089,Severe_Fault,Severe_Fault_022_window_001.csv
1.3966,5.286998244750985,27.95235044,5.468349111020619,19.61,-12.27,31.88,0.9012000000000002,11.491213885399576,132.04799656000003,11.526498080509969,19.61,-19.61,39.22,5.680700000000001,5.285264280052607,27.93401851,7.759147569159901,17.62,-13.94,31.560000000000002,0.8756999999999998,3.4573811635398264,11.953484510000003,3.56655786438409,4.37,-4.37,8.74,0.010499999999999995,1.6767709294951412,2.81156075,1.676803804862095,4.0,-4.37,8.370000000000001,0.1182,2.6542431614303914,7.04500676,2.656873726769867,4.37,-4.37,8.74,13.888945102935697,5.4831172637140035,30.064574927638546,14.93209198337594,29.078676035885817,2.4942533953069006,26.584422640578914,4.382219269674138,1.8404179613600438,3.387138272496659,4.752997370081326,7.569062029075994,0.5376802023508026,7.031381826725191,Severe_Fault,Severe_Fault_022_window_002.csv
0.7123,4.10542491223503,16.854513710000003,4.16675953229845,19.61,-12.27,31.88,1.0234,10.66846654585372,113.81617844,10.7174402727517,19.61,-19.61,39.22,6.432300000000001,4.740386873452418,22.471267709999992,7.99035362171162,17.62,-13.94,31.560000000000002,0.6950999999999999,3.394365182180609,11.52171499,3.464805766561814,4.37,-4.37,8.74,0.10490000000000002,1.4809453028386967,2.1931989899999995,1.4846558523779172,4.0,-3.16,7.16,0.1564,2.4574338322730074,6.0389810399999995,2.462405734236338,4.37,-4.37,8.74,13.077800433607122,5.004227994280979,25.042297818745425,14.00254126935536,29.078676035885817,2.752326288796443,26.326349747089374,4.092835782916774,1.87649120809985,3.5212192540760343,4.50250197112672,6.738026417282734,0.3698648401781386,6.368161577104596,Severe_Fault,Severe_Fault_022_window_003.csv
1.3088000000000002,4.3691157640877405,19.08917256,4.560935211116246,19.0,-11.93,30.93,0.3151000000000001,10.825610421126378,117.19384099000001,10.830195242930756,19.61,-19.61,39.22,5.984300000000001,5.567106655166578,30.992676510000006,8.173403391488762,19.61,-14.14,33.75,0.6399,3.394362530726499,11.521696990000002,3.4541524285995258,4.37,-4.37,8.74,0.011300000000000006,1.2885578411542107,1.66038131,1.2886073878416189,2.75,-3.56,6.3100000000000005,0.15410000000000001,2.5942213070592106,6.72998419,2.5987941434442248,4.37,-4.37,8.74,13.171479839145944,5.604632088457903,31.411900846971992,14.31432087107174,27.65842547940862,2.752326288796443,24.906099190612178,4.0733906541697396,1.9372396801951548,3.7528975785226253,4.5105885425296774,7.132138529221092,0.3698648401781386,6.762273689042954,Severe_Fault,Severe_Fault_022_window_004.csv
1.1905000000000001,5.550162767883479,30.804306750000002,5.676407050238733,19.0,-13.88,32.88,-0.060799999999999944,11.07143682454992,122.57671336000001,11.071603768199076,19.61,-19.61,39.22,6.176699999999999,5.8313420505060405,34.00455010999999,8.494478971661534,19.61,-14.14,33.75,0.5209999999999999,3.3225467641554722,11.039316999999999,3.363147038117721,4.37,-4.37,8.74,-0.0909,0.9826495764004584,0.9656001900000003,0.9868449726274132,1.48,-3.56,5.04,0.20360000000000003,2.608120978789136,6.802295040000001,2.61605580980223,4.37,-4.37,8.74,13.720842595346223,6.220663829024412,38.69665847373266,15.06513126394855,31.138558091215465,3.014067019825538,28.124491071389926,3.874833807825023,2.028307659536942,4.114031961736227,4.373599089994418,7.132138529221092,0.20049937655763422,6.9316391526634575,Severe_Fault,Severe_Fault_022_window_005.csv
0.9257000000000001,4.327082909998374,18.72364651,4.424993446322831,14.8,-13.88,28.68,-0.22069999999999992,9.41402275916093,88.62382450999999,9.416609421654908,19.61,-19.61,39.22,7.791499999999998,3.845145348358108,14.785142749999999,8.688648629102227,19.61,-4.62,24.23,0.5703999999999999,3.023375570451015,9.14079984,3.0767118812134493,4.37,-4.37,8.74,-0.06569999999999998,0.9700404682280014,0.9409785100000002,0.9722628245490003,2.33,-2.96,5.29,0.18419999999999995,2.1622466001823195,4.67531036,2.170078339599748,4.37,-4.37,8.74,12.515428910278606,5.206702813850857,27.109754191762434,13.555283656198421,31.138558091215465,3.032243393924703,28.106314697290763,3.404679989688862,1.8785220700892094,3.5288451678122486,3.8885332710419234,6.489545438626654,0.20049937655763422,6.289046062069019,Severe_Fault,Severe_Fault_022_window_006.csv
1.3508000000000004,3.5255361804979395,12.429405359999999,3.775455734080324,19.61,-8.52,28.13,-0.48309999999999975,8.44073571378704,71.24601939,8.454549367056769,19.61,-16.55,36.16,8.207299999999998,3.3934006114810553,11.51516771,8.881156512526958,19.61,-2.02,21.63,0.2891,3.02768462525409,9.16687419,3.0414557369785937,4.37,-4.37,8.74,-0.1607,1.1615397152056404,1.3491745100000003,1.1726035135543473,3.06,-3.67,6.73,-0.25860000000000005,1.9847508760547254,3.93923604,2.001526917131019,3.14,-4.37,7.51,12.105552927191036,4.250176505390874,18.06400032697658,12.82998098205917,33.96551633642569,5.879540798395738,28.08597553802995,3.4331624962342464,1.6867001139653253,2.8449572744506413,3.825122481699115,6.489545438626654,0.33181320046074114,6.157732238165913,Severe_Fault,Severe_Fault_022_window_007.csv
0.9222000000000001,4.1130024507651335,16.916789159999997,4.215120638842974,19.61,-10.29,29.9,-0.5035999999999998,9.261826765816773,85.78143503999998,9.275507964526794,19.61,-19.61,39.22,8.0347,4.135952479175746,17.10610291,9.036730990795288,19.61,-19.61,39.22,0.1433,3.2093167668524094,10.299714110000002,3.212514435765231,4.37,-4.37,8.74,-0.09790000000000003,0.9210019489664504,0.8482445900000001,0.9261905851389335,3.06,-3.67,6.73,-0.007699999999999985,2.19166916070834,4.80341371,2.19168268688695,4.37,-4.37,8.74,12.816175245109216,4.605480331805763,21.210449086649724,13.618546067770964,33.96551633642569,5.930750374109502,28.034765962316186,3.537101046387406,1.862918996533427,3.4704671876451108,3.9976932098398947,6.359544008810695,0.21189620100417092,6.147647807806524,Severe_Fault,Severe_Fault_022_window_008.csv
0.26280000000000003,6.0584808458886785,36.70519016,6.064177932745707,17.86,-19.61,37.47,0.033699999999999966,10.517669480925896,110.62137131,10.517723470409365,19.61,-19.61,39.22,7.873099999999999,4.49874397915685,20.238697390000006,9.06776714522379,19.61,-19.61,39.22,0.19560000000000002,3.291012099643512,10.830760639999996,3.296819679630659,4.37,-4.37,8.74,-0.1537,0.7032249355647168,0.49452531,0.7198256733404276,2.06,-1.98,4.04,0.10590000000000002,2.4562215270614334,6.033024189999999,2.4585034065463485,4.37,-4.37,8.74,14.03294855523644,5.718174258107874,32.69751684608753,15.153255821769788,32.62294591234826,4.18055020302352,28.442395709324735,3.6962475114928464,1.9414330618857154,3.769162333782944,4.175093771402027,6.434119986447254,0.19949937343260005,6.234620613014654,Severe_Fault,Severe_Fault_022_window_009.csv
0.7209000000000003,5.980732579709613,35.76916219,6.024023489330034,17.86,-19.61,37.47,-0.5281000000000003,10.124999426666651,102.51561339,10.138762399819813,19.61,-19.61,39.22,8.019599999999999,3.8693280863736534,14.97169984,8.904250894937766,19.61,-4.82,24.43,0.39459999999999995,3.256610329775424,10.605510839999997,3.2804298498824815,4.37,-4.37,8.74,-0.34430000000000005,0.9852311962174157,0.97068051,1.0436584690405188,2.85,-3.99,6.84,0.0947,2.5809035065263477,6.661062909999998,2.5826403156459867,4.37,-4.37,8.74,13.721005043468587,5.486626157950762,30.103066597109542,14.777315250071645,32.62294591234826,3.31748398639692,29.305461925951338,3.903981228502999,1.8109126338661998,3.279404567496217,4.3035420295379945,6.80560798165748,0.19949937343260005,6.60610860822488,Severe_Fault,Severe_Fault_022_window_010.csv
1.4553999999999996,4.5170256629777965,20.40352084,4.745704373430777,11.54,-16.81,28.349999999999998,0.033999999999999614,11.211294840472263,125.69313199999999,11.211346395504867,19.61,-19.61,39.22,6.587700000000001,5.050183136283277,25.504349709999996,8.300731353320622,19.61,-19.09,38.7,0.5993999999999999,3.4509937177572487,11.909357639999998,3.5026615594430472,4.37,-4.37,8.74,-0.007200000000000024,1.186744353262319,1.4083621599999996,1.1867661943280992,4.37,-3.34,7.71,0.27810000000000007,2.7239874063585536,7.420107389999999,2.738146635956519,4.37,-4.37,8.74,13.694820479044974,5.437833304426535,29.570031046730413,14.734929215982003,28.03458934958741,1.895468279871758,26.139121069715653,4.209948711434144,1.8576412051561466,3.4508308470939806,4.601575708385118,7.5632929336367765,0.2449489742783178,7.318343959358459,Severe_Fault,Severe_Fault_023_window_001.csv
0.8924999999999998,6.071025016420209,36.857344749999996,6.136277454613668,19.61,-19.61,39.22,-0.11850000000000026,11.81259703663847,139.53744874999998,11.813191397755308,19.61,-19.61,39.22,6.242700000000001,6.015717888165967,36.18886171,8.669496236806381,19.61,-18.0,37.61,0.7936,3.521303599521064,12.39957904,3.609623249038603,4.37,-4.37,8.74,-0.1863,1.1876217032371883,1.41044531,1.2021451659429487,4.37,-3.34,7.71,0.14389999999999994,2.6616419349717195,7.084337789999999,2.665529028166829,4.37,-4.37,8.74,14.549476538646253,6.377953390499357,40.67828945138225,15.886017657046715,33.96551633642569,4.07898271631543,29.886533620110256,4.305655316963791,1.7438206018686195,3.0409102915014343,4.645382438508158,7.5632929336367765,0.8315046602394963,6.73178827339728,Severe_Fault,Severe_Fault_023_window_002.csv
1.4228999999999998,7.04863749883621,49.683290589999984,7.190822970981833,19.61,-19.61,39.22,-0.09569999999999994,13.254666518249335,175.68618450999998,13.255011995467976,19.61,-19.61,39.22,5.287999999999999,7.1135064490024895,50.60197400000001,8.86368535091358,19.61,-18.0,37.61,0.7022999999999999,3.6171999820302996,13.08413571,3.68474707408799,4.37,-4.37,8.74,-0.2595,1.2737585132198332,1.6224607500000001,1.2999234592851996,2.53,-3.53,6.06,0.14359999999999995,2.8377362527197625,8.05274704,2.8413672765061544,4.37,-4.37,8.74,16.21044184665539,6.571892507961752,43.1897711362038,17.491946604080404,33.96551633642569,4.362178354904806,29.60333798152088,4.432574947149072,1.9216683735510673,3.692809337906404,4.831203783737548,7.117211532615847,0.2903446228191595,6.826866909796687,Severe_Fault,Severe_Fault_023_window_003.csv
1.9987000000000001,5.774738202723999,33.347601309999995,6.110843067858967,19.61,-19.61,39.22,0.6524000000000001,12.779206948789897,163.30813024,12.795849170727202,19.61,-19.61,39.22,5.9788999999999985,5.711576471518175,32.622105790000006,8.2685761168414,19.61,-14.75,34.36,0.3899,3.55819546821138,12.660754990000001,3.579493958648345,4.37,-4.37,8.74,-0.08449999999999999,1.4100718953301636,1.98830275,1.4126015007779087,3.35,-3.67,7.02,0.16349999999999998,2.783643790070849,7.748672750000001,2.7884413208816143,4.37,-4.37,8.74,15.307617169704516,5.926412623650805,35.122366585767615,16.41479546019383,33.96551633642569,4.249764699368661,29.715751637057025,4.31391287266153,1.9934344050119002,3.9737807270851486,4.752223163951794,7.187676954343455,0.2903446228191595,6.897332331524295,Severe_Fault,Severe_Fault_023_window_004.csv
1.7390999999999999,4.933407969142629,24.33851419,5.230963869116284,19.61,-14.47,34.08,-0.5336,10.947536482697831,119.84855504000001,10.960533016236026,19.61,-19.61,39.22,7.2272,4.144569719524573,17.17745816,8.331259088517173,19.61,-6.46,26.07,0.07129999999999999,3.532585074700962,12.47915731,3.53330454390787,4.37,-4.37,8.74,0.041999999999999996,1.2516397245213977,1.5666020000000003,1.2523442018870052,4.37,-3.67,8.04,-0.08379999999999997,2.6770482924295553,7.166587559999999,2.678359572574228,4.37,-4.37,8.74,13.827218874112148,5.070913449014563,25.714163207396773,14.727733871848717,33.94820466534276,2.927609946697135,31.020594718645622,4.159391044302007,1.9813336772437564,3.925683140580266,4.607191877923038,7.569062029075994,0.13601470508735444,7.43304732398864,Severe_Fault,Severe_Fault_023_window_005.csv
1.9525999999999997,5.177067436300208,26.80202724,5.533052864377857,19.61,-10.83,30.439999999999998,-0.4091999999999999,11.651489061918221,135.75719735999996,11.658672394402373,19.61,-19.61,39.22,7.016800000000001,5.077569867564601,25.78171576,8.66124690792267,19.61,-16.58,36.19,0.10309999999999991,3.5383905084091554,12.520207390000001,3.53989222999797,4.37,-4.37,8.74,0.04550000000000001,1.1209579608531268,1.25654675,1.121881009733207,4.37,-2.19,6.5600000000000005,-0.185,2.7250528435243235,7.425913000000001,2.731325319327597,4.37,-4.37,8.74,14.681742990672385,5.099307478064276,26.002936755842242,15.54208846970059,33.96551633642569,2.927609946697135,31.03790638972855,4.159836610463206,1.9862908584217933,3.9453513742499844,4.609727974620628,7.569062029075994,0.13601470508735444,7.43304732398864,Severe_Fault,Severe_Fault_023_window_006.csv
1.2519,5.570716236714988,31.03287939,5.709652616403208,19.61,-19.61,39.22,0.6166999999999999,11.490591634463389,132.03369611,11.507128877352509,19.61,-19.61,39.22,6.8875,4.674666913267725,21.85251075,8.324071539817519,19.61,-16.58,36.19,0.6486,3.4938674903321676,12.207110039999998,3.5535604680376554,4.37,-4.37,8.74,0.08670000000000004,1.0940293003388895,1.19690011,1.0974593386545126,4.14,-3.01,7.1499999999999995,0.1445,2.4429393668284116,5.96795275,2.4472092268541323,4.37,-4.37,8.74,14.240855991470468,5.612694150779971,31.5023356301997,15.307002155876244,33.96551633642569,4.799770827862513,29.165745508563173,4.061338172907832,1.8238898665439405,3.3265742452816727,4.452082883325511,7.438642349246265,0.4149698784249286,7.023672470821337,Severe_Fault,Severe_Fault_023_window_007.csv
1.6442,5.604901815375538,31.41492436,5.841088768371868,16.34,-19.61,35.95,-0.22980000000000003,11.810156474831315,139.47979596000002,11.81239196775996,19.61,-19.61,39.22,6.178000000000001,5.053593572894441,25.538808000000003,7.981634669665105,19.61,-12.45,32.06,0.8377000000000001,3.504107548292432,12.278769709999999,3.6028476237554097,4.37,-4.37,8.74,0.00030000000000001136,1.1880315273594384,1.4114189099999999,1.1880315652372206,1.95,-4.09,6.04,0.29519999999999996,2.632175328506823,6.92834696,2.6486770282539167,4.37,-4.37,8.74,14.259015474069509,5.834200177423318,34.03789171024627,15.406408212169378,31.826526671944585,4.799770827862513,27.02675584408207,4.26500615645958,1.7936394524435175,3.2171424853618813,4.626815319417882,7.410931115588649,0.8213403679352428,6.589590747653406,Severe_Fault,Severe_Fault_023_window_008.csv
1.7157,5.4699512347003605,29.920366509999997,5.73271253421973,16.34,-17.76,34.1,-0.35169999999999996,11.14704813437172,124.25668211000004,11.152594989508046,19.61,-19.61,39.22,6.559500000000002,5.020504631010712,25.205466750000006,8.26029702855775,19.61,-12.45,32.06,0.4581999999999999,3.4360484222432026,11.806428760000003,3.466464481283488,4.37,-4.37,8.74,-0.06259999999999999,1.1197549910583118,1.25385124,1.1215034551886143,4.37,-4.09,8.46,0.15899999999999995,2.821314764431647,7.959817,2.8257915705161274,4.37,-4.37,8.74,14.099701303719,5.164813466709588,26.67529814590471,15.015887419663214,31.826526671944585,6.834303183207488,24.992223488737096,4.2244318066820465,1.8475442919435148,3.4134199106930634,4.610774772204776,7.569062029075994,0.6531462317123172,6.9159157973636765,Severe_Fault,Severe_Fault_023_window_009.csv
1.0199,5.749197943191729,33.05327699,5.838961637140631,19.61,-17.76,37.370000000000005,0.3078000000000002,9.855224663091148,97.12545316000002,9.860030121657845,19.61,-19.61,39.22,7.4167000000000005,5.108793997608437,26.099776109999993,9.005954419160693,19.61,-11.15,30.759999999999998,0.2625,3.2979306769548686,10.876346749999998,3.308361074610811,4.37,-4.37,8.74,-0.05780000000000002,1.0859848801894068,1.17936316,1.0875219538013934,4.37,-3.65,8.02,-0.04279999999999998,2.6970714043198782,7.2741941599999995,2.697410980922262,4.37,-4.37,8.74,13.61612300311234,5.198276287781842,27.022076364114966,14.574665759460833,33.96551633642569,7.739857879832162,26.225658456593525,3.9803623210592374,1.8869813971239675,3.56069879309192,4.404995232687544,7.569062029075994,0.438520238985614,7.13054179009038,Severe_Fault,Severe_Fault_023_window_010.csv
1.5597999999999999,6.002380691025853,36.028573959999996,6.201737659720862,19.61,-19.61,39.22,-0.07190000000000019,11.016894816144884,121.37197139,11.017129435565328,19.61,-19.61,39.22,6.189800000000002,7.334933398470636,53.80124796,9.59764929553065,19.61,-19.61,39.22,0.34739999999999993,3.42475272684029,11.728931240000003,3.4423274103431822,4.37,-4.37,8.74,-0.05499999999999999,1.2521329801582577,1.567837,1.2533403368598652,3.74,-3.65,7.390000000000001,-0.03899999999999998,2.711628846284093,7.352931000000002,2.7119092905183977,4.37,-4.37,8.74,14.722933671102773,5.932013748830011,35.188787116308276,15.873045170980898,33.96551633642569,5.4670833174554785,28.498433018970207,4.126653315531131,1.9353719057111276,3.745664413415922,4.557952610547854,7.223669427652404,0.34885527085024814,6.874814156802156,Severe_Fault,Severe_Fault_023_window_011.csv
0.7895,4.654111811076309,21.66075675,4.7206002796254625,14.59,-17.15,31.74,0.6528,10.574916461135759,111.82885816000002,10.595046295321223,19.61,-19.61,39.22,7.005499999999999,5.4322336796201975,29.509162749999994,8.864885391250132,19.61,-17.91,37.519999999999996,0.4534,3.2315746069060514,10.44307444,3.2632263176188077,4.37,-4.37,8.74,-0.06440000000000001,1.0219288820656751,1.0443386400000003,1.0239560537444954,4.37,-2.36,6.73,0.02509999999999997,2.4372605502900178,5.94023899,2.4373897923803653,4.37,-4.37,8.74,13.531198946483823,5.480138782063377,30.031921070675068,14.598810430990602,26.345751080582236,3.309939576487764,23.03581150409447,3.635627379118697,2.1024306314840726,4.420214560202517,4.199762017067158,7.506090860094887,0.10770329614269007,7.398387563952197,Severe_Fault,Severe_Fault_024_window_001.csv
1.1994999999999998,5.3222409518923515,28.326248750000005,5.455735422470558,15.15,-13.97,29.12,0.4283000000000002,11.138513819626027,124.06649010999999,11.14674530973055,19.61,-19.61,39.22,7.476500000000001,5.02509609360856,25.251590750000002,9.008309663860363,19.61,-10.41,30.02,0.3975,3.2244048675685875,10.396786749999999,3.248814091326249,4.37,-4.37,8.74,0.0481,1.057006806979028,1.1172633900000002,1.0581006568375242,4.17,-2.23,6.4,-0.023300000000000036,2.6480593101363876,7.01221811,2.6481618152975472,4.37,-4.37,8.74,14.273958734112306,5.605240856275402,31.418725056859,15.33507818695425,30.817154313790883,2.986419260586162,27.83073505320472,3.7457914876343015,2.1578176779251774,4.656177131166405,4.3228614365949785,7.45538060731979,0.10770329614269007,7.3476773111771,Severe_Fault,Severe_Fault_024_window_002.csv
2.2338000000000005,6.080100620877914,36.96762356,6.477459841635454,19.61,-13.47,33.08,0.21800000000000005,13.133208214294024,172.48115800000002,13.135017396257988,19.61,-19.61,39.22,6.0681,6.299556443909364,39.68441139,8.746785066525872,19.61,-19.61,39.22,0.4169,3.681878513748112,13.556229390000004,3.7054061855618476,4.37,-4.37,8.74,0.036500000000000005,1.1884833822986338,1.4124927500000004,1.1890437334261512,4.17,-3.99,8.16,0.02059999999999994,2.9420529634933494,8.65567564,2.942125082317202,4.37,-4.37,8.74,16.03149985696406,5.829530798971835,33.983429336161194,17.058499846117773,33.96551633642569,2.986419260586162,30.979097075839526,4.496224165201561,1.8931265822066752,3.5839282562575274,4.878520267458156,7.45538060731979,0.28053520278211075,7.174845404537679,Severe_Fault,Severe_Fault_024_window_003.csv
1.7525999999999997,5.682525252033642,32.29109324,5.946654521661738,19.61,-19.61,39.22,0.4635000000000001,12.556057054266677,157.65456875,12.5646090667398,19.61,-19.61,39.22,6.185100000000001,6.284113858771179,39.49008699,8.817343647607254,19.61,-19.61,39.22,0.3897,3.5378856553031786,12.51663491,3.5592837762673546,4.37,-4.37,8.74,0.0149,1.2772904877121727,1.6314709899999997,1.2773773913765656,3.83,-3.99,7.82,-0.0040000000000000235,2.6206751038615987,6.8679380000000005,2.6206781565083497,4.37,-4.37,8.74,15.425735128958541,5.7466812797661255,33.02434573121443,16.46139878625143,33.96551633642569,4.90645493202577,29.059061404399916,4.1489623955487875,1.9885318806401018,3.95425904032206,4.6008855669316535,7.270673971510482,0.12041594578792295,7.150258025722559,Severe_Fault,Severe_Fault_024_window_004.csv
1.1785999999999999,4.737383037078593,22.442798039999992,4.881792293819966,19.61,-19.61,39.22,-0.3836999999999998,10.668149572910945,113.80941530999999,10.675047587715945,19.61,-19.61,39.22,7.1156999999999995,5.377207873050845,28.91436451,8.918943379122888,19.61,-19.61,39.22,0.575,3.2879770376327144,10.810793,3.3378762709243737,4.37,-4.37,8.74,-0.1704,1.1932677151419124,1.4238878400000001,1.2053729713246435,3.83,-3.93,7.76,-0.08840000000000002,2.415293655024167,5.8336434399999995,2.4169108382395903,4.37,-4.37,8.74,13.675738817061667,5.505475075550948,30.31025580751272,14.74232301911744,32.68629988236662,4.90645493202577,27.77984495034085,3.8837869741580295,1.8308464543375629,3.351998739360426,4.29369304911285,7.270673971510482,0.12041594578792295,7.150258025722559,Severe_Fault,Severe_Fault_024_window_005.csv
0.8173,4.689090712494268,21.98757171,4.759784764041332,19.61,-17.05,36.66,0.06160000000000007,9.725196935795182,94.57945543999999,9.725392022946941,19.61,-19.61,39.22,7.242099999999999,4.736049048521352,22.43016059,8.653217494088542,19.61,-19.61,39.22,0.4813000000000001,3.257109041773087,10.608759309999998,3.2924776384965773,4.37,-4.37,8.74,-0.34259999999999996,0.9222338315199676,0.8505152400000001,0.9838140068122633,1.61,-4.37,5.98,-0.0742,2.5334846279383663,6.418544360000001,2.534570969612017,4.37,-4.37,8.74,12.962073892806183,4.909339507248647,24.10161439743238,13.860626753505775,32.68629988236662,4.42147034367528,28.264829538691338,3.8638457598493265,1.8174281124969927,3.303044944094381,4.26993547960622,6.570136984873299,0.26248809496813374,6.307648889905165,Severe_Fault,Severe_Fault_024_window_006.csv
1.1981,4.327419946111077,18.726563390000003,4.490212355780069,13.34,-17.05,30.39,0.3403,10.614327529806115,112.66394890999999,10.619781212435592,19.61,-19.61,39.22,6.1037,5.639919264493066,31.80868931,8.310465871417799,18.04,-19.61,37.65,0.37089999999999995,3.3213925076690347,11.031648189999999,3.342037552152878,4.37,-4.37,8.74,-0.23569999999999997,0.9534361593730333,0.9090405100000001,0.9821379740138347,1.61,-4.37,5.98,0.07390000000000002,2.603438839304661,6.77789379,2.604487473573256,4.37,-4.37,8.74,13.342488627025467,4.897305405801859,23.98360023769611,14.212867515037209,28.660066294410417,3.899448678980145,24.76061761543027,3.866285794837527,1.9922347132397713,3.9689991526375534,4.349386738380481,6.536872340806419,0.07615773105863909,6.460714609747781,Severe_Fault,Severe_Fault_024_window_007.csv
1.8687999999999996,4.301859895440575,18.50599856,4.690246475399774,19.61,-6.48,26.09,-0.4977,10.099958203378863,102.00915571,10.112213457003369,19.61,-19.61,39.22,6.7911,5.306221423009032,28.15598579,8.61829594525507,19.61,-17.05,36.66,0.6747,3.27457095052161,10.722814910000002,3.3433568460456025,4.37,-4.37,8.74,-0.17859999999999998,0.8817664316586339,0.7775120400000002,0.8996721625125454,2.54,-3.15,5.6899999999999995,0.192,2.452766193504795,6.016062,2.4602694974331576,4.37,-4.37,8.74,13.197216033373046,4.9359686960597156,24.36378696848145,14.090077998364665,30.28150920941689,3.899448678980145,26.382060530436743,3.7919798080552223,1.9134419602646646,3.661260135301482,4.247395790363785,6.936591381939691,0.07615773105863909,6.860433650881053,Severe_Fault,Severe_Fault_024_window_008.csv
1.6123999999999996,4.752920601062046,22.59025424,5.018972803273594,19.61,-15.46,35.07,-0.8461,9.189583004141157,84.44843579,9.228451711961222,19.61,-19.61,39.22,8.1344,3.540392723978514,12.53438064,8.871462337179818,19.61,-7.28,26.89,0.5053,3.2925325981681635,10.840770909999998,3.331080755550667,4.37,-4.37,8.74,-0.16690000000000002,0.7766913093372424,0.6032493899999999,0.7944211729303292,2.54,-3.15,5.6899999999999995,0.15660000000000002,2.504032835247972,6.270180439999999,2.5089248693414476,4.37,-4.37,8.74,12.88194913784323,4.807560650685546,23.112639410020034,13.749809198676175,33.96551633642569,3.6800135869314397,30.285502749494245,3.76209215052923,1.9668682342562631,3.8685706509263507,4.245221784547893,6.936591381939691,0.09,6.8465913819396915,Severe_Fault,Severe_Fault_024_window_009.csv
1.4775000000000003,4.225324928333914,17.853370749999996,4.476201179571803,19.61,-15.46,35.07,-0.9536000000000004,9.486555067040934,89.99472704,9.534363114545197,19.61,-19.61,39.22,7.878299999999999,3.6602912602687785,13.397732110000003,8.687079083328298,19.61,-7.04,26.65,0.07229999999999998,3.406536027990897,11.604487709999999,3.4073031858054548,4.37,-4.37,8.74,-0.14149999999999996,0.7948161737156585,0.6317327499999998,0.8073134459427763,3.75,-1.94,5.6899999999999995,-0.022999999999999993,2.6134702982815776,6.830226999999999,2.6135715027525075,4.37,-4.37,8.74,12.78845708213159,4.781335112547374,22.861165458478414,13.653050941090054,33.96551633642569,2.03324863211561,31.932267704310078,3.9217808878862503,1.926618973074369,3.711860667410136,4.369465184665052,7.228851914377553,0.11224972160321824,7.116602192774335,Severe_Fault,Severe_Fault_024_window_010.csv
0.8164999999999998,4.137500302114794,17.118908750000006,4.217295460363194,11.65,-13.75,25.4,-1.0813000000000001,9.987835366584696,99.75685531000003,10.046196543966278,19.61,-19.61,39.22,7.736099999999999,3.8248730423374844,14.629653790000004,8.629999826187715,19.61,-7.04,26.65,0.038799999999999994,3.447198363889145,11.883176559999997,3.4474167140048504,4.37,-4.37,8.74,-0.12339999999999998,0.7396015413721093,0.54701044,0.7498253129896323,3.75,-1.94,5.6899999999999995,0.0259,2.5056456632971873,6.278260190000002,2.5057795194310293,4.37,-4.37,8.74,13.087101959321119,4.681485373931368,21.916305306333324,13.899228144037352,29.203196742822524,2.03324863211561,27.169948110706912,3.956649074555313,1.7523638608521301,3.0707791008205834,4.327337634157982,7.228851914377553,0.37027017163147236,6.858581742746081,Severe_Fault,Severe_Fault_024_window_011.csv
0.5317999999999999,5.2757701579958916,27.833750759999997,5.302505256951661,19.61,-19.61,39.22,-0.4227000000000001,10.409375279525664,108.35509370999998,10.417954165765945,19.61,-19.61,39.22,6.6677,4.779612924704259,22.84469971,8.203835871103225,19.61,-9.29,28.9,0.7603,3.2398766812951387,10.496800910000001,3.3278907734479506,4.37,-4.37,8.74,0.13930000000000003,1.6087419028545256,2.5880505099999995,1.6147615923101466,4.37,-4.37,8.74,0.1837,2.212599220374083,4.89559531,2.2202119268214013,4.37,-4.37,8.74,13.259652341807723,5.304231685587738,28.134873774392943,14.281220326008558,33.96551633642569,3.536693370932798,30.428822965492888,3.946495975599843,1.7426481327491905,3.03682251457424,4.314122506373689,7.569062029075994,0.7148426400264607,6.854219389049533,Severe_Fault,Severe_Fault_025_window_001.csv
0.6302,5.929556641098895,35.15964196,5.962951785818832,19.61,-19.61,39.22,0.4865,10.463120507286535,109.47689075000002,10.474424709739433,19.61,-19.61,39.22,6.6183000000000005,5.655547021288038,31.98521211,8.70557907321506,19.61,-13.45,33.06,0.4533,3.3172582217849724,11.004202109999996,3.3480864684174456,4.37,-4.37,8.74,-0.1635,1.7663337028998796,3.11993475,1.773884720042427,4.37,-4.37,8.74,-0.0649,2.134808888401957,4.55740899,2.1357951680814335,4.37,-4.37,8.74,13.782359692734907,5.577099183274055,31.10403530007613,14.868001681463449,33.045803061811036,3.536693370932798,29.509109690878237,3.9797164730422607,1.7549438151109182,3.079827794196065,4.34947939413443,7.569062029075994,0.6715653356152326,6.897496693460761,Severe_Fault,Severe_Fault_025_window_002.csv
0.9995,6.227816210358171,38.785694750000005,6.30751099880135,19.61,-19.61,39.22,0.7764000000000002,11.5608419693377,133.65306704,11.586883273771251,19.61,-19.61,39.22,6.510600000000002,5.843605705384305,34.14772764,8.748465008217156,19.61,-15.78,35.39,0.27740000000000004,3.5426743062268646,12.550541239999998,3.553518256601477,4.37,-4.37,8.74,-0.1324,1.3769314579891043,1.8959402400000003,1.383282328376966,4.37,-3.76,8.129999999999999,0.010300000000000002,2.523673693249585,6.368928909999999,2.5236947121234774,4.37,-4.37,8.74,14.63135468304768,6.041494776862654,36.49965913885873,15.829598826249514,33.96551633642569,3.6656377344194833,30.299878602006203,4.21854563596231,1.7646160254580447,3.113869717303347,4.572745018038946,7.569062029075994,0.6715653356152326,6.897496693460761,Severe_Fault,Severe_Fault_025_window_003.csv
0.8438,5.124193747312839,26.25736156,5.193203250403357,19.61,-19.61,39.22,1.2209999999999999,10.909646327906328,119.02038300000002,10.977760427336715,19.61,-19.61,39.22,6.898000000000001,4.850469667980617,23.527055999999998,8.432642527701503,19.61,-15.78,35.39,0.6601,3.385152727721454,11.45925899,3.448911567436892,4.37,-4.37,8.74,0.029199999999999983,1.031641100383268,1.06428336,1.0320542621393507,3.27,-2.24,5.51,0.09589999999999993,2.4419492603246287,5.963116190000001,2.443831622677798,4.37,-4.37,8.74,13.674080985040597,5.622237385112008,31.60955321455111,14.784790969100646,33.96551633642569,3.6656377344194833,30.299878602006203,3.971456838159645,1.7776306091634981,3.159970582634989,4.35114237873228,6.818225575617164,0.6994998213009064,6.118725754316257,Severe_Fault,Severe_Fault_025_window_004.csv
1.1168,5.145915249982261,26.48044376,5.265708499337957,19.61,-19.61,39.22,0.13810000000000008,10.47245956736048,109.67240939000003,10.473370087989824,19.61,-19.61,39.22,7.196300000000001,4.4714052947591325,19.99346531,8.472319576125537,19.61,-10.86,30.47,0.5703,3.1141764416936946,9.69809491,3.1659654135824042,4.37,-4.37,8.74,-0.026099999999999998,0.9681321139183432,0.93727979,0.9684838666699616,3.27,-3.07,6.34,0.02139999999999999,2.3454104203742254,5.500950040000001,2.345508047310859,4.37,-4.37,8.74,13.365665091766607,5.527961889768376,30.55836265473155,14.463725868530556,32.75529117562535,5.464988563574493,27.29030261205086,3.570698524734538,1.9268674177167957,3.712818045458593,4.057426031365205,6.90063040598466,0.3438022687534217,6.556828137231238,Severe_Fault,Severe_Fault_025_window_005.csv
0.7684000000000001,5.44029074958315,29.596763439999997,5.494288124953041,18.74,-19.61,38.349999999999994,-1.7827000000000002,10.329442371686866,106.69737971,10.482146678996628,19.61,-19.61,39.22,6.799600000000002,4.915365687311576,24.16081984,8.390195468521577,19.61,-11.9,31.509999999999998,0.20480000000000004,3.229917794619547,10.432368959999998,3.2364041774784558,4.37,-4.37,8.74,-0.0522,0.9425365563202309,0.8883751599999999,0.9439809320108113,2.79,-3.07,5.859999999999999,0.013999999999999999,2.67458146258438,7.153386,2.6746181035803973,4.37,-4.37,8.74,13.43517903375564,5.473019763433431,29.953945330932928,14.507169985906968,29.200065068420653,2.471011938457603,26.72905312996305,3.7256345236103674,2.153750541841499,4.63864139648255,4.303370074720509,6.90063040598466,0.2519920633670831,6.648638342617577,Severe_Fault,Severe_Fault_025_window_006.csv
0.030399999999999948,5.305109785857405,28.144189839999996,5.3051968860731264,15.44,-19.61,35.05,-0.5382999999999999,9.75015046601846,95.06543411000001,9.764998771121274,19.61,-19.61,39.22,6.9606,4.210280470467496,17.726461640000004,8.134888690080523,16.46,-11.9,28.36,0.05550000000000001,3.130561730744181,9.80041675,3.1310536565188407,4.37,-4.37,8.74,0.06200000000000001,1.4337301001234506,2.055582,1.4350700331342718,4.37,-4.37,8.74,-0.07319999999999999,2.5200979663497214,6.350893760000002,2.5211608437384556,4.37,-4.37,8.74,12.877918421460874,4.882207096201334,23.835946130198664,13.77231748835322,29.200065068420653,2.471011938457603,26.72905312996305,3.7167767695227156,2.098748542712131,4.404745445536293,4.268392554580705,7.1673356276931806,0.2519920633670831,6.915343564326098,Severe_Fault,Severe_Fault_025_window_007.csv
0.5718,5.660832338093048,32.04502276,5.689637774059083,19.61,-19.61,39.22,0.13589999999999983,10.26115861830427,105.29137619,10.262058516691473,19.61,-19.61,39.22,7.437200000000001,5.037064637266431,25.37202016,8.982425284966194,19.61,-14.71,34.32,0.3158,3.0845963042187545,9.51473436,3.1007199164065113,4.37,-4.37,8.74,0.011699999999999988,1.6257300237124244,2.64299811,1.6257721242535805,4.37,-4.37,8.74,-0.007600000000000047,2.255787720509179,5.0885782399999995,2.255800523095959,4.37,-4.37,8.74,13.791814272358305,5.305812480362804,28.151646076773694,14.777204979291586,31.534176697672006,5.164436077637132,26.369740620034875,3.720497919992361,1.8719322176116628,3.504130227332518,4.164881150765289,7.1673356276931806,0.2922327839240491,6.875102843769131,Severe_Fault,Severe_Fault_025_window_008.csv
1.2046,4.833324822521242,23.36102884,4.981173556502523,19.61,-14.31,33.92,0.04869999999999987,10.128578148486588,102.58809530999999,10.128695226928293,19.61,-19.61,39.22,6.9308000000000005,5.2324121932431895,27.37813736,8.684130699154636,19.61,-14.71,34.32,0.5513,3.3808140010950027,11.429903310000002,3.4254685810849295,4.37,-4.37,8.74,0.07680000000000002,1.3933491163380411,1.94142176,1.395464080512286,4.18,-3.82,8.0,0.13959999999999997,2.3640151945366172,5.58856784,2.368133442186061,4.37,-4.37,8.74,13.38065088445395,4.875947590813687,23.774864908361796,14.241372230231185,31.534176697672006,5.963732053001711,25.570444644670296,4.018874976556886,1.7713991427131512,3.1378549228048875,4.391948428658971,7.460978488107307,0.3432200460346103,7.117758442072697,Severe_Fault,Severe_Fault_025_window_009.csv
0.5767,4.323546011088583,18.693050109999998,4.361838259266384,19.61,-19.61,39.22,0.5987,9.235173810492146,85.28843531000001,9.254559795041578,19.61,-19.61,39.22,7.232099999999999,3.70678925621622,13.740286589999997,8.126718710525179,19.61,-6.68,26.29,0.3786,3.1472998014170814,9.90549604,3.1699895898882695,4.37,-4.37,8.74,0.11960000000000003,1.2265919614933076,1.5045278399999997,1.2324090230114353,4.37,-2.07,6.4399999999999995,0.1495,2.3462286227049574,5.50478875,2.350986814084673,4.37,-4.37,8.74,12.199611008290347,4.678200321320258,21.885558246400965,13.06583587069729,33.96551633642569,2.201045206259971,31.764471130165717,3.6490703423148245,1.9439883324851435,3.7790906368383683,4.1345864363924,7.460978488107307,0.182208671582886,7.278769816524421,Severe_Fault,Severe_Fault_025_window_010.csv
1.5816999999999999,5.0064134977047186,25.06417611,5.250328656379522,19.61,-14.28,33.89,0.5802999999999997,11.198933025516316,125.41610091000003,11.213957775914801,19.61,-19.61,39.22,6.611399999999999,4.9058724035588215,24.067584040000007,8.232751301964612,15.61,-19.61,35.22,0.5598000000000001,3.3630176865428467,11.309887960000001,3.40929083534978,4.37,-4.37,8.74,-0.0782,1.0894928912113195,1.1869947600000001,1.0922957474969863,4.37,-3.02,7.390000000000001,0.132,2.564507750037032,6.576700000000001,2.567902646129716,4.37,-4.37,8.74,13.899396797302904,5.282401222088843,27.903762671125705,14.869330650705162,28.210467915296974,4.472281297056346,23.738186618240626,3.9999895062330197,1.846776096343496,3.410581950025722,4.405734671992857,7.569062029075994,0.4910193478876367,7.078042681188357,Severe_Fault,Severe_Fault_026_window_001.csv
1.7937,5.22699256838959,27.32145131,5.526193174328961,19.61,-7.64,27.25,0.20710000000000023,11.166215768558299,124.68437458999999,11.168136147092763,19.61,-19.61,39.22,7.078500000000002,4.7727669909602755,22.779304749999998,8.537240010682611,19.61,-12.8,32.41,0.5193000000000001,3.445069594362355,11.868504510000001,3.483988662438499,4.37,-4.37,8.74,0.03740000000000001,1.3150677701168103,1.7294032399999997,1.3155994831254685,4.37,-3.02,7.390000000000001,-0.011099999999999985,2.438588073045548,5.94671179,2.4386133354839177,4.37,-4.37,8.74,14.034504263053723,5.5841949366338275,31.183233090326873,15.10465302481325,33.96551633642569,4.929229148660062,29.036287187765623,4.078594891351411,1.7835015313259945,3.180877712242167,4.45149570369331,7.569062029075994,0.4910193478876367,7.078042681188357,Severe_Fault,Severe_Fault_026_window_002.csv
1.0477,4.941055728283177,24.414031710000003,5.050911501897454,19.61,-13.41,33.019999999999996,0.029099999999999904,10.385118978134049,107.85069619,10.38515974841023,19.61,-19.61,39.22,7.099,4.513677768738039,20.373287,8.412436507932764,19.61,-12.8,32.41,0.7671000000000001,3.4897619675272984,12.17843859,3.5730772451767674,4.37,-4.37,8.74,0.011800000000000007,1.0976113884248835,1.2047507600000003,1.0976748152344573,4.37,-2.84,7.21,0.09070000000000004,2.3776712367356425,5.6533205099999995,2.3794005547616397,4.37,-4.37,8.74,13.288752340198537,5.247990019128069,27.541399240867825,14.287488862637828,33.96551633642569,5.4700182815051,28.49549805492059,4.092006705162047,1.6996467647452076,2.8887991249088514,4.430950011002156,7.569062029075994,0.8830628516702534,6.685999177405741,Severe_Fault,Severe_Fault_026_window_003.csv
0.46399999999999975,4.896914538768264,23.979772000000004,4.918848239171442,19.61,-17.72,37.33,0.04470000000000006,9.82232807994113,96.47812891000001,9.822429791044577,19.61,-19.61,39.22,7.428999999999999,3.7898969642986335,14.363318999999999,8.33986570635283,19.61,-3.2,22.81,0.7888,3.354928398639828,11.25554456,3.4464111768620995,4.37,-4.37,8.74,-0.0291,0.8515199293028907,0.72508619,0.8520170186093704,3.48,-3.48,6.96,0.1114,2.308780639211963,5.33046804,2.311466633979388,3.86,-4.37,8.23,12.7966798507287,5.145244386611199,26.473539797954054,13.792336821583211,33.96551633642569,4.984546117752347,28.980970218673338,3.845208686617056,1.7779007723618148,3.1609311563647378,4.236338159306927,6.637032469409804,0.19874606914351792,6.438286400266286,Severe_Fault,Severe_Fault_026_window_004.csv
0.22529999999999986,4.304198521211585,18.52612491,4.310091066323309,19.61,-17.72,37.33,0.7447999999999998,9.006242332959957,81.11240096,9.036986665919121,19.61,-19.61,39.22,7.9133000000000004,4.106916618340334,16.866764110000002,8.915552759083422,19.61,-3.04,22.65,0.6341999999999999,3.3082273742897423,10.944368360000004,3.3684681978608615,4.37,-4.37,8.74,0.07439999999999998,0.7938316194256815,0.6301686400000001,0.797310479048156,3.48,-3.48,6.96,0.09649999999999993,2.0875178442351094,4.357730749999999,2.089747113887228,4.23,-4.37,8.600000000000001,12.304431474286535,5.322786872925392,28.332060094586872,13.406382584425973,33.96551633642569,4.034364881861828,29.93115145456386,3.6381860523202345,1.7643489588804453,3.112927248702511,4.043429855951504,6.361910090530988,0.19874606914351792,6.16316402138747,Severe_Fault,Severe_Fault_026_window_005.csv
0.375,3.983769948177229,15.870423,4.0013807616871455,18.95,-13.26,32.21,0.5706999999999999,8.436636563820915,71.17683650999999,8.455917159007651,19.61,-16.75,36.36,7.7517000000000005,5.55091056584413,30.812608109999996,9.534225768251977,19.61,-19.61,39.22,0.0846,3.1489193130342352,9.91569284,3.1500555550656566,4.37,-4.37,8.74,0.14220000000000002,0.9861527062275903,0.9724971600000001,0.9963523473149447,4.37,-4.37,8.74,-0.007199999999999997,1.8722329342258672,3.5052561600000005,1.8722467786058545,4.23,-4.37,8.600000000000001,12.464354377669817,4.8015532849134654,23.05491394786329,13.35720943910067,30.50503728894623,4.034364881861828,26.4706724070844,3.3906399444979245,1.7100984669822712,2.924436766775114,3.797482850520855,6.991902459273871,0.24596747752497686,6.745934981748894,Severe_Fault,Severe_Fault_026_window_006.csv
0.12369999999999998,4.58842165782527,21.05361331,4.590088779097851,18.95,-19.61,38.56,0.7053999999999999,8.372297584295485,70.09536684,8.401961437664422,19.61,-19.61,39.22,8.0207,5.477104756164519,29.99867651,9.7123789567747,19.61,-19.61,39.22,0.09650000000000002,2.764486706424902,7.642386750000001,2.766170457509804,4.37,-4.37,8.74,0.23699999999999996,1.8167743393168012,3.3006689999999996,1.832167568755653,4.37,-4.37,8.74,-0.018800000000000018,1.7984127891004333,3.23428856,1.798511050841779,2.99,-4.37,7.36,12.79237570269426,4.727293081787664,22.347299881117507,13.63789485221235,30.50503728894623,5.697560881640493,24.807476407305735,3.3694964050064704,1.6999038139402105,2.8896729766484737,3.7740136459742697,6.991902459273871,0.494064773081425,6.497837686192446,Severe_Fault,Severe_Fault_026_window_007.csv
0.020600000000000077,5.702340189781736,32.516683640000004,5.70237739894511,19.61,-19.61,39.22,0.9051000000000003,9.399015107446099,88.34148499000001,9.442493897270996,19.61,-19.61,39.22,7.985100000000001,4.500350318586321,20.25315299,9.165968306731155,19.61,-11.31,30.92,0.4854,2.7883738701974674,7.775028840000002,2.8303077571175894,4.37,-4.37,8.74,0.0014999999999999796,2.0634317895195857,4.25775075,2.063432334727747,4.37,-4.37,8.74,0.08360000000000004,2.1392865726685613,4.5765470399999995,2.1409194286567628,4.37,-4.37,8.74,13.284132878420255,5.4059770318115445,29.22458766847396,14.341993376096642,33.96551633642569,5.697560881640493,28.267955454785195,3.626220326786562,1.9241770037083301,3.702457141599967,4.105110351744518,7.569062029075994,0.39673668849754745,7.172325340578446,Severe_Fault,Severe_Fault_026_window_008.csv
0.6599,5.419334736847319,29.36918899,5.459364157115735,19.61,-19.61,39.22,1.3851999999999998,10.323953746506229,106.58402096,10.416467731433723,19.61,-19.61,39.22,7.345399999999999,4.700924253803714,22.09868884,8.720870942744193,19.61,-11.31,30.92,0.5602,3.255036706398255,10.59526396,3.3028908549935467,4.37,-4.37,8.74,-0.11520000000000005,1.410315907873126,1.9889909599999998,1.4150130741445468,4.37,-4.37,8.74,0.1458,2.395729191707611,5.739518360000002,2.4001616612220107,4.37,-4.37,8.74,13.466697801318611,5.745354412737335,33.00909732796037,14.641073970170357,33.96551633642569,3.9557805803659027,30.009735756059783,3.8230613080232807,2.014032828703474,4.056328235095318,4.321125547817373,7.569062029075994,0.12569805089976535,7.443363978176229,Severe_Fault,Severe_Fault_026_window_009.csv
1.0807,4.926697931677971,24.27235251,5.043834354932763,18.96,-19.61,38.57,1.2153999999999998,10.32048219997496,106.51235283999999,10.391802057391201,19.61,-19.61,39.22,6.918100000000001,5.658713580841497,32.02103939,8.937625355764247,19.61,-17.16,36.769999999999996,0.5597999999999999,3.434928232146926,11.798731960000005,3.4802453936468334,4.37,-4.37,8.74,-0.0472,0.7754058034345629,0.60125416,0.7768410390807118,1.69,-2.5,4.1899999999999995,0.0837,2.3939209072147727,5.73085731,2.3953836853414527,4.37,-4.37,8.74,13.390354403391113,5.831755391953969,34.00937095158419,14.6051690164818,29.72891353547923,3.9557805803659027,25.773132955113326,3.8151527532439182,1.9743511514964474,3.898062469415348,4.295748246813353,6.666618333158124,0.06403124237432849,6.602587090783795,Severe_Fault,Severe_Fault_026_window_010.csv
1.7669,4.111682306550446,16.90593139,4.475250495782331,19.61,-5.78,25.39,0.8412000000000001,9.724307716233584,94.56216056000001,9.760623853012675,19.61,-19.61,39.22,7.9364,3.536450061855815,12.506479039999999,8.688666410905645,19.61,-1.36,20.97,0.2643,3.385728948099655,11.463160509999996,3.396029299049112,4.37,-4.37,8.74,-0.015299999999999982,1.2631638492293864,1.59558291,1.2632565060192644,4.15,-4.37,8.52,-0.07099999999999994,2.2711140438119792,5.157959,2.2722235805483577,4.37,-4.37,8.74,12.97676925449473,4.732232952380965,22.394028715600268,13.812695935261878,30.77396627020963,2.9801677805116946,27.793798489697934,3.9197337719773624,1.7109994613734159,2.927519156820119,4.276895135492569,6.361910090530988,0.19209372712298545,6.169816363408002,Severe_Fault,Severe_Fault_027_window_001.csv
1.4543000000000004,4.775961527273854,22.809808509999996,4.992474035986567,19.61,-19.61,39.22,-0.3620999999999999,10.82634142219799,117.20966858999998,10.832395164505401,19.61,-19.61,39.22,7.7501999999999995,3.999711484594857,15.997691959999996,8.721427176787065,19.61,-11.57,31.18,0.17109999999999995,3.3050697103086946,10.923485789999999,3.3094955809005095,4.37,-4.37,8.74,-0.07909999999999998,0.8969281966802025,0.80448019,0.9004093513508177,3.02,-2.9,5.92,0.005600000000000014,2.2333030784020336,4.98764264,2.233310099381633,4.37,-4.37,8.74,13.805463910186115,5.266691582440409,27.73804022454866,14.775955942002534,33.96551633642569,2.5905597850657682,31.37495655135992,3.653471269451042,1.8448088473594735,3.4033196832957895,4.092819566020472,6.536872340806419,0.19209372712298545,6.344778613683434,Severe_Fault,Severe_Fault_027_window_002.csv
0.5797,4.787266956207894,22.917924909999996,4.8222377585515215,19.61,-19.61,39.22,0.2874999999999999,9.251256279554687,85.58574275000001,9.255722500161724,19.61,-19.61,39.22,8.4957,3.706121761356472,13.735338509999998,9.268886502703548,19.61,-11.57,31.18,0.2532,2.698790795893598,7.28347176,2.7106423592941953,4.37,-4.37,8.74,-0.053299999999999986,0.5827264452554046,0.3395701100000001,0.5851589527641187,2.13,-2.63,4.76,0.07970000000000002,1.8382880378221471,3.3793029099999994,1.8400149455914754,4.37,-4.37,8.74,12.953162829216085,5.20098122663548,27.050205719814702,13.958317699493731,33.96551633642569,2.5905597850657682,31.37495655135992,2.7127850337877852,1.9278084345849824,3.716445360457,3.328009615370725,6.536872340806419,0.14,6.39687234080642,Severe_Fault,Severe_Fault_027_window_003.csv
0.6822000000000001,4.461813438502332,19.90777916,4.513665472761578,19.61,-16.21,35.82,0.5622999999999998,8.371452783716814,70.08122171,8.390316025037436,19.61,-19.61,39.22,8.595799999999999,3.6458165559994926,13.29197836,9.337010013917732,19.61,-4.54,24.15,0.3404,2.6832446478098118,7.199801840000001,2.704750265736192,4.37,-4.37,8.74,0.12130000000000002,0.8348145362893484,0.6969153099999998,0.8435810571604843,4.37,-1.49,5.86,0.0271,1.7353289572873496,3.0113665899999997,1.735540549799975,4.2,-4.37,8.57,12.395986545455917,4.928473654680105,24.289852564875872,13.339802659709774,30.17409982087287,2.2436354427580256,27.93046437811484,2.660152077715477,1.9907272348129545,3.962994923426032,3.3225598564961927,7.569062029075994,0.14,7.429062029075994,Severe_Fault,Severe_Fault_027_window_004.csv
0.9302999999999999,4.67439139460957,21.84993491,4.766066827059814,19.61,-15.94,35.55,-0.4852000000000002,9.319589527441645,86.85474896,9.332211313509784,19.61,-19.61,39.22,8.4546,3.8597117560771292,14.897374839999998,9.293956961380875,19.61,-4.54,24.15,0.24169999999999994,3.0868706014344043,9.528770110000002,3.096318620555708,4.37,-4.37,8.74,0.018700000000000012,1.068319853789117,1.1413073100000002,1.0684835047861059,4.37,-4.37,8.74,-0.0078000000000000205,1.9105237920528495,3.6501011599999997,1.910539714321584,4.2,-4.37,8.57,12.985321310639781,5.250202611275523,27.564627459444328,14.006541221872014,33.17143650793556,2.2436354427580256,30.927801065177533,3.2765511862194683,1.9087221704805013,3.6432203240837957,3.791966244575498,7.569062029075994,0.189208879284245,7.379853149791749,Severe_Fault,Severe_Fault_027_window_005.csv
1.0730000000000002,4.203657811953775,17.670738999999998,4.338440733719892,19.61,-12.07,31.68,-0.9504000000000002,9.104505249600331,82.89201584,9.153975966758926,19.61,-19.61,39.22,7.8584,3.759263417213537,14.13206144,8.711286472157829,19.61,-5.9,25.509999999999998,0.15599999999999997,3.259672069395938,10.625461999999997,3.263402825273031,4.37,-4.37,8.74,-0.00969999999999998,0.9822102168069724,0.9647369099999998,0.9822581127178335,4.37,-4.37,8.74,-0.06389999999999998,2.1618685875880614,4.67367579,2.1628127519505704,4.37,-4.37,8.74,12.538023262046114,4.615390414730978,21.30182868039059,13.36053352228121,33.17143650793556,4.773698775582725,28.397737732352837,3.5606609588595335,1.901073785010332,3.6140815360535106,4.036383034351423,7.569062029075994,0.4980963762164909,7.070965652859503,Severe_Fault,Severe_Fault_027_window_006.csv
1.2443,5.204041747526627,27.082050509999995,5.350732005996937,19.61,-19.61,39.22,-1.0893000000000002,10.849444341071113,117.71044251000001,10.903990874904473,19.61,-19.61,39.22,6.164699999999999,5.641804756458699,31.82996091,8.356643285434648,19.61,-19.61,39.22,0.4590000000000001,3.519711777972736,12.388371,3.549514332975711,4.37,-4.37,8.74,0.019199999999999988,1.1164628789171631,1.24648936,1.11662795952815,4.37,-4.37,8.74,-0.05029999999999999,2.4325174017877034,5.91714091,2.4330374020964003,4.37,-4.37,8.74,13.612156367962921,5.663041233659395,32.070036014126515,14.743162381253216,33.96551633642569,4.773698775582725,29.191817560842964,4.035886475948799,1.864725543680245,3.477201353253585,4.445849862512229,7.569062029075994,0.49769468552517215,7.071367343550822,Severe_Fault,Severe_Fault_027_window_007.csv
0.28,5.51725620213526,30.440115999999993,5.524356614122589,19.61,-19.61,39.22,-1.0810000000000002,10.747590101971698,115.510693,10.801817161940857,19.61,-19.61,39.22,6.393999999999998,6.571446872645323,43.183914,9.168813990915073,19.61,-19.61,39.22,0.5301000000000001,3.402746683195797,11.578684989999998,3.4437902084767016,4.37,-4.37,8.74,-0.0901,1.2484690584872338,1.55867499,1.251716022107251,2.36,-4.37,6.73,0.12090000000000002,2.1259257254193993,4.51956019,2.1293607021826997,4.37,-4.37,8.74,13.990838264028932,5.959980257499509,35.52136466978391,15.207396884411217,33.96551633642569,5.579292069788066,28.38622426663762,3.778539194682355,1.9191932039920376,3.6833025542492233,4.238002005662574,7.187676954343455,0.18110770276274835,7.006569251580706,Severe_Fault,Severe_Fault_027_window_008.csv
0.24430000000000013,4.712297158499239,22.205744510000002,4.718625541405039,19.61,-19.61,39.22,-0.40620000000000006,10.598660649346218,112.33160756,10.606441721897124,19.61,-19.61,39.22,6.926400000000001,6.0891952703128185,37.07829904,9.2224354700914,19.61,-19.61,39.22,0.3363999999999999,3.413626376743653,11.652845039999999,3.430161803763782,4.37,-4.37,8.74,0.05259999999999998,1.6255765869376932,2.64249924,1.6264273731095402,4.37,-4.3,8.67,0.12999999999999998,2.172980441697532,4.721844000000001,2.1768656366436585,4.34,-4.37,8.71,13.792130252915156,5.43989816877325,29.59249208662256,14.826171083594037,33.96551633642569,5.579292069788066,28.38622426663762,3.8822031187254673,2.019534338643008,4.078518944958251,4.3760735825623405,7.218240782905486,0.18110770276274835,7.037133080142738,Severe_Fault,Severe_Fault_027_window_009.csv
1.2302000000000002,4.971342671753779,24.71424796,5.121292805532603,19.61,-11.44,31.049999999999997,0.6093000000000001,11.786662314243165,138.92540851,11.802400391445802,19.61,-19.61,39.22,5.8592,6.062154349734095,36.74971536,8.430892005001606,19.61,-17.15,36.76,0.6595,3.6075397087211667,13.014342749999999,3.6673264103430996,4.37,-4.37,8.74,0.0773,1.6658318372512875,2.7749957100000002,1.667624358181422,4.37,-4.3,8.67,0.09820000000000001,2.38652063892186,5.6954807600000015,2.388540139918105,4.37,-4.37,8.74,14.264753716864117,5.755087870503052,33.121036397211356,15.381945098068709,32.80861319836607,4.531953221294324,28.276659977071745,4.356632515380322,1.7190494832700236,2.955131125930935,4.683521965358976,7.569062029075994,0.5200961449578337,7.04896588411816,Severe_Fault,Severe_Fault_027_window_010.csv
0.8111999999999999,5.146274823598134,26.48414456,5.209816695431807,19.61,-14.13,33.74,1.0315000000000003,11.397811489492181,129.91010674999998,11.444391595886607,19.61,-19.61,39.22,7.2544,5.655293859738856,31.98234864,9.198297016296005,19.61,-19.61,39.22,0.48580000000000007,3.3903448733130377,11.494438359999998,3.4249729925942485,4.37,-4.37,8.74,-0.1411,0.9861266602216979,0.97244579,0.9961701661864805,3.68,-4.37,8.05,0.1473,2.7111694358708016,7.35043971,2.715167950606371,4.37,-4.37,8.74,14.448814525821545,5.827239123153298,33.95671579840841,15.579632762039033,33.96551633642569,4.807088515931447,29.15842782049424,4.029231356286403,1.9647459575014858,3.8602266775184306,4.482737110293219,7.569062029075994,0.19339079605813714,7.375671233017856,Severe_Fault,Severe_Fault_028_window_001.csv
0.5785999999999999,5.204311293533468,27.08485604,5.236376036917135,19.61,-16.55,36.16,1.2532999999999996,10.801920019607625,116.68147610999999,10.87438444234891,19.61,-19.61,39.22,6.460800000000001,6.157529647512873,37.91517136,8.925083080845804,19.61,-19.61,39.22,0.6324,3.4349832954470094,11.799110239999997,3.49271241301084,4.37,-4.37,8.74,-0.044500000000000005,0.885948503018093,0.78490475,0.8870653865414883,4.11,-2.03,6.140000000000001,0.14229999999999998,2.6206208634596497,6.86765371,2.6244814725960635,4.37,-4.37,8.74,14.085124029051533,5.190208096621476,26.938260086235132,15.010961961180238,30.875781771479083,4.807088515931447,26.068693255547636,4.021323792291289,1.924261665562147,3.7027829575520075,4.458007178100996,6.448209053683046,0.23874672772626646,6.209462325956779,Severe_Fault,Severe_Fault_028_window_002.csv
0.9603999999999999,5.6392600436582105,31.80125384,5.720456450319327,19.61,-19.61,39.22,0.5384999999999998,10.715244315926725,114.81646074999999,10.728767077348637,19.61,-19.61,39.22,7.096400000000001,5.684597526650413,32.31464904,9.092499216387097,19.61,-19.57,39.18,0.8445000000000001,3.386678424356231,11.469590750000002,3.4903826437799053,4.37,-4.37,8.74,-0.014000000000000014,1.075369703869325,1.15642,1.0754608314578455,4.11,-4.37,8.48,0.27090000000000003,2.202459123343723,4.85082619,2.2190567816078977,4.37,-4.37,8.74,14.175537874556582,5.436702398238456,29.557732967011773,15.18234524044293,32.62821325172435,7.108431613232275,25.51978163849207,3.832024750685557,1.8918737563942487,3.579186310133285,4.273593335824081,7.569062029075994,0.07071067811865477,7.498351350957339,Severe_Fault,Severe_Fault_028_window_003.csv
0.7372,5.1850535349213125,26.884780160000002,5.2371981058577495,17.78,-19.61,37.39,0.5997000000000002,11.317285050311314,128.08094090999998,11.333162885973183,19.61,-19.61,39.22,6.259599999999999,5.864410613181857,34.39131184,8.577523185628822,19.61,-19.61,39.22,0.42260000000000003,3.53658412030592,12.507427239999997,3.561743674101212,4.37,-4.37,8.74,-0.12869999999999998,1.1947164140497943,1.4273473099999998,1.2016284783575994,2.95,-4.37,7.32,0.12680000000000002,2.2350713098243644,4.99554376,2.238665227317385,4.37,-4.37,8.74,13.96965538941175,5.855890820454163,34.291457301079326,15.147367064939042,32.62821325172435,4.5966183222016594,28.031594929522686,3.960277432293534,1.859503605607296,3.457753659266534,4.375105827291495,7.569062029075994,0.07071067811865477,7.498351350957339,Severe_Fault,Severe_Fault_028_window_004.csv
0.19449999999999995,4.3210055253378234,18.67108875,4.325380792485212,17.78,-11.9,29.68,0.4101000000000002,10.449425868917391,109.19050098999998,10.457470200770356,19.61,-19.61,39.22,6.5851999999999995,5.401026657960503,29.17108896,8.516803860604048,19.61,-19.61,39.22,0.017300000000000027,3.368985264141118,11.35006171,3.369029682267582,4.37,-4.37,8.74,-0.1455,1.0958999726252392,1.20099675,1.1055166213133116,2.95,-4.19,7.140000000000001,-0.0968,2.0933460679018174,4.382097760000001,2.0955829737808047,4.01,-4.37,8.379999999999999,13.012377728529762,5.592993460577493,31.281575850062605,14.16345826413874,30.186430726404208,2.7233802525538002,27.46305047385041,3.6909644528562655,1.8277793651727896,3.3407774077514456,4.1187371851090475,6.51124412074989,0.4029888335921977,6.108255287157692,Severe_Fault,Severe_Fault_028_window_005.csv
0.9440000000000001,3.956903587402655,15.657086,4.0679505896704296,17.52,-13.39,30.91,-0.28769999999999984,9.437548183188259,89.06731571,9.441932376372964,19.61,-19.61,39.22,7.4029,4.865723439530858,23.67526459,8.858791847650558,19.61,-17.15,36.76,0.5105,3.0617963273215936,9.37459675,3.1040629826084394,4.37,-4.37,8.74,-0.016799999999999995,0.9299633111042607,0.8648317599999998,0.9301150466474563,2.24,-3.29,5.53,0.08419999999999998,1.8517527804758387,3.4289883599999995,1.8536660972246324,4.37,-4.37,8.74,12.551284107450513,5.161566550385669,26.641769254060215,13.571164356826575,31.394665151901208,2.7233802525538002,28.67128489934741,3.2223698795221067,1.8848690563401695,3.5527313595486816,3.7331486710282515,6.270358841406129,0.20124611797498107,6.0691127234311475,Severe_Fault,Severe_Fault_028_window_006.csv
0.9541,5.639552658677815,31.804554190000005,5.719690638487365,19.61,-19.61,39.22,0.032899999999999936,11.149712040676206,124.31607858999996,11.14976058038916,19.61,-19.61,39.22,6.291,6.097413468020682,37.178451,8.761000627782193,19.61,-17.15,36.76,0.6218,3.2197277462543323,10.366646760000004,3.279219724263686,4.37,-4.37,8.74,0.043100000000000006,0.9527136978127269,0.9076633899999998,0.9536881041514568,2.91,-3.29,6.2,0.13879999999999992,2.25489125236673,5.08453456,2.2591591356077596,4.37,-4.37,8.74,14.028335630333132,6.082183279277752,36.99295344272586,15.2900998688694,33.96551633642569,6.1107200885002095,27.854796247925478,3.5725021317153316,2.000957650448758,4.003831518889414,4.0947042628253385,6.830951617454189,0.20124611797498107,6.629705499479208,Severe_Fault,Severe_Fault_028_window_007.csv
0.31390000000000007,5.5748662575886065,31.07913379,5.583696535450328,19.61,-19.61,39.22,0.39730000000000004,11.12189416016894,123.69652971,11.128988139089733,19.61,-19.61,39.22,6.494900000000001,5.269713748392792,27.769882990000006,8.36382741333177,19.61,-11.81,31.42,0.28650000000000003,3.2602231135307287,10.629054749999998,3.27278734414566,4.37,-4.37,8.74,0.05330000000000001,0.9132568696703025,0.8340381099999999,0.9148109094233627,2.91,-2.84,5.75,-0.037400000000000044,2.348015170308744,5.513175240000002,2.348313011504216,4.37,-4.37,8.74,13.908821342026156,5.61518849867017,31.530341875597752,14.999521759042853,33.96551633642569,2.0722210306818143,31.893295305743873,3.680181853124555,1.8758602101256678,3.5188515279327146,4.130688804545799,6.830951617454189,0.19672315572906002,6.634228461725129,Severe_Fault,Severe_Fault_028_window_008.csv
0.6283000000000001,4.538521577562455,20.59817811,4.58180521192248,17.6,-17.17,34.77,0.09980000000000015,9.917161285367907,98.35008796000002,9.917663434499076,19.61,-19.61,39.22,7.4436,3.7779797564306774,14.27313104,8.347473390194185,19.61,-8.42,28.03,0.4138,3.1580205129162793,9.97309356,3.1850155415633377,4.37,-4.37,8.74,0.10110000000000002,0.9100031813131205,0.8281057900000001,0.9156019877654263,3.94,-2.19,6.13,0.04019999999999996,2.1178078194208276,4.48510996,2.1181893210947886,4.37,-4.37,8.74,12.946942363944997,4.627092221329324,21.409982424686334,13.748938104450103,32.846068257860026,2.0722210306818143,30.773847227178212,3.503193269858605,1.7880195507928247,3.1970139140173743,3.933112889302823,6.536872340806419,0.19672315572906002,6.340149185077359,Severe_Fault,Severe_Fault_028_window_009.csv
0.7759999999999998,3.89474466428802,15.169036,3.971298528189489,17.6,-17.17,34.77,0.29140000000000016,9.450103070337383,89.30444804000003,9.454594755990339,19.61,-19.61,39.22,8.064799999999998,3.1007107185288993,9.614406960000002,8.640335988837471,19.61,-8.42,28.03,0.5469999999999999,3.2573767052645293,10.610503000000001,3.302985316346411,4.37,-4.37,8.74,0.12079999999999998,0.9003751218242317,0.8106753600000001,0.9084426233945654,3.94,-2.19,6.13,0.16530000000000006,2.1056754047098525,4.43386891,2.1121536402449514,4.37,-4.37,8.74,12.606566186495511,4.5706092575835,20.89046898550799,13.409548090819465,32.846068257860026,5.222662156410272,27.623406101449753,3.6118082168161703,1.7751096881430162,3.1510144049391964,4.024446918521848,6.536872340806419,0.3327160951922825,6.204156245614136,Severe_Fault,Severe_Fault_028_window_010.csv
0.9566,5.043842229887846,25.44034444,5.133753792304419,19.61,-19.61,39.22,0.8538,10.557365559646023,111.45796755999999,10.591833741142278,19.61,-19.61,39.22,7.069399999999998,5.4152971885206815,29.32544364,8.905159178813145,19.61,-19.61,39.22,0.44350000000000006,3.4675652481243953,12.02400875,3.4958119228585516,4.37,-4.37,8.74,-0.028300000000000006,0.9887922481492257,0.97771011,0.9891971492073761,4.37,-2.33,6.7,-0.0492,2.1807144150484263,4.7555153599999995,2.1812693552149858,3.76,-4.37,8.129999999999999,13.58358367937553,5.7732559639602625,33.33048442540274,14.75954707977179,33.96551633642569,5.06951674225463,28.895999594171055,3.880963915685032,1.701548437497651,2.8952670851506976,4.237587521220063,6.580379928241226,0.3327160951922825,6.247663833048943,Severe_Fault,Severe_Fault_028_window_011.csv
1.5850000000000002,4.634657160999074,21.480047000000003,4.898190686365732,19.61,-8.16,27.77,0.1954,9.253139620690915,85.62059284000001,9.255202536951852,19.61,-19.61,39.22,7.8887,4.1477402654939715,17.203749310000003,8.912650391438003,19.61,-5.93,25.54,0.33340000000000003,3.437271365487456,11.81483444,3.453402669831597,4.37,-4.37,8.74,-0.0784,1.1021231510135334,1.21467544,1.1049081409782444,4.14,-2.92,7.06,0.09649999999999993,2.339055525206702,5.471180749999999,2.3410452793570653,4.37,-4.37,8.74,12.564509036496464,5.58744088754402,31.2194956717987,13.750868445301919,33.96551633642569,2.39716499223562,31.568351344190066,3.883041694655359,1.8839565275154408,3.549292197568038,4.315936167275878,7.260158400475847,0.17233687939614087,7.0878215210797055,Severe_Fault,Severe_Fault_029_window_001.csv
0.5767,4.101457559209896,16.82195411,4.141803592639323,19.34,-17.96,37.3,-0.31549999999999995,8.165255583874885,66.67139875,8.17134866469422,19.61,-19.61,39.22,7.294999999999999,4.461653393081987,19.906351,8.551220731568096,19.61,-19.61,39.22,0.1636,3.4401850299075485,11.83487304,3.444072879600547,4.37,-4.37,8.74,-0.0015000000000000013,0.8316530226001707,0.69164675,0.8316543753266737,3.03,-2.24,5.27,-0.0472,2.2598035666845027,5.10671216,2.2602964407351527,4.37,-4.37,8.74,11.626593330570486,4.676663289732749,21.87117952553394,12.531913341545257,30.135703077910758,1.6713467623446667,28.464356315566093,3.7467264916706053,1.903750928197719,3.624267596613677,4.202645238418299,6.882928155952233,0.17233687939614087,6.710591276556092,Severe_Fault,Severe_Fault_029_window_002.csv
0.47550000000000003,4.727941491812267,22.35343075,4.751792398663898,15.43,-19.61,35.04,-0.28009999999999985,9.148865338936846,83.70173698999999,9.153152080021396,19.61,-19.61,39.22,6.934,4.572611945048475,20.90878,8.305969901221651,17.23,-19.61,36.84,0.43750000000000006,3.3403743427945316,11.15810075,3.368902937159217,4.37,-4.37,8.74,-0.024500000000000008,0.7726841204528536,0.59704075,0.7730724416249748,2.94,-2.24,5.18,0.06470000000000002,2.289673974608612,5.242606909999999,2.290587915798038,4.37,-4.37,8.74,12.213486806707976,5.1166004360678965,26.17960002237019,13.24193565910966,29.260857813809906,1.6713467623446667,27.58951105146524,3.7116686851045704,1.8486364088197837,3.417456572014107,4.146557729008485,6.843785502191021,0.4482186966202994,6.395566805570722,Severe_Fault,Severe_Fault_029_window_003.csv
1.0706999999999998,4.723615194953966,22.312540509999998,4.843442887038104,19.61,-19.61,39.22,-0.08010000000000009,9.857234043584437,97.16506299000001,9.857559484984101,19.61,-19.61,39.22,7.819100000000001,4.493743004445181,20.193726190000003,9.018428410759826,19.61,-8.14,27.75,0.36630000000000007,3.061051667319583,9.37003731,3.0828903645767234,4.37,-4.37,8.74,-0.0424,0.6622690087872147,0.43860024,0.6636248940478349,2.4,-1.86,4.26,0.1678999999999999,2.12515236865501,4.51627259,2.131774612851931,4.37,-4.37,8.74,13.071627900039125,5.5762902581302844,31.09501304291872,14.211350006245008,33.96551633642569,4.37693957006491,29.588576766360777,3.294729254850946,1.9062615605496875,3.6338331372293298,3.806451628485511,6.420194701097468,0.1445683229480096,6.275626378149458,Severe_Fault,Severe_Fault_029_window_004.csv
1.0489000000000002,3.934314144803386,15.478827789999999,4.071734151439654,19.61,-12.57,32.18,-0.06480000000000002,8.445910309729793,71.33340096,8.446158890288531,19.61,-19.61,39.22,8.552499999999998,4.00405453883935,16.032452749999997,9.443394993327347,19.61,-8.14,27.75,0.2991,2.8492062385864596,8.117976190000002,2.8648624748842657,4.37,-4.37,8.74,0.029400000000000003,0.8264536526629911,0.68302564,0.8269764204619138,4.37,-2.59,6.96,-0.002699999999999979,1.6733420779983992,2.8000737100000004,1.6733442562724503,4.37,-4.37,8.74,12.376163436932474,4.891309291215974,23.924906582335712,13.307679286787762,33.96551633642569,5.312927629847785,28.6525887065779,2.8662559092920907,1.86439938383603,3.475985062448168,3.4192700975500605,6.2807802063119516,0.1445683229480096,6.136211883363942,Severe_Fault,Severe_Fault_029_window_005.csv
0.11749999999999992,4.414920242767699,19.49152075,4.416483555952632,14.62,-19.61,34.23,0.25629999999999986,7.100292903113223,50.41415931,7.10491724089732,19.61,-13.63,33.24,8.6076,3.0095976873994306,9.05767824,9.118577520644326,19.61,-2.11,21.72,0.20119999999999996,2.6685780033568443,7.121308560000001,2.6761520883537244,4.37,-4.37,8.74,-0.0025000000000000126,0.779392551927461,0.60745275,0.7793965614499463,4.37,-2.59,6.96,-0.048999999999999995,1.44313443587214,2.082637,1.4439660660832718,4.37,-4.37,8.74,11.624572214151215,4.242988668142254,18.002952837983578,12.374717451319848,31.207055292032923,4.7724521998653895,26.434603092167535,2.559460692271422,1.8175389857489972,3.3034479647174932,3.1391538668883374,6.209170637049686,0.03605551275463989,6.173115124295046,Severe_Fault,Severe_Fault_029_window_006.csv
-0.3851,5.028199179626837,25.282786989999995,5.042924647464009,14.62,-19.61,34.23,-0.11059999999999988,8.146331299425526,66.36271364,8.147082054330863,19.61,-19.61,39.22,7.8351999999999995,4.393152963419325,19.299792959999998,8.982769728764064,19.61,-19.61,39.22,0.22360000000000002,2.787115899994114,7.768015039999999,2.79607081455388,4.37,-4.37,8.74,-0.06030000000000001,0.5736086732259197,0.32902690999999995,0.5767694513408282,1.8,-2.19,3.99,1.6653345369377347e-17,1.8688178081343296,3.4924800000000005,1.8688178081343296,4.37,-4.37,8.74,12.275460378835737,4.670038488881432,21.809259487633966,13.133780377332338,31.207055292032923,4.309767975193096,26.897287316839826,2.7879427358622872,1.9673663363879914,3.8705303015527077,3.4122067639578937,6.436909196190358,0.03605551275463989,6.400853683435718,Severe_Fault,Severe_Fault_029_window_007.csv
0.03199999999999999,6.2350685641779435,38.87608,6.235150679815203,19.61,-19.61,39.22,-0.7613000000000002,9.84440507648888,96.91231131,9.873798104073225,19.61,-19.61,39.22,6.9889,6.206884386711259,38.52541379,9.347199420147193,19.61,-19.61,39.22,0.2593,3.2501317680980257,10.563356509999998,3.2604590167643575,4.37,-4.37,8.74,-0.07759999999999999,0.8307106836919819,0.6900802399999999,0.8343272739159376,1.87,-4.37,6.24,0.03639999999999998,2.1311731604916577,4.5418990400000006,2.1314839900876574,4.37,-4.37,8.74,13.817042036510403,5.729614241928033,32.82847936130455,14.95791195321058,33.96551633642569,4.309767975193096,29.65574836123259,3.4527925284040912,1.9869933960123989,3.9481427557968862,3.9837066910102705,6.793099439872789,0.1835755975068582,6.60952384236593,Severe_Fault,Severe_Fault_029_window_008.csv
0.7837,5.69699844742826,32.45579131,5.750650137158407,19.61,-19.61,39.22,-0.4420000000000001,9.608489995831812,92.32308,9.618650840944378,19.61,-19.61,39.22,7.958099999999999,5.794243815201428,33.57326139,9.844014272643046,19.61,-16.89,36.5,0.08909999999999998,3.243491666399037,10.52023819,3.244715241743103,4.37,-4.37,8.74,-0.16589999999999996,0.857709851872998,0.7356661900000002,0.8736068909984627,2.31,-4.37,6.68,-0.03470000000000001,2.139114982884277,4.57581291,2.139396410205458,4.37,-4.37,8.74,13.715031757092918,5.8643790721552795,34.39094190193282,14.916200521580555,33.96551633642569,2.7429910681589904,31.222525268266697,3.440683615369668,2.007505730733218,4.030079258926712,3.983513901067749,6.793099439872789,0.099498743710662,6.693600696162127,Severe_Fault,Severe_Fault_029_window_009.csv
0.9768000000000001,3.5460298588703396,12.57432776,3.6781063062396657,19.61,-9.24,28.85,-0.39399999999999985,8.709541434541775,75.856112,8.718448715224516,19.61,-19.61,39.22,8.4395,4.156605195348723,17.277366749999995,9.407578168689325,19.61,-5.96,25.57,0.3436,3.020834825011126,9.12544304,3.0403131417668146,4.37,-4.37,8.74,-0.111,0.7670638826069182,0.588387,0.7750535465372699,2.31,-2.51,4.82,0.08820000000000001,2.250706724564531,5.06568076,2.2524342387736875,4.37,-4.37,8.74,12.384536292292232,4.966447606176524,24.66560182489652,13.343250765836638,33.96551633642569,2.7429910681589904,31.222525268266697,3.268120032552905,2.0584128480036257,4.237063452826398,3.8623402232325414,6.6703748020632245,0.099498743710662,6.570876058352563,Severe_Fault,Severe_Fault_029_window_010.csv
0.6079999999999999,3.8003115661745417,14.442367999999998,3.848640279371404,19.08,-19.61,38.69,-0.5179,7.360803528827542,54.18142859,7.3790005420788525,19.61,-19.61,39.22,8.484,3.4008892954637613,11.566047999999999,9.140257326793376,14.88,-6.67,21.55,0.27290000000000003,2.472419177647674,6.11285659,2.4874346222564325,4.37,-4.37,8.74,0.0742,0.859476794334786,0.73870036,0.8626737506149124,4.37,-1.84,6.21,0.05299999999999999,1.6363871791235716,2.677763,1.6372452473591121,4.37,-4.37,8.74,11.725374342329934,3.914279184247203,15.321581532230947,12.361471797484311,27.865796238399504,5.40397076231913,22.461825476080374,2.1350321337777696,2.248054000182456,5.053746787736342,3.100340142629515,7.569062029075994,0.03,7.5390620290759935,Severe_Fault,Severe_Fault_030_window_001.csv
0.7331,2.987637426127876,8.92597739,3.076266080819408,19.61,-5.98,25.59,-0.9362999999999999,6.424043688363272,41.26833731,6.4919176673768755,19.61,-18.61,38.22,9.208,3.112035346842962,9.684763999999996,9.719672216695376,19.61,-6.14,25.75,0.22729999999999997,2.2508091234042924,5.06614171,2.262257058780014,4.37,-4.37,8.74,0.0417,0.5501091800724652,0.30262011,0.5516874114931389,3.92,-1.37,5.29,-0.0565,1.6165360342411177,2.61318875,1.6175231064810172,4.37,-4.37,8.74,11.473929454481056,3.7986022262922017,14.42937887359207,12.086373980644485,28.592757824316283,4.9950875868196745,23.597670237496608,1.887207264852576,2.1158912399950194,4.476995739487661,2.8352331473795944,7.318483449458638,0.03,7.288483449458638,Severe_Fault,Severe_Fault_030_window_002.csv
0.8712000000000002,3.997179075297978,15.97744056,4.091018210665897,19.61,-16.46,36.07,-0.12769999999999995,9.559339292545275,91.38096771000001,9.560192205180815,19.61,-19.61,39.22,7.850800000000001,4.472572342623426,20.00390336,9.035428268765127,19.61,-6.14,25.75,0.4946,3.220160995975202,10.369436840000002,3.257923571847565,4.37,-4.37,8.74,0.13699999999999998,0.7368629451940164,0.542967,0.7494904936021538,3.92,-1.37,5.29,0.0395,2.3248132720715446,5.404756750000002,2.325148812441905,4.37,-4.37,8.74,12.9131891892632,4.798146930044558,23.022213962296014,13.775800121952988,28.592757824316283,2.6658769664033635,25.92688085791292,3.6119268976718466,1.8804528938196308,3.536103085874623,4.072114806829493,7.318483449458638,0.147648230602334,7.170835218856304,Severe_Fault,Severe_Fault_030_window_003.csv
0.5291,4.674781726455258,21.853584190000007,4.704628678227433,19.61,-16.46,36.07,1.0070000000000001,9.051373984097664,81.92737100000001,9.107218016496585,19.61,-19.61,39.22,7.9571000000000005,5.1781082057060175,26.812804589999995,9.493589679357331,19.61,-19.61,39.22,0.5439,3.043612292983454,9.263575789999999,3.091828423441379,4.37,-4.37,8.74,0.09070000000000002,0.6406422636698268,0.4104225099999999,0.647030911162674,2.15,-2.1,4.25,0.15390000000000004,2.1747164849699376,4.72939179,2.1801552696998443,4.37,-4.37,8.74,12.87756243062528,5.419555502561842,29.371581845348338,13.971513733307498,33.96551633642569,2.6658769664033635,31.299639370022323,3.321516255755703,1.923189736544633,3.698658762750615,3.8381152926924957,6.527158646762005,0.21656407827707713,6.310594568484928,Severe_Fault,Severe_Fault_030_window_004.csv
0.8136999999999999,4.8300003426500915,23.328903309999998,4.89806196367502,19.61,-14.83,34.44,1.2096,7.497638817654528,56.21458783999999,7.59458491294949,19.61,-19.61,39.22,8.909799999999999,5.41822738171812,29.357187959999997,10.427929995929201,19.61,-19.61,39.22,0.3757999999999999,2.556833267931251,6.53739636,2.584303000810857,4.37,-4.37,8.74,0.019400000000000004,0.648402375072763,0.42042564000000004,0.6486925311732824,3.81,-2.1,5.91,0.13179999999999997,1.8238033775602016,3.3262587599999995,1.8285595423720826,4.37,-4.37,8.74,12.754843842659511,5.265397757944858,27.724413549370738,13.798929487463875,33.96551633642569,2.6685201891685213,31.296996147257165,2.5209947081974136,2.0217912061438588,4.087639681240638,3.2315714443595396,7.260158400475847,0.08831760866327848,7.171840791812568,Severe_Fault,Severe_Fault_030_window_005.csv
0.48429999999999984,4.699967288184036,22.08969251,4.724853331056955,19.61,-19.61,39.22,0.36630000000000007,6.657415963420042,44.321187310000006,6.667485508045743,19.61,-19.61,39.22,9.3022,3.913443644668976,15.31504116,10.091876237845963,19.61,-19.61,39.22,0.1851,2.200252028745798,4.84110899,2.2080242299395176,4.37,-4.37,8.74,0.09149999999999998,0.6847632802655236,0.46890075000000003,0.6908494770932377,4.37,-1.6,5.970000000000001,0.0003999999999999959,1.626898841354311,2.64679984,1.6268988905276198,4.37,-4.37,8.74,12.243720927959771,4.326299323699177,18.716865838239958,12.985590783633988,27.733854762726367,7.097407977564767,20.6364467851616,2.1273928517722642,1.8637713524540167,3.4736436542282743,2.8283288351957943,7.569062029075994,0.08831760866327848,7.480744420412715,Severe_Fault,Severe_Fault_030_window_006.csv
-0.1405999999999999,5.454184599002861,29.748129640000002,5.455996517594197,19.61,-19.61,39.22,0.0020000000000001705,8.300241080836146,68.89400199999999,8.300241321793,19.61,-19.61,39.22,8.8713,3.5194316742906095,12.386399310000002,9.543917591848746,19.61,-12.58,32.19,0.0882,2.3943309629205403,5.732820760000001,2.395954924450792,4.37,-4.37,8.74,0.1522,0.7700137401371485,0.5929211600000002,0.7849114599749452,4.37,-0.97,5.34,0.1285,1.5779736214525262,2.49000075,1.5831970818568357,4.37,-4.37,8.74,12.84501232095534,4.975331694923017,24.753925474505536,13.774914409897434,27.733854762726367,3.658770285218792,24.075084477507573,2.2983406639778146,1.8923079010314408,3.580829192306017,2.9771125272653034,7.569062029075994,0.11224972160321825,7.4568123074727755,Severe_Fault,Severe_Fault_030_window_007.csv
-0.3771,6.620576001376316,43.832026590000005,6.631306884770151,19.61,-19.61,39.22,-0.7658,10.021196852671839,100.42438635999996,10.0504147178114,19.61,-19.61,39.22,7.8877,6.351251349930973,40.33839371,10.12690500597295,19.61,-19.61,39.22,0.12259999999999999,2.8508464076480866,8.12732524,2.8534813824519687,4.37,-4.37,8.74,0.07930000000000001,0.9363912163193331,0.87682851,0.9397430499876017,4.37,-2.11,6.48,0.31660000000000005,1.9140069069885826,3.6634224400000006,1.9400149483960172,4.37,-4.37,8.74,14.496880481491676,6.1138963276576535,37.379728305345736,15.733380819137379,33.96551633642569,3.658770285218792,30.306746051206893,2.892160661578758,2.1034585110280446,4.424537707616319,3.576189452475917,7.569062029075994,0.11224972160321825,7.4568123074727755,Severe_Fault,Severe_Fault_030_window_008.csv
0.4304000000000001,7.185930269631064,51.63759383999998,7.198808095789191,19.61,-19.61,39.22,-0.4077000000000001,9.3486073674104,87.39645971,9.357493200638727,19.61,-19.61,39.22,8.4487,6.166997268525421,38.03185531,10.46003761943522,19.61,-19.61,39.22,0.11689999999999999,2.8561196386005965,8.157419390000003,2.85851097601531,4.37,-4.37,8.74,0.0548,0.8200993598339167,0.6725629599999999,0.8219282207103003,4.37,-2.11,6.48,0.033400000000000006,2.2226251235869716,4.940062440000001,2.2228760649212993,4.37,-4.37,8.74,14.304014495063718,6.64778709985564,44.19307332500707,15.773328881374406,33.96551633642569,3.066936582324453,30.898579754101235,3.220157493548894,1.8488955397049625,3.4184147167409047,3.713196601312675,7.569062029075994,0.1655294535724685,7.403532575503525,Severe_Fault,Severe_Fault_030_window_009.csv
0.3834,5.958157805899404,35.499644440000004,5.9704807176641985,19.61,-19.61,39.22,0.8387999999999998,6.824902091605418,46.579288560000016,6.87625435829711,19.61,-19.52,39.129999999999995,8.6399,3.892722567818056,15.15328899,9.47634745036293,19.61,-7.64,27.25,0.11239999999999994,2.227924648636035,4.96364824,2.230758167081318,4.37,-4.37,8.74,0.1007,0.4914310836729805,0.24150450999999998,0.5016423028413772,1.89,-0.95,2.84,-0.08180000000000001,1.9460377077538862,3.7870627599999995,1.9477561449011014,4.37,-4.37,8.74,12.068062060550275,5.20505073008006,27.092553102706965,13.142704249887084,33.96551633642569,3.066936582324453,30.898579754101235,2.6269494697323643,1.456302675776177,2.1208174834728526,3.003611326386954,6.206343529003209,0.13379088160259653,6.072552647400612,Severe_Fault,Severe_Fault_030_window_010.csv
